split_regime_id,train_size,val_size,test_size,dataset_id,scenario_id,model_id,protocol,metric,oracle_labels,claim_scope,operational_ranking_eligible,robustness_auc_mean,robustness_auc_std,robustness_auc_ci_lower,robustness_auc_ci_upper,robustness_avg_metric_mean,robustness_avg_metric_std,robustness_avg_metric_ci_lower,robustness_avg_metric_ci_upper,n_splits,min_training_seeds_per_split,min_graph_seeds_per_split,ci_method
train40_val20_test40,0.4,0.2,0.4,yelpchi,camouflage_feature_oracle,mlp,train_clean_eval_all,average_precision,True,oracle_shift_sensitivity_diagnostic,False,0.109304507998647,0.001613635002287999,0.10771016703024443,0.11093676864442596,0.36434835999549,0.005378783340960039,0.3590338901008147,0.3697892288147533,3,5,2,split_bootstrap_over_split_means
train40_val20_test40,0.4,0.2,0.4,yelpchi,camouflage_feature_oracle,mlp,train_clean_eval_all,f1_macro,True,oracle_shift_sensitivity_diagnostic,False,0.19019166859441705,0.001175061340716684,0.18923151214920209,0.1915020141564888,0.6339722286480569,0.00391687113572229,0.630771707164007,0.638340047188296,3,5,2,split_bootstrap_over_split_means
train40_val20_test40,0.4,0.2,0.4,yelpchi,camouflage_feature_oracle,mlp,train_clean_eval_all,roc_auc,True,oracle_shift_sensitivity_diagnostic,False,0.22218673804496084,0.0014379716589415662,0.22118985408407657,0.22383514927208656,0.7406224601498698,0.0047932388631384895,0.7372995136135888,0.7461171642402885,3,5,2,split_bootstrap_over_split_means
train40_val20_test40,0.4,0.2,0.4,yelpchi,camouflage_feature_oracle,mlp,train_on_variant,average_precision,True,oracle_privileged_training_diagnostic,False,0.10840267597190846,0.0016668873229174334,0.10670874359230224,0.11004113326544811,0.361342253239695,0.005556291076391412,0.3556958119743409,0.3668037775514937,3,5,2,split_bootstrap_over_split_means
train40_val20_test40,0.4,0.2,0.4,yelpchi,camouflage_feature_oracle,mlp,train_on_variant,f1_macro,True,oracle_privileged_training_diagnostic,False,0.18990616391743145,0.0013076586202298267,0.18884604994273782,0.19136739749251866,0.6330205463914381,0.00435886206743283,0.6294868331424595,0.6378913249750623,3,5,2,split_bootstrap_over_split_means
train40_val20_test40,0.4,0.2,0.4,yelpchi,camouflage_feature_oracle,mlp,train_on_variant,roc_auc,True,oracle_privileged_training_diagnostic,False,0.22151561718125926,0.0015136894964288582,0.22054684641663722,0.22325991061410785,0.7383853906041976,0.005045631654762823,0.7351561547221243,0.7441997020470262,3,5,2,split_bootstrap_over_split_means
train40_val20_test40,0.4,0.2,0.4,yelpchi,camouflage_feature_oracle,pmp,train_clean_eval_all,average_precision,True,oracle_shift_sensitivity_diagnostic,False,0.14907084650213787,0.001091142027821334,0.14785850743817397,0.1499741126856802,0.496902821673793,0.003637140092737754,0.49286169146058006,0.4999137089522674,3,5,2,split_bootstrap_over_split_means
train40_val20_test40,0.4,0.2,0.4,yelpchi,camouflage_feature_oracle,pmp,train_clean_eval_all,f1_macro,True,oracle_shift_sensitivity_diagnostic,False,0.20750319882590076,0.00013406798733618653,0.20737593325495332,0.2076431652937627,0.6916773294196692,0.0004468932911205094,0.6912531108498446,0.6921438843125424,3,5,2,split_bootstrap_over_split_means
train40_val20_test40,0.4,0.2,0.4,yelpchi,camouflage_feature_oracle,pmp,train_clean_eval_all,roc_auc,True,oracle_shift_sensitivity_diagnostic,False,0.24047324985498705,0.0005901352540145113,0.24002486698970307,0.24114182200573073,0.8015774995166235,0.0019671175133816345,0.8000828899656772,0.8038060733524356,3,5,2,split_bootstrap_over_split_means
train40_val20_test40,0.4,0.2,0.4,yelpchi,camouflage_feature_oracle,pmp,train_on_variant,average_precision,True,oracle_privileged_training_diagnostic,False,0.14766441253690668,0.001560339183018652,0.1460196504606548,0.14912376033276492,0.4922147084563557,0.005201130610062223,0.4867321682021826,0.4970792011092165,3,5,2,split_bootstrap_over_split_means
train40_val20_test40,0.4,0.2,0.4,yelpchi,camouflage_feature_oracle,pmp,train_on_variant,f1_macro,True,oracle_privileged_training_diagnostic,False,0.2073492540252598,0.0006232183730066573,0.2066655995616399,0.20788566689691126,0.6911641800841993,0.0020773945766888453,0.6888853318721332,0.6929522229897044,3,5,2,split_bootstrap_over_split_means
train40_val20_test40,0.4,0.2,0.4,yelpchi,camouflage_feature_oracle,pmp,train_on_variant,roc_auc,True,oracle_privileged_training_diagnostic,False,0.2405040238348087,0.0006469502167008616,0.23975969922227525,0.2409312337229658,0.8016800794493624,0.002156500722336158,0.7991989974075843,0.8031041124098861,3,5,2,split_bootstrap_over_split_means
train40_val20_test40,0.4,0.2,0.4,yelpchi,camouflage_feature_oracle,sage,train_clean_eval_all,average_precision,True,oracle_shift_sensitivity_diagnostic,False,0.10745571232989232,0.006988515881076887,0.1033089880458552,0.11552431112313628,0.35818570776630776,0.02329505293692295,0.34436329348618405,0.385081037077121,3,5,2,split_bootstrap_over_split_means
train40_val20_test40,0.4,0.2,0.4,yelpchi,camouflage_feature_oracle,sage,train_clean_eval_all,f1_macro,True,oracle_shift_sensitivity_diagnostic,False,0.1889266353556339,0.004978114762391501,0.1859885516497232,0.19467438901126263,0.6297554511854462,0.016593715874638284,0.6199618388324106,0.648914630037542,3,5,2,split_bootstrap_over_split_means
train40_val20_test40,0.4,0.2,0.4,yelpchi,camouflage_feature_oracle,sage,train_clean_eval_all,roc_auc,True,oracle_shift_sensitivity_diagnostic,False,0.2179486573846642,0.006517724013775473,0.2135057753518231,0.22543092777975113,0.7264955246155473,0.021725746712584985,0.7116859178394103,0.7514364259325038,3,5,2,split_bootstrap_over_split_means
train40_val20_test40,0.4,0.2,0.4,yelpchi,camouflage_feature_oracle,sage,train_on_variant,average_precision,True,oracle_privileged_training_diagnostic,False,0.10499090982998271,0.00469928780671722,0.10130948011955439,0.11028395901949055,0.34996969943327566,0.01566429268905736,0.33769826706518136,0.3676131967316351,3,5,2,split_bootstrap_over_split_means
train40_val20_test40,0.4,0.2,0.4,yelpchi,camouflage_feature_oracle,sage,train_on_variant,f1_macro,True,oracle_privileged_training_diagnostic,False,0.1875623369431871,0.0033787275480306202,0.18520364188557314,0.19143300720676812,0.6252077898106236,0.01126242516010217,0.6173454729519104,0.6381100240225606,3,5,2,split_bootstrap_over_split_means
train40_val20_test40,0.4,0.2,0.4,yelpchi,camouflage_feature_oracle,sage,train_on_variant,roc_auc,True,oracle_privileged_training_diagnostic,False,0.21586399383323474,0.004607714093986056,0.21197571249629368,0.22095328638285738,0.7195466461107826,0.015359046979953448,0.7065857083209789,0.7365109546095244,3,5,2,split_bootstrap_over_split_means
train40_val20_test40,0.4,0.2,0.4,yelpchi,camouflage_feature_oracle,secgfd,train_clean_eval_all,average_precision,True,oracle_shift_sensitivity_diagnostic,False,0.1217148553484429,0.00038626581586821213,0.12137518547286992,0.1221350291809891,0.4057161844948097,0.0012875527195607005,0.4045839515762332,0.4071167639366304,3,5,2,split_bootstrap_over_split_means
train40_val20_test40,0.4,0.2,0.4,yelpchi,camouflage_feature_oracle,secgfd,train_clean_eval_all,f1_macro,True,oracle_shift_sensitivity_diagnostic,False,0.1960647125600886,0.0007441449124748513,0.1955638674414147,0.19691979806362467,0.6535490418669618,0.0024804830415829015,0.6518795581380489,0.656399326878749,3,5,2,split_bootstrap_over_split_means
train40_val20_test40,0.4,0.2,0.4,yelpchi,camouflage_feature_oracle,secgfd,train_clean_eval_all,roc_auc,True,oracle_shift_sensitivity_diagnostic,False,0.22721667634848686,0.000747242417600952,0.2265909308586557,0.2280440422100999,0.7573889211616228,0.0024908080586698456,0.7553031028621856,0.7601468073669997,3,5,2,split_bootstrap_over_split_means
train40_val20_test40,0.4,0.2,0.4,yelpchi,camouflage_feature_oracle,secgfd,train_on_variant,average_precision,True,oracle_privileged_training_diagnostic,False,0.12145535122017626,0.0015820854157438747,0.11975199865088182,0.12287881136365301,0.40485117073392085,0.0052736180524795345,0.3991733288362728,0.4095960378788434,3,5,2,split_bootstrap_over_split_means
train40_val20_test40,0.4,0.2,0.4,yelpchi,camouflage_feature_oracle,secgfd,train_on_variant,f1_macro,True,oracle_privileged_training_diagnostic,False,0.19606231120565407,0.001399974050550955,0.1948816934323555,0.19760893259208814,0.6535410373521802,0.004666580168503164,0.6496056447745183,0.6586964419736272,3,5,2,split_bootstrap_over_split_means
train40_val20_test40,0.4,0.2,0.4,yelpchi,camouflage_feature_oracle,secgfd,train_on_variant,roc_auc,True,oracle_privileged_training_diagnostic,False,0.22751231612441805,0.00187525305605551,0.22564890486180142,0.22939919078475243,0.7583743870813935,0.00625084352018519,0.7521630162060045,0.7646639692825082,3,5,2,split_bootstrap_over_split_means
train40_val20_test40,0.4,0.2,0.4,yelpchi,camouflage_relation_oracle,mlp,train_clean_eval_all,average_precision,True,oracle_shift_sensitivity_diagnostic,False,0.12180549868178663,0.0017121537872984297,0.1199783797975608,0.12337304438410641,0.4060183289392887,0.005707179290994806,0.39992793265853593,0.41124348128035476,3,5,2,split_bootstrap_over_split_means
train40_val20_test40,0.4,0.2,0.4,yelpchi,camouflage_relation_oracle,mlp,train_clean_eval_all,f1_macro,True,oracle_shift_sensitivity_diagnostic,False,0.19614978477138645,0.0012180005686728914,0.1950877531944566,0.19747929419319507,0.6538326159046215,0.0040600018955763,0.6502925106481886,0.6582643139773169,3,5,2,split_bootstrap_over_split_means
train40_val20_test40,0.4,0.2,0.4,yelpchi,camouflage_relation_oracle,mlp,train_clean_eval_all,roc_auc,True,oracle_shift_sensitivity_diagnostic,False,0.2347115860088631,0.0013322178954308034,0.23392294268387862,0.2362497327455578,0.7823719533628771,0.004440726318102633,0.7797431422795956,0.7874991091518592,3,5,2,split_bootstrap_over_split_means
train40_val20_test40,0.4,0.2,0.4,yelpchi,camouflage_relation_oracle,mlp,train_on_variant,average_precision,True,oracle_privileged_training_diagnostic,False,0.12180549868178663,0.0017121537872984297,0.1199783797975608,0.12337304438410641,0.4060183289392887,0.005707179290994806,0.39992793265853593,0.41124348128035476,3,5,2,split_bootstrap_over_split_means
train40_val20_test40,0.4,0.2,0.4,yelpchi,camouflage_relation_oracle,mlp,train_on_variant,f1_macro,True,oracle_privileged_training_diagnostic,False,0.19614978477138645,0.0012180005686728914,0.1950877531944566,0.19747929419319507,0.6538326159046215,0.0040600018955763,0.6502925106481886,0.6582643139773169,3,5,2,split_bootstrap_over_split_means
train40_val20_test40,0.4,0.2,0.4,yelpchi,camouflage_relation_oracle,mlp,train_on_variant,roc_auc,True,oracle_privileged_training_diagnostic,False,0.2347115860088631,0.0013322178954308034,0.23392294268387862,0.2362497327455578,0.7823719533628771,0.004440726318102633,0.7797431422795956,0.7874991091518592,3,5,2,split_bootstrap_over_split_means
train40_val20_test40,0.4,0.2,0.4,yelpchi,camouflage_relation_oracle,pmp,train_clean_eval_all,average_precision,True,oracle_shift_sensitivity_diagnostic,False,0.16451690780313813,0.0010357121733649563,0.16333504473233976,0.1652662674530518,0.5483896926771272,0.0034523739112164945,0.5444501491077993,0.5508875581768394,3,5,2,split_bootstrap_over_split_means
train40_val20_test40,0.4,0.2,0.4,yelpchi,camouflage_relation_oracle,pmp,train_clean_eval_all,f1_macro,True,oracle_shift_sensitivity_diagnostic,False,0.21427354920457964,0.0002760296777295177,0.21410128198776768,0.21459192274817415,0.7142451640152655,0.0009200989257649607,0.7136709399592256,0.7153064091605804,3,5,2,split_bootstrap_over_split_means
train40_val20_test40,0.4,0.2,0.4,yelpchi,camouflage_relation_oracle,pmp,train_clean_eval_all,roc_auc,True,oracle_shift_sensitivity_diagnostic,False,0.2526956737222475,0.0003167466198916387,0.25240558900378024,0.2530336320302687,0.8423189124074916,0.0010558220663054033,0.8413519633459341,0.8434454401008956,3,5,2,split_bootstrap_over_split_means
train40_val20_test40,0.4,0.2,0.4,yelpchi,camouflage_relation_oracle,pmp,train_on_variant,average_precision,True,oracle_privileged_training_diagnostic,False,0.1648093832846531,0.001577092213442247,0.1635062894694982,0.1665626015276927,0.5493646109488438,0.0052569740448075,0.5450209648983273,0.5552086717589757,3,5,2,split_bootstrap_over_split_means
train40_val20_test40,0.4,0.2,0.4,yelpchi,camouflage_relation_oracle,pmp,train_on_variant,f1_macro,True,oracle_privileged_training_diagnostic,False,0.2148104910843005,0.0002485316803074067,0.21461199600582134,0.21508923172641894,0.7160349702810018,0.0008284389343579941,0.7153733200194047,0.7169641057547299,3,5,2,split_bootstrap_over_split_means
train40_val20_test40,0.4,0.2,0.4,yelpchi,camouflage_relation_oracle,pmp,train_on_variant,roc_auc,True,oracle_privileged_training_diagnostic,False,0.25288449118898787,0.0001663624541130466,0.2527524714247358,0.2530713503678584,0.8429483039632929,0.0005545415137101113,0.8425082380824526,0.8435711678928612,3,5,2,split_bootstrap_over_split_means
train40_val20_test40,0.4,0.2,0.4,yelpchi,camouflage_relation_oracle,sage,train_clean_eval_all,average_precision,True,oracle_shift_sensitivity_diagnostic,False,0.1186754576307878,0.007781637523672563,0.11372496071372307,0.12764480477623802,0.39558485876929256,0.02593879174557523,0.37908320237907683,0.42548268258746,3,5,2,split_bootstrap_over_split_means
train40_val20_test40,0.4,0.2,0.4,yelpchi,camouflage_relation_oracle,sage,train_clean_eval_all,f1_macro,True,oracle_shift_sensitivity_diagnostic,False,0.19443493809136683,0.005448217282653321,0.1910145540782248,0.2007177443896734,0.6481164603045562,0.018160724275511065,0.6367151802607491,0.669059147965578,3,5,2,split_bootstrap_over_split_means
train40_val20_test40,0.4,0.2,0.4,yelpchi,camouflage_relation_oracle,sage,train_clean_eval_all,roc_auc,True,oracle_shift_sensitivity_diagnostic,False,0.22911589333465512,0.006902642277229479,0.22476261338543635,0.2370746770008544,0.7637196444488504,0.02300880759076497,0.7492087112847878,0.7902489233361815,3,5,2,split_bootstrap_over_split_means
train40_val20_test40,0.4,0.2,0.4,yelpchi,camouflage_relation_oracle,sage,train_on_variant,average_precision,True,oracle_privileged_training_diagnostic,False,0.11540754443079111,0.0013362274672103875,0.11409567959130167,0.11676686993147349,0.38469181476930375,0.004454091557368008,0.38031893197100547,0.38922289977157837,3,5,2,split_bootstrap_over_split_means
train40_val20_test40,0.4,0.2,0.4,yelpchi,camouflage_relation_oracle,sage,train_on_variant,f1_macro,True,oracle_privileged_training_diagnostic,False,0.19260163290293253,0.0016246015367842636,0.19127246427601116,0.19441265222293644,0.6420054430097751,0.005415338455947554,0.6375748809200372,0.6480421740764548,3,5,2,split_bootstrap_over_split_means
train40_val20_test40,0.4,0.2,0.4,yelpchi,camouflage_relation_oracle,sage,train_on_variant,roc_auc,True,oracle_privileged_training_diagnostic,False,0.22650829710114206,0.001596978776501519,0.22522305330863857,0.22829610566688033,0.7550276570038069,0.005323262588338464,0.7507435110287952,0.7609870188896014,3,5,2,split_bootstrap_over_split_means
train40_val20_test40,0.4,0.2,0.4,yelpchi,camouflage_relation_oracle,secgfd,train_clean_eval_all,average_precision,True,oracle_shift_sensitivity_diagnostic,False,0.13715699128976896,0.0006824246561212133,0.13638530016473557,0.1376809419461116,0.45718997096589664,0.002274748853737298,0.4546176672157854,0.4589364731537054,3,5,2,split_bootstrap_over_split_means
train40_val20_test40,0.4,0.2,0.4,yelpchi,camouflage_relation_oracle,secgfd,train_clean_eval_all,f1_macro,True,oracle_shift_sensitivity_diagnostic,False,0.20340745328806623,0.000654762492894586,0.20286760852334296,0.20413578557935455,0.6780248442935543,0.00218254164298195,0.6762253617444763,0.6804526185978487,3,5,2,split_bootstrap_over_split_means
train40_val20_test40,0.4,0.2,0.4,yelpchi,camouflage_relation_oracle,secgfd,train_clean_eval_all,roc_auc,True,oracle_shift_sensitivity_diagnostic,False,0.24120253414020673,0.00024450768345655083,0.24099637967295098,0.24147267201848846,0.8040084471340224,0.000815025611521795,0.8033212655765037,0.804908906728295,3,5,2,split_bootstrap_over_split_means
train40_val20_test40,0.4,0.2,0.4,yelpchi,camouflage_relation_oracle,secgfd,train_on_variant,average_precision,True,oracle_privileged_training_diagnostic,False,0.14094163694683268,0.0007731803410232508,0.14045142530132743,0.14183294494128013,0.4698054564894423,0.002577267803410901,0.4681714176710914,0.4727764831376005,3,5,2,split_bootstrap_over_split_means
train40_val20_test40,0.4,0.2,0.4,yelpchi,camouflage_relation_oracle,secgfd,train_on_variant,f1_macro,True,oracle_privileged_training_diagnostic,False,0.2053167488175377,0.0008282945047884079,0.20471592250021686,0.2062616211207323,0.6843891627251257,0.0027609816826279637,0.6823864083340562,0.6875387370691075,3,5,2,split_bootstrap_over_split_means
train40_val20_test40,0.4,0.2,0.4,yelpchi,camouflage_relation_oracle,secgfd,train_on_variant,roc_auc,True,oracle_privileged_training_diagnostic,False,0.24314079674432643,0.0006867533729653676,0.2424939330621471,0.24386147627614232,0.810469322481088,0.002289177909884597,0.8083131102071569,0.8128715875871414,3,5,2,split_bootstrap_over_split_means
train40_val20_test40,0.4,0.2,0.4,yelpchi,heterophily_rewire_nonoracle,mlp,train_clean_eval_all,average_precision,False,non_oracle_controlled_stress,True,0.12180549868178663,0.0017121537872984297,0.1199783797975608,0.12337304438410641,0.4060183289392887,0.005707179290994806,0.39992793265853593,0.41124348128035476,3,5,2,split_bootstrap_over_split_means
train40_val20_test40,0.4,0.2,0.4,yelpchi,heterophily_rewire_nonoracle,mlp,train_clean_eval_all,f1_macro,False,non_oracle_controlled_stress,True,0.19614978477138645,0.0012180005686728914,0.1950877531944566,0.19747929419319507,0.6538326159046215,0.0040600018955763,0.6502925106481886,0.6582643139773169,3,5,2,split_bootstrap_over_split_means
train40_val20_test40,0.4,0.2,0.4,yelpchi,heterophily_rewire_nonoracle,mlp,train_clean_eval_all,roc_auc,False,non_oracle_controlled_stress,True,0.2347115860088631,0.0013322178954308034,0.23392294268387862,0.2362497327455578,0.7823719533628771,0.004440726318102633,0.7797431422795956,0.7874991091518592,3,5,2,split_bootstrap_over_split_means
train40_val20_test40,0.4,0.2,0.4,yelpchi,heterophily_rewire_nonoracle,mlp,train_on_variant,average_precision,False,non_oracle_controlled_stress,True,0.12180549868178663,0.0017121537872984297,0.1199783797975608,0.12337304438410641,0.4060183289392887,0.005707179290994806,0.39992793265853593,0.41124348128035476,3,5,2,split_bootstrap_over_split_means
train40_val20_test40,0.4,0.2,0.4,yelpchi,heterophily_rewire_nonoracle,mlp,train_on_variant,f1_macro,False,non_oracle_controlled_stress,True,0.19614978477138645,0.0012180005686728914,0.1950877531944566,0.19747929419319507,0.6538326159046215,0.0040600018955763,0.6502925106481886,0.6582643139773169,3,5,2,split_bootstrap_over_split_means
train40_val20_test40,0.4,0.2,0.4,yelpchi,heterophily_rewire_nonoracle,mlp,train_on_variant,roc_auc,False,non_oracle_controlled_stress,True,0.2347115860088631,0.0013322178954308034,0.23392294268387862,0.2362497327455578,0.7823719533628771,0.004440726318102633,0.7797431422795956,0.7874991091518592,3,5,2,split_bootstrap_over_split_means
train40_val20_test40,0.4,0.2,0.4,yelpchi,heterophily_rewire_nonoracle,pmp,train_clean_eval_all,average_precision,False,non_oracle_controlled_stress,True,0.15413376351806016,0.0005392919037801092,0.15352630115464252,0.15455614487994618,0.513779211726867,0.0017976396792669495,0.5117543371821418,0.5151871495998205,3,5,2,split_bootstrap_over_split_means
train40_val20_test40,0.4,0.2,0.4,yelpchi,heterophily_rewire_nonoracle,pmp,train_clean_eval_all,f1_macro,False,non_oracle_controlled_stress,True,0.20953378152355118,0.00046125670202326125,0.2091195632492783,0.2100308478318443,0.6984459384118374,0.0015375223400775442,0.6970652108309278,0.7001028261061477,3,5,2,split_bootstrap_over_split_means
train40_val20_test40,0.4,0.2,0.4,yelpchi,heterophily_rewire_nonoracle,pmp,train_clean_eval_all,roc_auc,False,non_oracle_controlled_stress,True,0.24850364830301527,0.000646255714534915,0.24775994049563174,0.248928610318108,0.8283454943433842,0.0021541857151163805,0.8258664683187723,0.8297620343936934,3,5,2,split_bootstrap_over_split_means
train40_val20_test40,0.4,0.2,0.4,yelpchi,heterophily_rewire_nonoracle,pmp,train_on_variant,average_precision,False,non_oracle_controlled_stress,True,0.1580022833112429,0.001438013086546495,0.15653563513830515,0.15940983954593133,0.526674277704143,0.004793376955155088,0.5217854504610171,0.5313661318197712,3,5,2,split_bootstrap_over_split_means
train40_val20_test40,0.4,0.2,0.4,yelpchi,heterophily_rewire_nonoracle,pmp,train_on_variant,f1_macro,False,non_oracle_controlled_stress,True,0.21216401888918857,0.0006650289165563226,0.2115887890981852,0.21289219760017306,0.7072133962972953,0.0022167630551876392,0.7052959636606174,0.7096406586672434,3,5,2,split_bootstrap_over_split_means
train40_val20_test40,0.4,0.2,0.4,yelpchi,heterophily_rewire_nonoracle,pmp,train_on_variant,roc_auc,False,non_oracle_controlled_stress,True,0.25094795665757014,0.0007797864563978212,0.25044429770725224,0.2518461704332075,0.8364931888585673,0.0025992881879926223,0.8348143256908408,0.8394872347773582,3,5,2,split_bootstrap_over_split_means
train40_val20_test40,0.4,0.2,0.4,yelpchi,heterophily_rewire_nonoracle,sage,train_clean_eval_all,average_precision,False,non_oracle_controlled_stress,True,0.11781955152815127,0.007631276048891011,0.11292452446131847,0.12661256792939526,0.39273183842717074,0.025437586829636597,0.3764150815377281,0.42204189309798396,3,5,2,split_bootstrap_over_split_means
train40_val20_test40,0.4,0.2,0.4,yelpchi,heterophily_rewire_nonoracle,sage,train_clean_eval_all,f1_macro,False,non_oracle_controlled_stress,True,0.19385730001814053,0.005335687658259351,0.19042962439575986,0.20000485440318902,0.6461910000604686,0.017785625527531306,0.6347654146525328,0.66668284801063,3,5,2,split_bootstrap_over_split_means
train40_val20_test40,0.4,0.2,0.4,yelpchi,heterophily_rewire_nonoracle,sage,train_clean_eval_all,roc_auc,False,non_oracle_controlled_stress,True,0.22846895804519715,0.007197223114128993,0.22398228356129835,0.23677054046303705,0.7615631934839907,0.02399074371376341,0.7466076118709944,0.7892351348767906,3,5,2,split_bootstrap_over_split_means
train40_val20_test40,0.4,0.2,0.4,yelpchi,heterophily_rewire_nonoracle,sage,train_on_variant,average_precision,False,non_oracle_controlled_stress,True,0.11263518565177533,0.000717425157260002,0.11191709055160166,0.11335193898403444,0.3754506188392512,0.0023914171908667055,0.3730569685053389,0.3778397966134482,3,5,2,split_bootstrap_over_split_means
train40_val20_test40,0.4,0.2,0.4,yelpchi,heterophily_rewire_nonoracle,sage,train_on_variant,f1_macro,False,non_oracle_controlled_stress,True,0.19128359514185692,0.001302598171225514,0.19013833358715945,0.19270064523102828,0.6376119838061897,0.004341993904084963,0.6337944452905314,0.6423354841034274,3,5,2,split_bootstrap_over_split_means
train40_val20_test40,0.4,0.2,0.4,yelpchi,heterophily_rewire_nonoracle,sage,train_on_variant,roc_auc,False,non_oracle_controlled_stress,True,0.22467999680771478,0.0008385039890264958,0.2241838174386334,0.22564811667557202,0.7489333226923826,0.0027950132967548636,0.7472793914621114,0.7521603889185732,3,5,2,split_bootstrap_over_split_means
train40_val20_test40,0.4,0.2,0.4,yelpchi,heterophily_rewire_nonoracle,secgfd,train_clean_eval_all,average_precision,False,non_oracle_controlled_stress,True,0.13417537705646912,0.0014300857856623785,0.1326854753197426,0.13553700447337955,0.44725125685489703,0.004766952618874694,0.44228491773247525,0.4517900149112653,3,5,2,split_bootstrap_over_split_means
train40_val20_test40,0.4,0.2,0.4,yelpchi,heterophily_rewire_nonoracle,secgfd,train_clean_eval_all,f1_macro,False,non_oracle_controlled_stress,True,0.20230921102655472,0.0005538825613213441,0.2018030098145759,0.20290084692092525,0.6743640367551823,0.0018462752044044548,0.6726766993819199,0.676336156403084,3,5,2,split_bootstrap_over_split_means
train40_val20_test40,0.4,0.2,0.4,yelpchi,heterophily_rewire_nonoracle,secgfd,train_clean_eval_all,roc_auc,False,non_oracle_controlled_stress,True,0.23971398850005562,0.0004799505614439049,0.23917353778949227,0.24009045562451972,0.7990466283335188,0.0015998352048130853,0.7972451259649743,0.8003015187483994,3,5,2,split_bootstrap_over_split_means
train40_val20_test40,0.4,0.2,0.4,yelpchi,heterophily_rewire_nonoracle,secgfd,train_on_variant,average_precision,False,non_oracle_controlled_stress,True,0.1370089531494497,0.0012968783622154185,0.1355882436538443,0.1381292858030047,0.4566965104981657,0.0043229278740514274,0.451960812179481,0.4604309526766824,3,5,2,split_bootstrap_over_split_means
train40_val20_test40,0.4,0.2,0.4,yelpchi,heterophily_rewire_nonoracle,secgfd,train_on_variant,f1_macro,False,non_oracle_controlled_stress,True,0.2037669170860614,0.0013402659744403463,0.2029831368383558,0.20531447986024495,0.6792230569535379,0.004467553248134503,0.6766104561278526,0.6843815995341499,3,5,2,split_bootstrap_over_split_means
train40_val20_test40,0.4,0.2,0.4,yelpchi,heterophily_rewire_nonoracle,secgfd,train_on_variant,roc_auc,False,non_oracle_controlled_stress,True,0.24118396787644478,0.0013920872987296757,0.23989257988168586,0.24265860386970148,0.8039465595881493,0.004640290995765499,0.7996419329389527,0.8088620128990046,3,5,2,split_bootstrap_over_split_means
train40_val20_test40,0.4,0.2,0.4,yelpchi,heterophily_rewire_oracle,mlp,train_clean_eval_all,average_precision,True,oracle_shift_sensitivity_diagnostic,False,0.12180549868178663,0.0017121537872984297,0.1199783797975608,0.12337304438410641,0.4060183289392887,0.005707179290994806,0.39992793265853593,0.41124348128035476,3,5,2,split_bootstrap_over_split_means
train40_val20_test40,0.4,0.2,0.4,yelpchi,heterophily_rewire_oracle,mlp,train_clean_eval_all,f1_macro,True,oracle_shift_sensitivity_diagnostic,False,0.19614978477138645,0.0012180005686728914,0.1950877531944566,0.19747929419319507,0.6538326159046215,0.0040600018955763,0.6502925106481886,0.6582643139773169,3,5,2,split_bootstrap_over_split_means
train40_val20_test40,0.4,0.2,0.4,yelpchi,heterophily_rewire_oracle,mlp,train_clean_eval_all,roc_auc,True,oracle_shift_sensitivity_diagnostic,False,0.2347115860088631,0.0013322178954308034,0.23392294268387862,0.2362497327455578,0.7823719533628771,0.004440726318102633,0.7797431422795956,0.7874991091518592,3,5,2,split_bootstrap_over_split_means
train40_val20_test40,0.4,0.2,0.4,yelpchi,heterophily_rewire_oracle,mlp,train_on_variant,average_precision,True,oracle_privileged_training_diagnostic,False,0.12180549868178663,0.0017121537872984297,0.1199783797975608,0.12337304438410641,0.4060183289392887,0.005707179290994806,0.39992793265853593,0.41124348128035476,3,5,2,split_bootstrap_over_split_means
train40_val20_test40,0.4,0.2,0.4,yelpchi,heterophily_rewire_oracle,mlp,train_on_variant,f1_macro,True,oracle_privileged_training_diagnostic,False,0.19614978477138645,0.0012180005686728914,0.1950877531944566,0.19747929419319507,0.6538326159046215,0.0040600018955763,0.6502925106481886,0.6582643139773169,3,5,2,split_bootstrap_over_split_means
train40_val20_test40,0.4,0.2,0.4,yelpchi,heterophily_rewire_oracle,mlp,train_on_variant,roc_auc,True,oracle_privileged_training_diagnostic,False,0.2347115860088631,0.0013322178954308034,0.23392294268387862,0.2362497327455578,0.7823719533628771,0.004440726318102633,0.7797431422795956,0.7874991091518592,3,5,2,split_bootstrap_over_split_means
train40_val20_test40,0.4,0.2,0.4,yelpchi,heterophily_rewire_oracle,pmp,train_clean_eval_all,average_precision,True,oracle_shift_sensitivity_diagnostic,False,0.1332471748619867,0.0010845266637566134,0.13199565496651147,0.13391129556859765,0.44415724953995567,0.0036150888791886865,0.4399855165550382,0.44637098522865887,3,5,2,split_bootstrap_over_split_means
train40_val20_test40,0.4,0.2,0.4,yelpchi,heterophily_rewire_oracle,pmp,train_clean_eval_all,f1_macro,True,oracle_shift_sensitivity_diagnostic,False,0.20032767120102413,0.0004136231960761976,0.2000600191801115,0.20080406975140205,0.6677589040034139,0.0013787439869208146,0.6668667306003715,0.6693468991713404,3,5,2,split_bootstrap_over_split_means
train40_val20_test40,0.4,0.2,0.4,yelpchi,heterophily_rewire_oracle,pmp,train_clean_eval_all,roc_auc,True,oracle_shift_sensitivity_diagnostic,False,0.23852118997231797,0.00044846014879410857,0.23800407334952997,0.23880339789012864,0.79507063324106,0.0014948671626470237,0.7933469111650998,0.7960113263004288,3,5,2,split_bootstrap_over_split_means
train40_val20_test40,0.4,0.2,0.4,yelpchi,heterophily_rewire_oracle,pmp,train_on_variant,average_precision,True,oracle_privileged_training_diagnostic,False,0.17368666496170812,0.002361340201098793,0.17120368097397506,0.1759038722997305,0.5789555498723603,0.007871134003662688,0.5706789365799168,0.5863462409991017,3,5,2,split_bootstrap_over_split_means
train40_val20_test40,0.4,0.2,0.4,yelpchi,heterophily_rewire_oracle,pmp,train_on_variant,f1_macro,True,oracle_privileged_training_diagnostic,False,0.22039742277172106,0.0015244445735662577,0.21882564813490432,0.22186965885436685,0.7346580759057368,0.005081481911887452,0.7294188271163478,0.7395655295145561,3,5,2,split_bootstrap_over_split_means
train40_val20_test40,0.4,0.2,0.4,yelpchi,heterophily_rewire_oracle,pmp,train_on_variant,roc_auc,True,oracle_privileged_training_diagnostic,False,0.26103552798258817,0.001403750601413614,0.25949007748211245,0.2622315767661946,0.8701184266086273,0.004679168671378557,0.8649669249403752,0.8741052558873154,3,5,2,split_bootstrap_over_split_means
train40_val20_test40,0.4,0.2,0.4,yelpchi,heterophily_rewire_oracle,sage,train_clean_eval_all,average_precision,True,oracle_shift_sensitivity_diagnostic,False,0.11323100248734153,0.0061771958651049485,0.1085042285979438,0.120220506076133,0.3774366749578051,0.02059065288368319,0.36168076199314597,0.40073502025377666,3,5,2,split_bootstrap_over_split_means
train40_val20_test40,0.4,0.2,0.4,yelpchi,heterophily_rewire_oracle,sage,train_clean_eval_all,f1_macro,True,oracle_shift_sensitivity_diagnostic,False,0.19199929947257163,0.004597907150059412,0.18885319985192575,0.19727603569555108,0.6399976649085722,0.015326357166864665,0.6295106661730858,0.6575867856518369,3,5,2,split_bootstrap_over_split_means
train40_val20_test40,0.4,0.2,0.4,yelpchi,heterophily_rewire_oracle,sage,train_clean_eval_all,roc_auc,True,oracle_shift_sensitivity_diagnostic,False,0.2263899779977183,0.006111302773363917,0.22285783916827748,0.23344670125245628,0.7546332599923943,0.020371009244546358,0.7428594638942583,0.7781556708415209,3,5,2,split_bootstrap_over_split_means
train40_val20_test40,0.4,0.2,0.4,yelpchi,heterophily_rewire_oracle,sage,train_on_variant,average_precision,True,oracle_privileged_training_diagnostic,False,0.15008998309099786,0.00627326389367269,0.14308425429263125,0.15518773396967117,0.5002999436366595,0.020910879645575624,0.47694751430877086,0.5172924465655706,3,5,2,split_bootstrap_over_split_means
train40_val20_test40,0.4,0.2,0.4,yelpchi,heterophily_rewire_oracle,sage,train_on_variant,f1_macro,True,oracle_privileged_training_diagnostic,False,0.20963605629842894,0.0033405801324477634,0.20601423314981493,0.21259643445834317,0.6987868543280964,0.011135267108159257,0.6867141104993829,0.7086547815278106,3,5,2,split_bootstrap_over_split_means
train40_val20_test40,0.4,0.2,0.4,yelpchi,heterophily_rewire_oracle,sage,train_on_variant,roc_auc,True,oracle_privileged_training_diagnostic,False,0.24854681796428146,0.0036104974950179865,0.24484340035996932,0.25205660266867613,0.8284893932142716,0.012034991650059956,0.8161446678665646,0.840188675562254,3,5,2,split_bootstrap_over_split_means
train40_val20_test40,0.4,0.2,0.4,yelpchi,heterophily_rewire_oracle,secgfd,train_clean_eval_all,average_precision,True,oracle_shift_sensitivity_diagnostic,False,0.08095833328358513,0.0021611997384085833,0.0793734202285155,0.0834201676189273,0.2698611109452838,0.007203999128028574,0.264578067428385,0.27806722539642437,3,5,2,split_bootstrap_over_split_means
train40_val20_test40,0.4,0.2,0.4,yelpchi,heterophily_rewire_oracle,secgfd,train_clean_eval_all,f1_macro,True,oracle_shift_sensitivity_diagnostic,False,0.1715990872659843,0.0009461183655451979,0.1705792580723129,0.17244826764863333,0.5719969575532811,0.003153727885150633,0.5685975269077097,0.5748275588287779,3,5,2,split_bootstrap_over_split_means
train40_val20_test40,0.4,0.2,0.4,yelpchi,heterophily_rewire_oracle,secgfd,train_clean_eval_all,roc_auc,True,oracle_shift_sensitivity_diagnostic,False,0.19361549038665285,0.0017771403944585413,0.1919847170297103,0.19550960857728597,0.6453849679555095,0.005923801314861783,0.639949056765701,0.6516986952576199,3,5,2,split_bootstrap_over_split_means
train40_val20_test40,0.4,0.2,0.4,yelpchi,heterophily_rewire_oracle,secgfd,train_on_variant,average_precision,True,oracle_privileged_training_diagnostic,False,0.2577725237504634,0.00024732108395255823,0.2575880913687344,0.2580535685434908,0.8592417458348782,0.0008244036131751382,0.8586269712291147,0.8601785618116361,3,5,2,split_bootstrap_over_split_means
train40_val20_test40,0.4,0.2,0.4,yelpchi,heterophily_rewire_oracle,secgfd,train_on_variant,f1_macro,True,oracle_privileged_training_diagnostic,False,0.27339862007971233,0.0001551254502919848,0.2732400134923626,0.2735500126802589,0.9113287335990412,0.0005170848343065626,0.910800044974542,0.911833375600863,3,5,2,split_bootstrap_over_split_means
train40_val20_test40,0.4,0.2,0.4,yelpchi,heterophily_rewire_oracle,secgfd,train_on_variant,roc_auc,True,oracle_privileged_training_diagnostic,False,0.28468118408914733,0.00019260787814871926,0.28447932671364884,0.2848629706441242,0.9489372802971577,0.0006420262604957405,0.9482644223788294,0.9495432354804137,3,5,2,split_bootstrap_over_split_means
train40_val20_test40,0.4,0.2,0.4,yelpchi,noise_edges_uniform,mlp,train_clean_eval_all,average_precision,False,non_oracle_controlled_stress,True,0.08120366578785775,0.001141435858198948,0.0799855865317072,0.08224869625607094,0.4060183289392887,0.005707179290994806,0.39992793265853593,0.41124348128035476,3,5,2,split_bootstrap_over_split_means
train40_val20_test40,0.4,0.2,0.4,yelpchi,noise_edges_uniform,mlp,train_clean_eval_all,f1_macro,False,non_oracle_controlled_stress,True,0.13076652318092433,0.0008120003791152953,0.13005850212963774,0.13165286279546345,0.6538326159046215,0.0040600018955763,0.6502925106481886,0.6582643139773169,3,5,2,split_bootstrap_over_split_means
train40_val20_test40,0.4,0.2,0.4,yelpchi,noise_edges_uniform,mlp,train_clean_eval_all,roc_auc,False,non_oracle_controlled_stress,True,0.15647439067257543,0.0008881452636205461,0.1559486284559191,0.15749982183037187,0.7823719533628771,0.004440726318102633,0.7797431422795956,0.7874991091518592,3,5,2,split_bootstrap_over_split_means
train40_val20_test40,0.4,0.2,0.4,yelpchi,noise_edges_uniform,mlp,train_on_variant,average_precision,False,non_oracle_controlled_stress,True,0.08120366578785775,0.001141435858198948,0.0799855865317072,0.08224869625607094,0.4060183289392887,0.005707179290994806,0.39992793265853593,0.41124348128035476,3,5,2,split_bootstrap_over_split_means
train40_val20_test40,0.4,0.2,0.4,yelpchi,noise_edges_uniform,mlp,train_on_variant,f1_macro,False,non_oracle_controlled_stress,True,0.13076652318092433,0.0008120003791152953,0.13005850212963774,0.13165286279546345,0.6538326159046215,0.0040600018955763,0.6502925106481886,0.6582643139773169,3,5,2,split_bootstrap_over_split_means
train40_val20_test40,0.4,0.2,0.4,yelpchi,noise_edges_uniform,mlp,train_on_variant,roc_auc,False,non_oracle_controlled_stress,True,0.15647439067257543,0.0008881452636205461,0.1559486284559191,0.15749982183037187,0.7823719533628771,0.004440726318102633,0.7797431422795956,0.7874991091518592,3,5,2,split_bootstrap_over_split_means
train40_val20_test40,0.4,0.2,0.4,yelpchi,noise_edges_uniform,pmp,train_clean_eval_all,average_precision,False,non_oracle_controlled_stress,True,0.1053951352519313,0.00044853290452359553,0.10506652986260297,0.10590613037515233,0.5269756762596565,0.00224266452261801,0.5253326493130148,0.5295306518757616,3,5,2,split_bootstrap_over_split_means
train40_val20_test40,0.4,0.2,0.4,yelpchi,noise_edges_uniform,pmp,train_clean_eval_all,f1_macro,False,non_oracle_controlled_stress,True,0.14124451315806186,0.0003984419247553179,0.14079500542372006,0.14155419679020295,0.7062225657903095,0.001992209623776626,0.7039750271186002,0.7077709839510148,3,5,2,split_bootstrap_over_split_means
train40_val20_test40,0.4,0.2,0.4,yelpchi,noise_edges_uniform,pmp,train_clean_eval_all,roc_auc,False,non_oracle_controlled_stress,True,0.16717965499833456,0.0003332807686812847,0.16681836260253805,0.16747509198126154,0.8358982749916727,0.0016664038434063412,0.8340918130126903,0.8373754599063075,3,5,2,split_bootstrap_over_split_means
train40_val20_test40,0.4,0.2,0.4,yelpchi,noise_edges_uniform,pmp,train_on_variant,average_precision,False,non_oracle_controlled_stress,True,0.10628316265601856,0.00043186962250099827,0.10578536239217247,0.1065577054053047,0.5314158132800929,0.002159348112505055,0.5289268119608623,0.5327885270265236,3,5,2,split_bootstrap_over_split_means
train40_val20_test40,0.4,0.2,0.4,yelpchi,noise_edges_uniform,pmp,train_on_variant,f1_macro,False,non_oracle_controlled_stress,True,0.14188818317324553,0.00029893483418415014,0.14170466736067194,0.14223312775965255,0.7094409158662277,0.0014946741709207987,0.7085233368033595,0.7111656387982629,3,5,2,split_bootstrap_over_split_means
train40_val20_test40,0.4,0.2,0.4,yelpchi,noise_edges_uniform,pmp,train_on_variant,roc_auc,False,non_oracle_controlled_stress,True,0.16768132797064986,0.00034043450478819613,0.16747996193124826,0.16807438821361229,0.8384066398532494,0.0017021725239408534,0.8373998096562415,0.8403719410680613,3,5,2,split_bootstrap_over_split_means
train40_val20_test40,0.4,0.2,0.4,yelpchi,noise_edges_uniform,sage,train_clean_eval_all,average_precision,False,non_oracle_controlled_stress,True,0.07893917253043016,0.005134306760723481,0.07570334317782323,0.0848591985737041,0.3946958626521508,0.025671533803617426,0.3785167158891161,0.42429599286852043,3,5,2,split_bootstrap_over_split_means
train40_val20_test40,0.4,0.2,0.4,yelpchi,noise_edges_uniform,sage,train_clean_eval_all,f1_macro,False,non_oracle_controlled_stress,True,0.12935843418534052,0.003536052786480463,0.12709708619166812,0.1334333225506308,0.6467921709267025,0.01768026393240238,0.6354854309583406,0.6671666127531543,3,5,2,split_bootstrap_over_split_means
train40_val20_test40,0.4,0.2,0.4,yelpchi,noise_edges_uniform,sage,train_clean_eval_all,roc_auc,False,non_oracle_controlled_stress,True,0.15259865031583983,0.004789681071997578,0.14960315722535963,0.1581227240497366,0.7629932515791991,0.023948405359987796,0.7480157861267983,0.7906136202486828,3,5,2,split_bootstrap_over_split_means
train40_val20_test40,0.4,0.2,0.4,yelpchi,noise_edges_uniform,sage,train_on_variant,average_precision,False,non_oracle_controlled_stress,True,0.07507468116210933,0.000505147434850637,0.07475949740880303,0.07565732401473477,0.3753734058105466,0.0025257371742531533,0.3737974870440151,0.3782866200736737,3,5,2,split_bootstrap_over_split_means
train40_val20_test40,0.4,0.2,0.4,yelpchi,noise_edges_uniform,sage,train_on_variant,f1_macro,False,non_oracle_controlled_stress,True,0.1273822435957363,0.0007225357816178523,0.12667530020118772,0.12811942251654987,0.6369112179786814,0.0036126789080891657,0.6333765010059387,0.6405971125827492,3,5,2,split_bootstrap_over_split_means
train40_val20_test40,0.4,0.2,0.4,yelpchi,noise_edges_uniform,sage,train_on_variant,roc_auc,False,non_oracle_controlled_stress,True,0.14978019798933195,0.0005370123193582906,0.14935435751222226,0.1503834733830773,0.7489009899466597,0.002685061596791406,0.7467717875611113,0.7519173669153864,3,5,2,split_bootstrap_over_split_means
train40_val20_test40,0.4,0.2,0.4,yelpchi,noise_edges_uniform,secgfd,train_clean_eval_all,average_precision,False,non_oracle_controlled_stress,True,0.08984217705053928,0.0008047609706804622,0.08893271980327307,0.09046215051214561,0.4492108852526963,0.004023804853402314,0.4446635990163654,0.452310752560728,3,5,2,split_bootstrap_over_split_means
train40_val20_test40,0.4,0.2,0.4,yelpchi,noise_edges_uniform,secgfd,train_clean_eval_all,f1_macro,False,non_oracle_controlled_stress,True,0.13510133934767285,0.0003312343527169756,0.13489024473396702,0.13548310304518374,0.6755066967383642,0.0016561717635848123,0.6744512236698351,0.6774155152259186,3,5,2,split_bootstrap_over_split_means
train40_val20_test40,0.4,0.2,0.4,yelpchi,noise_edges_uniform,secgfd,train_clean_eval_all,roc_auc,False,non_oracle_controlled_stress,True,0.16010617808187724,0.0002652222119523074,0.15980488740489365,0.16030437095116667,0.8005308904093863,0.0013261110597616481,0.799024437024468,0.8015218547558334,3,5,2,split_bootstrap_over_split_means
train40_val20_test40,0.4,0.2,0.4,yelpchi,noise_edges_uniform,secgfd,train_on_variant,average_precision,False,non_oracle_controlled_stress,True,0.09045668162066516,7.30605870665645e-05,0.09040437073134326,0.09054015658666285,0.45228340810332573,0.0003653029353328581,0.4520218536567162,0.4527007829333143,3,5,2,split_bootstrap_over_split_means
train40_val20_test40,0.4,0.2,0.4,yelpchi,noise_edges_uniform,secgfd,train_on_variant,f1_macro,False,non_oracle_controlled_stress,True,0.1354057565088815,0.0009757432975298261,0.1345117447440363,0.13644659082268235,0.6770287825444075,0.00487871648764913,0.6725587237201816,0.6822329541134118,3,5,2,split_bootstrap_over_split_means
train40_val20_test40,0.4,0.2,0.4,yelpchi,noise_edges_uniform,secgfd,train_on_variant,roc_auc,False,non_oracle_controlled_stress,True,0.16045378337409322,0.0006793342090962746,0.16005476000646365,0.16123817131124082,0.8022689168704661,0.0033966710454814988,0.8002738000323184,0.8061908565562043,3,5,2,split_bootstrap_over_split_means
train60_val20_test20,0.6,0.2,0.2,yelpchi,camouflage_feature_oracle,mlp,train_clean_eval_all,average_precision,True,oracle_shift_sensitivity_diagnostic,False,0.11451947466235764,0.006808356308540774,0.10839226377218565,0.12184883685795873,0.3817315822078588,0.022694521028469253,0.3613075459072855,0.4061627895265292,3,5,2,split_bootstrap_over_split_means
train60_val20_test20,0.6,0.2,0.2,yelpchi,camouflage_feature_oracle,mlp,train_clean_eval_all,f1_macro,True,oracle_shift_sensitivity_diagnostic,False,0.1911335239196441,0.003120500028315817,0.18768162628558213,0.19375435958409595,0.6371117463988137,0.010401666761052733,0.6256054209519404,0.6458478652803199,3,5,2,split_bootstrap_over_split_means
train60_val20_test20,0.6,0.2,0.2,yelpchi,camouflage_feature_oracle,mlp,train_clean_eval_all,roc_auc,True,oracle_shift_sensitivity_diagnostic,False,0.2246028183338643,0.004517594256505393,0.21968149189623545,0.22856150272647172,0.7486760611128812,0.015058647521684643,0.7322716396541183,0.7618716757549059,3,5,2,split_bootstrap_over_split_means
train60_val20_test20,0.6,0.2,0.2,yelpchi,camouflage_feature_oracle,mlp,train_on_variant,average_precision,True,oracle_privileged_training_diagnostic,False,0.11448664922666997,0.0055850507642480375,0.10830741295725958,0.11917488281992983,0.38162216408889993,0.018616835880826754,0.36102470985753204,0.397249609399766,3,5,2,split_bootstrap_over_split_means
train60_val20_test20,0.6,0.2,0.2,yelpchi,camouflage_feature_oracle,mlp,train_on_variant,f1_macro,True,oracle_privileged_training_diagnostic,False,0.19114586083008653,0.0033349431442045046,0.18733735867979953,0.19354339610680263,0.6371528694336218,0.011116477147348463,0.6244578622659983,0.6451446536893423,3,5,2,split_bootstrap_over_split_means
train60_val20_test20,0.6,0.2,0.2,yelpchi,camouflage_feature_oracle,mlp,train_on_variant,roc_auc,True,oracle_privileged_training_diagnostic,False,0.22439775438144838,0.004454400649794985,0.219254806959401,0.2270344508602448,0.747992514604828,0.014848002165983476,0.7308493565313364,0.756781502867483,3,5,2,split_bootstrap_over_split_means
train60_val20_test20,0.6,0.2,0.2,yelpchi,camouflage_feature_oracle,pmp,train_clean_eval_all,average_precision,True,oracle_shift_sensitivity_diagnostic,False,0.1569446958777362,0.007437444740712087,0.1490702410492659,0.16385013910907956,0.5231489862591207,0.024791482469040314,0.4969008034975529,0.5461671303635985,3,5,2,split_bootstrap_over_split_means
train60_val20_test20,0.6,0.2,0.2,yelpchi,camouflage_feature_oracle,pmp,train_clean_eval_all,f1_macro,True,oracle_shift_sensitivity_diagnostic,False,0.21016766808713738,0.0032715289609646023,0.20652915416523854,0.21286659207176184,0.7005588936237915,0.010905096536548609,0.6884305138841288,0.7095553069058728,3,5,2,split_bootstrap_over_split_means
train60_val20_test20,0.6,0.2,0.2,yelpchi,camouflage_feature_oracle,pmp,train_clean_eval_all,roc_auc,True,oracle_shift_sensitivity_diagnostic,False,0.24303598009397445,0.003212474104964179,0.23936140265611847,0.2453127006790264,0.8101199336465815,0.010708247016547094,0.7978713421870617,0.8177090022634209,3,5,2,split_bootstrap_over_split_means
train60_val20_test20,0.6,0.2,0.2,yelpchi,camouflage_feature_oracle,pmp,train_on_variant,average_precision,True,oracle_privileged_training_diagnostic,False,0.15453706752003782,0.006579628992576139,0.14831550958516085,0.16142417808403606,0.515123558400126,0.021932096641920498,0.4943850319505361,0.5380805936134536,3,5,2,split_bootstrap_over_split_means
train60_val20_test20,0.6,0.2,0.2,yelpchi,camouflage_feature_oracle,pmp,train_on_variant,f1_macro,True,oracle_privileged_training_diagnostic,False,0.20918068724659675,0.0027901483816952523,0.20629593954083156,0.21186547850012957,0.6972689574886558,0.009300494605650828,0.6876531318027718,0.7062182616670984,3,5,2,split_bootstrap_over_split_means
train60_val20_test20,0.6,0.2,0.2,yelpchi,camouflage_feature_oracle,pmp,train_on_variant,roc_auc,True,oracle_privileged_training_diagnostic,False,0.24284132822694734,0.0030425043981637374,0.23952464652860775,0.24550293867934955,0.8094710940898245,0.01014168132721239,0.7984154884286926,0.8183431289311652,3,5,2,split_bootstrap_over_split_means
train60_val20_test20,0.6,0.2,0.2,yelpchi,camouflage_feature_oracle,sage,train_clean_eval_all,average_precision,True,oracle_shift_sensitivity_diagnostic,False,0.10595215648760935,0.004569875778147127,0.10155009872956318,0.11067314176482963,0.3531738549586978,0.01523291926049041,0.338500329098544,0.3689104725494321,3,5,2,split_bootstrap_over_split_means
train60_val20_test20,0.6,0.2,0.2,yelpchi,camouflage_feature_oracle,sage,train_clean_eval_all,f1_macro,True,oracle_shift_sensitivity_diagnostic,False,0.18661234816240682,0.002567420044087526,0.1836853369801049,0.18848340723077514,0.622041160541356,0.008558066813625063,0.6122844566003496,0.6282780241025837,3,5,2,split_bootstrap_over_split_means
train60_val20_test20,0.6,0.2,0.2,yelpchi,camouflage_feature_oracle,sage,train_clean_eval_all,roc_auc,True,oracle_shift_sensitivity_diagnostic,False,0.21601288385550688,0.0033645296624105064,0.21233649554251985,0.21893882181379345,0.7200429461850231,0.011215098874701608,0.7077883184750662,0.7297960727126448,3,5,2,split_bootstrap_over_split_means
train60_val20_test20,0.6,0.2,0.2,yelpchi,camouflage_feature_oracle,sage,train_on_variant,average_precision,True,oracle_privileged_training_diagnostic,False,0.10384846893309052,0.0044648442956086686,0.09897886169614663,0.10774957013474847,0.3461615631103017,0.014882814318695523,0.32992953898715555,0.3591652337824949,3,5,2,split_bootstrap_over_split_means
train60_val20_test20,0.6,0.2,0.2,yelpchi,camouflage_feature_oracle,sage,train_on_variant,f1_macro,True,oracle_privileged_training_diagnostic,False,0.1854437839812213,0.002842808700745816,0.1822339072977429,0.1876437685956841,0.618145946604071,0.009476029002486003,0.6074463576591429,0.6254792286522803,3,5,2,split_bootstrap_over_split_means
train60_val20_test20,0.6,0.2,0.2,yelpchi,camouflage_feature_oracle,sage,train_on_variant,roc_auc,True,oracle_privileged_training_diagnostic,False,0.2142860280902045,0.0036990757275276974,0.21002130925426385,0.2166240356926168,0.7142867603006816,0.01233025242509214,0.7000710308475465,0.7220801189753893,3,5,2,split_bootstrap_over_split_means
train60_val20_test20,0.6,0.2,0.2,yelpchi,camouflage_feature_oracle,secgfd,train_clean_eval_all,average_precision,True,oracle_shift_sensitivity_diagnostic,False,0.122845458834601,0.004769487739206917,0.11977327183105506,0.12833999439807928,0.4094848627820034,0.015898292464023068,0.3992442394368501,0.4277999813269309,3,5,2,split_bootstrap_over_split_means
train60_val20_test20,0.6,0.2,0.2,yelpchi,camouflage_feature_oracle,secgfd,train_clean_eval_all,f1_macro,True,oracle_shift_sensitivity_diagnostic,False,0.19593654722857168,0.0020144701174054577,0.19362969959304785,0.19734868004072306,0.653121824095239,0.006714900391351527,0.645432331976826,0.6578289334690768,3,5,2,split_bootstrap_over_split_means
train60_val20_test20,0.6,0.2,0.2,yelpchi,camouflage_feature_oracle,secgfd,train_clean_eval_all,roc_auc,True,oracle_shift_sensitivity_diagnostic,False,0.22773188789014384,0.0030415064134120986,0.2244689854316316,0.23048844441336272,0.7591062929671462,0.01013835471137351,0.7482299514387721,0.7682948147112089,3,5,2,split_bootstrap_over_split_means
train60_val20_test20,0.6,0.2,0.2,yelpchi,camouflage_feature_oracle,secgfd,train_on_variant,average_precision,True,oracle_privileged_training_diagnostic,False,0.12508150323175898,0.0039097093809719995,0.12201904943197035,0.12948533521881384,0.41693834410586333,0.0130323646032401,0.4067301647732345,0.43161778406271295,3,5,2,split_bootstrap_over_split_means
train60_val20_test20,0.6,0.2,0.2,yelpchi,camouflage_feature_oracle,secgfd,train_on_variant,f1_macro,True,oracle_privileged_training_diagnostic,False,0.19644430481417088,0.0022269676844885477,0.1938728454281223,0.1977391195048873,0.6548143493805697,0.00742322561496189,0.6462428180937408,0.6591303983496243,3,5,2,split_bootstrap_over_split_means
train60_val20_test20,0.6,0.2,0.2,yelpchi,camouflage_feature_oracle,secgfd,train_on_variant,roc_auc,True,oracle_privileged_training_diagnostic,False,0.22889872340508644,0.0034222979325139397,0.22505427337471184,0.23161295606660914,0.7629957446836215,0.011407659775046434,0.7501809112490396,0.7720431868886971,3,5,2,split_bootstrap_over_split_means
train60_val20_test20,0.6,0.2,0.2,yelpchi,camouflage_relation_oracle,mlp,train_clean_eval_all,average_precision,True,oracle_shift_sensitivity_diagnostic,False,0.1272074183827997,0.007235574221695627,0.12046886742542762,0.13485424953778513,0.4240247279426657,0.024118580738985405,0.40156289141809215,0.44951416512595044,3,5,2,split_bootstrap_over_split_means
train60_val20_test20,0.6,0.2,0.2,yelpchi,camouflage_relation_oracle,mlp,train_clean_eval_all,f1_macro,True,oracle_shift_sensitivity_diagnostic,False,0.1969749520106181,0.0033235105830624195,0.19321477385874974,0.19951950914100394,0.6565831733687272,0.011078368610208037,0.6440492461958326,0.6650650304700133,3,5,2,split_bootstrap_over_split_means
train60_val20_test20,0.6,0.2,0.2,yelpchi,camouflage_relation_oracle,mlp,train_clean_eval_all,roc_auc,True,oracle_shift_sensitivity_diagnostic,False,0.23714276417887237,0.004919910453981998,0.23171161654542236,0.24130142337524543,0.7904758805962412,0.016399701513273243,0.772372055151408,0.8043380779174848,3,5,2,split_bootstrap_over_split_means
train60_val20_test20,0.6,0.2,0.2,yelpchi,camouflage_relation_oracle,mlp,train_on_variant,average_precision,True,oracle_privileged_training_diagnostic,False,0.1272074183827997,0.007235574221695627,0.12046886742542762,0.13485424953778513,0.4240247279426657,0.024118580738985405,0.40156289141809215,0.44951416512595044,3,5,2,split_bootstrap_over_split_means
train60_val20_test20,0.6,0.2,0.2,yelpchi,camouflage_relation_oracle,mlp,train_on_variant,f1_macro,True,oracle_privileged_training_diagnostic,False,0.1969749520106181,0.0033235105830624195,0.19321477385874974,0.19951950914100394,0.6565831733687272,0.011078368610208037,0.6440492461958326,0.6650650304700133,3,5,2,split_bootstrap_over_split_means
train60_val20_test20,0.6,0.2,0.2,yelpchi,camouflage_relation_oracle,mlp,train_on_variant,roc_auc,True,oracle_privileged_training_diagnostic,False,0.23714276417887237,0.004919910453981998,0.23171161654542236,0.24130142337524543,0.7904758805962412,0.016399701513273243,0.772372055151408,0.8043380779174848,3,5,2,split_bootstrap_over_split_means
train60_val20_test20,0.6,0.2,0.2,yelpchi,camouflage_relation_oracle,pmp,train_clean_eval_all,average_precision,True,oracle_shift_sensitivity_diagnostic,False,0.1718348642277195,0.0076300165248513845,0.16370388606140773,0.17883847306910958,0.5727828807590652,0.02543338841617129,0.5456796202046925,0.5961282435636986,3,5,2,split_bootstrap_over_split_means
train60_val20_test20,0.6,0.2,0.2,yelpchi,camouflage_relation_oracle,pmp,train_clean_eval_all,f1_macro,True,oracle_shift_sensitivity_diagnostic,False,0.2167714901522183,0.003263471255256442,0.21307734000655856,0.2192629142452823,0.7225716338407278,0.010878237517521558,0.7102578000218619,0.7308763808176076,3,5,2,split_bootstrap_over_split_means
train60_val20_test20,0.6,0.2,0.2,yelpchi,camouflage_relation_oracle,pmp,train_clean_eval_all,roc_auc,True,oracle_shift_sensitivity_diagnostic,False,0.2548913819112666,0.0034939996679733067,0.2508669250570906,0.25715027600571516,0.8496379397042219,0.011646665559911281,0.836223083523635,0.857167586685717,3,5,2,split_bootstrap_over_split_means
train60_val20_test20,0.6,0.2,0.2,yelpchi,camouflage_relation_oracle,pmp,train_on_variant,average_precision,True,oracle_privileged_training_diagnostic,False,0.1740548735488158,0.008294671530340351,0.16519940057780508,0.1816428354441634,0.5801829118293863,0.02764890510113448,0.5506646685926837,0.6054761181472114,3,5,2,split_bootstrap_over_split_means
train60_val20_test20,0.6,0.2,0.2,yelpchi,camouflage_relation_oracle,pmp,train_on_variant,f1_macro,True,oracle_privileged_training_diagnostic,False,0.21765319962486862,0.0036693222945004093,0.21352957282700916,0.2205580448291884,0.7255106654162287,0.012231074315001363,0.7117652427566972,0.7351934827639613,3,5,2,split_bootstrap_over_split_means
train60_val20_test20,0.6,0.2,0.2,yelpchi,camouflage_relation_oracle,pmp,train_on_variant,roc_auc,True,oracle_privileged_training_diagnostic,False,0.25567665132756384,0.0037209925361020558,0.2514013489060576,0.258184609650353,0.8522555044252127,0.012403308453673658,0.8380044963535251,0.8606153655011767,3,5,2,split_bootstrap_over_split_means
train60_val20_test20,0.6,0.2,0.2,yelpchi,camouflage_relation_oracle,sage,train_clean_eval_all,average_precision,True,oracle_shift_sensitivity_diagnostic,False,0.11655620474995303,0.0044253773769474935,0.11203237127346773,0.12087607263828937,0.38852068249984345,0.014751257923158267,0.3734412375782259,0.4029202421276312,3,5,2,split_bootstrap_over_split_means
train60_val20_test20,0.6,0.2,0.2,yelpchi,camouflage_relation_oracle,sage,train_clean_eval_all,f1_macro,True,oracle_shift_sensitivity_diagnostic,False,0.19176504513172712,0.002535872362002571,0.18884050340220418,0.1933535712560935,0.6392168171057571,0.008452907873341905,0.629468344674014,0.6445119041869782,3,5,2,split_bootstrap_over_split_means
train60_val20_test20,0.6,0.2,0.2,yelpchi,camouflage_relation_oracle,sage,train_clean_eval_all,roc_auc,True,oracle_shift_sensitivity_diagnostic,False,0.2266606908779818,0.0034141105130633233,0.22285509802378436,0.22945469315474196,0.7555356362599394,0.01138036837687777,0.742850326745948,0.764848977182473,3,5,2,split_bootstrap_over_split_means
train60_val20_test20,0.6,0.2,0.2,yelpchi,camouflage_relation_oracle,sage,train_on_variant,average_precision,True,oracle_privileged_training_diagnostic,False,0.11737227889155333,0.004066472730739841,0.11294445462358349,0.12093969745656612,0.39124092963851104,0.013554909102466081,0.37648151541194497,0.40313232485522016,3,5,2,split_bootstrap_over_split_means
train60_val20_test20,0.6,0.2,0.2,yelpchi,camouflage_relation_oracle,sage,train_on_variant,f1_macro,True,oracle_privileged_training_diagnostic,False,0.19193810504525946,0.002356452402379231,0.18928364073379664,0.19378324871761934,0.6397936834841983,0.007854841341264062,0.6309454691126555,0.6459441623920645,3,5,2,split_bootstrap_over_split_means
train60_val20_test20,0.6,0.2,0.2,yelpchi,camouflage_relation_oracle,sage,train_on_variant,roc_auc,True,oracle_privileged_training_diagnostic,False,0.2270096499100196,0.003409168150155265,0.22310444534651416,0.2293917407992061,0.7566988330333985,0.01136389383385072,0.7436814844883807,0.7646391359973533,3,5,2,split_bootstrap_over_split_means
train60_val20_test20,0.6,0.2,0.2,yelpchi,camouflage_relation_oracle,secgfd,train_clean_eval_all,average_precision,True,oracle_shift_sensitivity_diagnostic,False,0.13783305525829406,0.004831174364268499,0.13444903342860587,0.14336583991421045,0.45944351752764695,0.016103914547561653,0.4481634447620196,0.4778861330473682,3,5,2,split_bootstrap_over_split_means
train60_val20_test20,0.6,0.2,0.2,yelpchi,camouflage_relation_oracle,secgfd,train_clean_eval_all,f1_macro,True,oracle_shift_sensitivity_diagnostic,False,0.2029673867485919,0.002067359478784485,0.2005820679070808,0.20424169010830964,0.6765579558286398,0.0068911982626148945,0.6686068930236028,0.6808056336943654,3,5,2,split_bootstrap_over_split_means
train60_val20_test20,0.6,0.2,0.2,yelpchi,camouflage_relation_oracle,secgfd,train_clean_eval_all,roc_auc,True,oracle_shift_sensitivity_diagnostic,False,0.24143813771864364,0.0031914627754959335,0.23792612803764923,0.24416098052272486,0.8047937923954788,0.010638209251653138,0.7930870934588308,0.8138699350757497,3,5,2,split_bootstrap_over_split_means
train60_val20_test20,0.6,0.2,0.2,yelpchi,camouflage_relation_oracle,secgfd,train_on_variant,average_precision,True,oracle_privileged_training_diagnostic,False,0.14439636649192472,0.0039019926276864882,0.14018420471542997,0.14788766084494825,0.48132122163974894,0.013006642092288304,0.46728068238476644,0.4929588694831608,3,5,2,split_bootstrap_over_split_means
train60_val20_test20,0.6,0.2,0.2,yelpchi,camouflage_relation_oracle,secgfd,train_on_variant,f1_macro,True,oracle_privileged_training_diagnostic,False,0.2059215282218663,0.0025435524812113404,0.20301920368361315,0.20776261795946174,0.6864050940728877,0.008478508270704357,0.6767306789453773,0.6925420598648723,3,5,2,split_bootstrap_over_split_means
train60_val20_test20,0.6,0.2,0.2,yelpchi,camouflage_relation_oracle,secgfd,train_on_variant,roc_auc,True,oracle_privileged_training_diagnostic,False,0.24451963026753262,0.003586296314634289,0.24038409393979351,0.24677320940476485,0.8150654342251088,0.01195432104878098,0.801280313132645,0.8225773646825495,3,5,2,split_bootstrap_over_split_means
train60_val20_test20,0.6,0.2,0.2,yelpchi,heterophily_rewire_nonoracle,mlp,train_clean_eval_all,average_precision,False,non_oracle_controlled_stress,True,0.1272074183827997,0.007235574221695627,0.12046886742542762,0.13485424953778513,0.4240247279426657,0.024118580738985405,0.40156289141809215,0.44951416512595044,3,5,2,split_bootstrap_over_split_means
train60_val20_test20,0.6,0.2,0.2,yelpchi,heterophily_rewire_nonoracle,mlp,train_clean_eval_all,f1_macro,False,non_oracle_controlled_stress,True,0.1969749520106181,0.0033235105830624195,0.19321477385874974,0.19951950914100394,0.6565831733687272,0.011078368610208037,0.6440492461958326,0.6650650304700133,3,5,2,split_bootstrap_over_split_means
train60_val20_test20,0.6,0.2,0.2,yelpchi,heterophily_rewire_nonoracle,mlp,train_clean_eval_all,roc_auc,False,non_oracle_controlled_stress,True,0.23714276417887237,0.004919910453981998,0.23171161654542236,0.24130142337524543,0.7904758805962412,0.016399701513273243,0.772372055151408,0.8043380779174848,3,5,2,split_bootstrap_over_split_means
train60_val20_test20,0.6,0.2,0.2,yelpchi,heterophily_rewire_nonoracle,mlp,train_on_variant,average_precision,False,non_oracle_controlled_stress,True,0.1272074183827997,0.007235574221695627,0.12046886742542762,0.13485424953778513,0.4240247279426657,0.024118580738985405,0.40156289141809215,0.44951416512595044,3,5,2,split_bootstrap_over_split_means
train60_val20_test20,0.6,0.2,0.2,yelpchi,heterophily_rewire_nonoracle,mlp,train_on_variant,f1_macro,False,non_oracle_controlled_stress,True,0.1969749520106181,0.0033235105830624195,0.19321477385874974,0.19951950914100394,0.6565831733687272,0.011078368610208037,0.6440492461958326,0.6650650304700133,3,5,2,split_bootstrap_over_split_means
train60_val20_test20,0.6,0.2,0.2,yelpchi,heterophily_rewire_nonoracle,mlp,train_on_variant,roc_auc,False,non_oracle_controlled_stress,True,0.23714276417887237,0.004919910453981998,0.23171161654542236,0.24130142337524543,0.7904758805962412,0.016399701513273243,0.772372055151408,0.8043380779174848,3,5,2,split_bootstrap_over_split_means
train60_val20_test20,0.6,0.2,0.2,yelpchi,heterophily_rewire_nonoracle,pmp,train_clean_eval_all,average_precision,False,non_oracle_controlled_stress,True,0.1609102353607148,0.005732439266310011,0.15466013912350407,0.16592289644577704,0.5363674512023827,0.01910813088770016,0.5155337970783468,0.5530763214859236,3,5,2,split_bootstrap_over_split_means
train60_val20_test20,0.6,0.2,0.2,yelpchi,heterophily_rewire_nonoracle,pmp,train_clean_eval_all,f1_macro,False,non_oracle_controlled_stress,True,0.21227301281703945,0.0028127193501405754,0.20903097995684763,0.2140622771081401,0.7075767093901314,0.009375731167135212,0.6967699331894922,0.7135409236938003,3,5,2,split_bootstrap_over_split_means
train60_val20_test20,0.6,0.2,0.2,yelpchi,heterophily_rewire_nonoracle,pmp,train_clean_eval_all,roc_auc,False,non_oracle_controlled_stress,True,0.25090709266135497,0.002532298312665587,0.2479837212508537,0.252423179115928,0.8363569755378499,0.008440994375551998,0.8266124041695123,0.8414105970530933,3,5,2,split_bootstrap_over_split_means
train60_val20_test20,0.6,0.2,0.2,yelpchi,heterophily_rewire_nonoracle,pmp,train_on_variant,average_precision,False,non_oracle_controlled_stress,True,0.16463203568391335,0.006755687382998879,0.15732945362802017,0.17065893894968842,0.5487734522797112,0.02251895794332962,0.5244315120934007,0.5688631298322949,3,5,2,split_bootstrap_over_split_means
train60_val20_test20,0.6,0.2,0.2,yelpchi,heterophily_rewire_nonoracle,pmp,train_on_variant,f1_macro,False,non_oracle_controlled_stress,True,0.21434845691241836,0.0029122446931099588,0.21104987675972317,0.2165640471606988,0.7144948563747279,0.009707482310366397,0.7034995891990774,0.7218801572023293,3,5,2,split_bootstrap_over_split_means
train60_val20_test20,0.6,0.2,0.2,yelpchi,heterophily_rewire_nonoracle,pmp,train_on_variant,roc_auc,False,non_oracle_controlled_stress,True,0.2532303539877983,0.0031196862022032186,0.249631479586334,0.2551658767574957,0.8441011799593278,0.010398954007344198,0.8321049319544466,0.8505529225249857,3,5,2,split_bootstrap_over_split_means
train60_val20_test20,0.6,0.2,0.2,yelpchi,heterophily_rewire_nonoracle,sage,train_clean_eval_all,average_precision,False,non_oracle_controlled_stress,True,0.11548503157747664,0.004023183949128922,0.11125945168907143,0.119269456961468,0.3849501052582554,0.013410613163763073,0.3708648389635714,0.39756485653822665,3,5,2,split_bootstrap_over_split_means
train60_val20_test20,0.6,0.2,0.2,yelpchi,heterophily_rewire_nonoracle,sage,train_clean_eval_all,f1_macro,False,non_oracle_controlled_stress,True,0.19092411125689343,0.0024563488976466954,0.188103779809302,0.19259494497117755,0.6364137041896449,0.008187829658822256,0.6270125993643402,0.6419831499039252,3,5,2,split_bootstrap_over_split_means
train60_val20_test20,0.6,0.2,0.2,yelpchi,heterophily_rewire_nonoracle,sage,train_clean_eval_all,roc_auc,False,non_oracle_controlled_stress,True,0.22558090123057092,0.0033925568555853436,0.2217169989117361,0.22807154387126963,0.7519363374352365,0.011308522851951126,0.7390566630391205,0.7602384795708989,3,5,2,split_bootstrap_over_split_means
train60_val20_test20,0.6,0.2,0.2,yelpchi,heterophily_rewire_nonoracle,sage,train_on_variant,average_precision,False,non_oracle_controlled_stress,True,0.11464306152137227,0.0035296014873392604,0.11080954946880121,0.11775824387685863,0.3821435384045742,0.01176533829113084,0.36936516489600396,0.39252747958952866,3,5,2,split_bootstrap_over_split_means
train60_val20_test20,0.6,0.2,0.2,yelpchi,heterophily_rewire_nonoracle,sage,train_on_variant,f1_macro,False,non_oracle_controlled_stress,True,0.19059930109439108,0.002365146384287459,0.18790245265124203,0.1923207853314075,0.6353310036479702,0.007883821280958324,0.6263415088374733,0.641069284438025,3,5,2,split_bootstrap_over_split_means
train60_val20_test20,0.6,0.2,0.2,yelpchi,heterophily_rewire_nonoracle,sage,train_on_variant,roc_auc,False,non_oracle_controlled_stress,True,0.22505865877715037,0.0030619997082808447,0.2215330528241506,0.22705258771852935,0.750195529257168,0.01020666569426946,0.7384435094138354,0.7568419590617644,3,5,2,split_bootstrap_over_split_means
train60_val20_test20,0.6,0.2,0.2,yelpchi,heterophily_rewire_nonoracle,secgfd,train_clean_eval_all,average_precision,False,non_oracle_controlled_stress,True,0.13519760776863707,0.005300824291167972,0.13191886434711347,0.14131315187863666,0.4506586925621236,0.01766941430389324,0.4397295478237117,0.47104383959545554,3,5,2,split_bootstrap_over_split_means
train60_val20_test20,0.6,0.2,0.2,yelpchi,heterophily_rewire_nonoracle,secgfd,train_clean_eval_all,f1_macro,False,non_oracle_controlled_stress,True,0.20202336461191384,0.0025837931546209493,0.1991503609825939,0.20415655478969028,0.6734112153730462,0.008612643848736532,0.6638345366086462,0.6805218492989674,3,5,2,split_bootstrap_over_split_means
train60_val20_test20,0.6,0.2,0.2,yelpchi,heterophily_rewire_nonoracle,secgfd,train_clean_eval_all,roc_auc,False,non_oracle_controlled_stress,True,0.24001161091926382,0.0035946318839128973,0.23600399978905476,0.24295118790550263,0.8000387030642129,0.011982106279709694,0.7866799992968493,0.8098372930183423,3,5,2,split_bootstrap_over_split_means
train60_val20_test20,0.6,0.2,0.2,yelpchi,heterophily_rewire_nonoracle,secgfd,train_on_variant,average_precision,False,non_oracle_controlled_stress,True,0.13914164592508835,0.00509462201997341,0.13406001716043975,0.14424916253987358,0.46380548641696134,0.016982073399911368,0.4468667238681327,0.4808305417995788,3,5,2,split_bootstrap_over_split_means
train60_val20_test20,0.6,0.2,0.2,yelpchi,heterophily_rewire_nonoracle,secgfd,train_on_variant,f1_macro,False,non_oracle_controlled_stress,True,0.20343469868266253,0.0025957917014677334,0.20044261008400074,0.20508465503716566,0.6781156622755419,0.00865263900489241,0.668142033613336,0.6836155167905522,3,5,2,split_bootstrap_over_split_means
train60_val20_test20,0.6,0.2,0.2,yelpchi,heterophily_rewire_nonoracle,secgfd,train_on_variant,roc_auc,False,non_oracle_controlled_stress,True,0.24177775011014122,0.003703561550050057,0.23752271281647497,0.24427589171516942,0.8059258337004707,0.012345205166833566,0.7917423760549166,0.8142529723838982,3,5,2,split_bootstrap_over_split_means
train60_val20_test20,0.6,0.2,0.2,yelpchi,heterophily_rewire_oracle,mlp,train_clean_eval_all,average_precision,True,oracle_shift_sensitivity_diagnostic,False,0.1272074183827997,0.007235574221695627,0.12046886742542762,0.13485424953778513,0.4240247279426657,0.024118580738985405,0.40156289141809215,0.44951416512595044,3,5,2,split_bootstrap_over_split_means
train60_val20_test20,0.6,0.2,0.2,yelpchi,heterophily_rewire_oracle,mlp,train_clean_eval_all,f1_macro,True,oracle_shift_sensitivity_diagnostic,False,0.1969749520106181,0.0033235105830624195,0.19321477385874974,0.19951950914100394,0.6565831733687272,0.011078368610208037,0.6440492461958326,0.6650650304700133,3,5,2,split_bootstrap_over_split_means
train60_val20_test20,0.6,0.2,0.2,yelpchi,heterophily_rewire_oracle,mlp,train_clean_eval_all,roc_auc,True,oracle_shift_sensitivity_diagnostic,False,0.23714276417887237,0.004919910453981998,0.23171161654542236,0.24130142337524543,0.7904758805962412,0.016399701513273243,0.772372055151408,0.8043380779174848,3,5,2,split_bootstrap_over_split_means
train60_val20_test20,0.6,0.2,0.2,yelpchi,heterophily_rewire_oracle,mlp,train_on_variant,average_precision,True,oracle_privileged_training_diagnostic,False,0.1272074183827997,0.007235574221695627,0.12046886742542762,0.13485424953778513,0.4240247279426657,0.024118580738985405,0.40156289141809215,0.44951416512595044,3,5,2,split_bootstrap_over_split_means
train60_val20_test20,0.6,0.2,0.2,yelpchi,heterophily_rewire_oracle,mlp,train_on_variant,f1_macro,True,oracle_privileged_training_diagnostic,False,0.1969749520106181,0.0033235105830624195,0.19321477385874974,0.19951950914100394,0.6565831733687272,0.011078368610208037,0.6440492461958326,0.6650650304700133,3,5,2,split_bootstrap_over_split_means
train60_val20_test20,0.6,0.2,0.2,yelpchi,heterophily_rewire_oracle,mlp,train_on_variant,roc_auc,True,oracle_privileged_training_diagnostic,False,0.23714276417887237,0.004919910453981998,0.23171161654542236,0.24130142337524543,0.7904758805962412,0.016399701513273243,0.772372055151408,0.8043380779174848,3,5,2,split_bootstrap_over_split_means
train60_val20_test20,0.6,0.2,0.2,yelpchi,heterophily_rewire_oracle,pmp,train_clean_eval_all,average_precision,True,oracle_shift_sensitivity_diagnostic,False,0.13624075821838458,0.005228747336018265,0.13063940988813924,0.1409929629024491,0.45413586072794865,0.017429157786727514,0.4354646996271308,0.46997654300816355,3,5,2,split_bootstrap_over_split_means
train60_val20_test20,0.6,0.2,0.2,yelpchi,heterophily_rewire_oracle,pmp,train_clean_eval_all,f1_macro,True,oracle_shift_sensitivity_diagnostic,False,0.2017682381409016,0.002869413326972715,0.19845566267973389,0.20348507090894227,0.6725607938030054,0.009564711089909103,0.6615188755991128,0.6782835696964741,3,5,2,split_bootstrap_over_split_means
train60_val20_test20,0.6,0.2,0.2,yelpchi,heterophily_rewire_oracle,pmp,train_clean_eval_all,roc_auc,True,oracle_shift_sensitivity_diagnostic,False,0.23909501631443067,0.0029611254714124484,0.23571560187605947,0.24123520394134088,0.7969833877147691,0.009870418238041367,0.7857186729201984,0.804117346471136,3,5,2,split_bootstrap_over_split_means
train60_val20_test20,0.6,0.2,0.2,yelpchi,heterophily_rewire_oracle,pmp,train_on_variant,average_precision,True,oracle_privileged_training_diagnostic,False,0.1838008270801259,0.0075536131084641845,0.17558878354999566,0.19045220280619457,0.6126694236004198,0.02517871036154734,0.5852959451666522,0.6348406760206486,3,5,2,split_bootstrap_over_split_means
train60_val20_test20,0.6,0.2,0.2,yelpchi,heterophily_rewire_oracle,pmp,train_on_variant,f1_macro,True,oracle_privileged_training_diagnostic,False,0.22461443190616645,0.0034557261790221934,0.22064902261572428,0.22698274035561608,0.7487147730205548,0.011519087263407286,0.7354967420524142,0.7566091345187204,3,5,2,split_bootstrap_over_split_means
train60_val20_test20,0.6,0.2,0.2,yelpchi,heterophily_rewire_oracle,pmp,train_on_variant,roc_auc,True,oracle_privileged_training_diagnostic,False,0.26487500662181235,0.0029232452011707416,0.2615058795739097,0.26673873405810583,0.8829166887393747,0.009744150670569099,0.8716862652463657,0.8891291135270191,3,5,2,split_bootstrap_over_split_means
train60_val20_test20,0.6,0.2,0.2,yelpchi,heterophily_rewire_oracle,sage,train_clean_eval_all,average_precision,True,oracle_shift_sensitivity_diagnostic,False,0.11184997573620868,0.004244708841829668,0.10733495590177271,0.11575930285665899,0.372833252454029,0.014149029472765627,0.3577831863392424,0.3858643428555301,3,5,2,split_bootstrap_over_split_means
train60_val20_test20,0.6,0.2,0.2,yelpchi,heterophily_rewire_oracle,sage,train_clean_eval_all,f1_macro,True,oracle_shift_sensitivity_diagnostic,False,0.1893719141991074,0.002866684451084976,0.1860735094647811,0.19126251747455925,0.6312397139970248,0.009555614836950006,0.6202450315492702,0.6375417249151976,3,5,2,split_bootstrap_over_split_means
train60_val20_test20,0.6,0.2,0.2,yelpchi,heterophily_rewire_oracle,sage,train_clean_eval_all,roc_auc,True,oracle_shift_sensitivity_diagnostic,False,0.22433161783929592,0.0037899930109470677,0.21997869098393083,0.22689932015424344,0.7477720594643197,0.012633310036490167,0.7332623032797695,0.7563310671808114,3,5,2,split_bootstrap_over_split_means
train60_val20_test20,0.6,0.2,0.2,yelpchi,heterophily_rewire_oracle,sage,train_on_variant,average_precision,True,oracle_privileged_training_diagnostic,False,0.15254651158527188,0.004259819670101556,0.1476576214357916,0.15546013514579338,0.5084883719509061,0.014199398900338514,0.4921920714526385,0.5182004504859778,3,5,2,split_bootstrap_over_split_means
train60_val20_test20,0.6,0.2,0.2,yelpchi,heterophily_rewire_oracle,sage,train_on_variant,f1_macro,True,oracle_privileged_training_diagnostic,False,0.20955026305901048,0.0028398790554898887,0.206330341438043,0.21169780327379625,0.6985008768633683,0.009466263518299597,0.6877678047934767,0.7056593442459874,3,5,2,split_bootstrap_over_split_means
train60_val20_test20,0.6,0.2,0.2,yelpchi,heterophily_rewire_oracle,sage,train_on_variant,roc_auc,True,oracle_privileged_training_diagnostic,False,0.24947709274519947,0.0024834897887707212,0.2466192433345503,0.2511115511228688,0.8315903091506652,0.008278299295902358,0.8220641444485013,0.8370385037428963,3,5,2,split_bootstrap_over_split_means
train60_val20_test20,0.6,0.2,0.2,yelpchi,heterophily_rewire_oracle,secgfd,train_clean_eval_all,average_precision,True,oracle_shift_sensitivity_diagnostic,False,0.08187779630821262,0.005802389766496389,0.07836598076466152,0.08857517053170032,0.2729259876940421,0.01934129922165466,0.261219935882205,0.2952505684390011,3,5,2,split_bootstrap_over_split_means
train60_val20_test20,0.6,0.2,0.2,yelpchi,heterophily_rewire_oracle,secgfd,train_clean_eval_all,f1_macro,True,oracle_shift_sensitivity_diagnostic,False,0.17113052452833766,0.0025989579308953134,0.16935318793930873,0.17411332469872287,0.5704350817611256,0.00866319310298436,0.5645106264643626,0.5803777489957429,3,5,2,split_bootstrap_over_split_means
train60_val20_test20,0.6,0.2,0.2,yelpchi,heterophily_rewire_oracle,secgfd,train_clean_eval_all,roc_auc,True,oracle_shift_sensitivity_diagnostic,False,0.1961064874610504,0.006615727811642932,0.18988263302030103,0.20305450401863023,0.6536882915368348,0.02205242603880974,0.6329421100676702,0.6768483467287675,3,5,2,split_bootstrap_over_split_means
train60_val20_test20,0.6,0.2,0.2,yelpchi,heterophily_rewire_oracle,secgfd,train_on_variant,average_precision,True,oracle_privileged_training_diagnostic,False,0.2583579883444589,0.0008174873230596338,0.2577637475830166,0.259290281112366,0.8611932944815296,0.0027249577435321973,0.8592124919433889,0.8643009370412204,3,5,2,split_bootstrap_over_split_means
train60_val20_test20,0.6,0.2,0.2,yelpchi,heterophily_rewire_oracle,secgfd,train_on_variant,f1_macro,True,oracle_privileged_training_diagnostic,False,0.273417635897191,0.0002825937642802167,0.27309465929334464,0.2736194208569901,0.9113921196573035,0.0009419792142673572,0.9103155309778156,0.9120647361899671,3,5,2,split_bootstrap_over_split_means
train60_val20_test20,0.6,0.2,0.2,yelpchi,heterophily_rewire_oracle,secgfd,train_on_variant,roc_auc,True,oracle_privileged_training_diagnostic,False,0.28493647133241157,0.0006951048249291623,0.2841440654841031,0.28544331080710267,0.9497882377747052,0.0023170160830972373,0.9471468849470103,0.9514777026903424,3,5,2,split_bootstrap_over_split_means
train60_val20_test20,0.6,0.2,0.2,yelpchi,noise_edges_uniform,mlp,train_clean_eval_all,average_precision,False,non_oracle_controlled_stress,True,0.08480494558853313,0.004823716147797095,0.0803125782836184,0.0899028330251901,0.4240247279426657,0.024118580738985405,0.40156289141809215,0.44951416512595044,3,5,2,split_bootstrap_over_split_means
train60_val20_test20,0.6,0.2,0.2,yelpchi,noise_edges_uniform,mlp,train_clean_eval_all,f1_macro,False,non_oracle_controlled_stress,True,0.13131663467374544,0.00221567372204162,0.12880984923916652,0.13301300609400268,0.6565831733687272,0.011078368610208037,0.6440492461958326,0.6650650304700133,3,5,2,split_bootstrap_over_split_means
train60_val20_test20,0.6,0.2,0.2,yelpchi,noise_edges_uniform,mlp,train_clean_eval_all,roc_auc,False,non_oracle_controlled_stress,True,0.15809517611924828,0.0032799403026546278,0.15447441103028164,0.16086761558349696,0.7904758805962412,0.016399701513273243,0.772372055151408,0.8043380779174848,3,5,2,split_bootstrap_over_split_means
train60_val20_test20,0.6,0.2,0.2,yelpchi,noise_edges_uniform,mlp,train_on_variant,average_precision,False,non_oracle_controlled_stress,True,0.08480494558853313,0.004823716147797095,0.0803125782836184,0.0899028330251901,0.4240247279426657,0.024118580738985405,0.40156289141809215,0.44951416512595044,3,5,2,split_bootstrap_over_split_means
train60_val20_test20,0.6,0.2,0.2,yelpchi,noise_edges_uniform,mlp,train_on_variant,f1_macro,False,non_oracle_controlled_stress,True,0.13131663467374544,0.00221567372204162,0.12880984923916652,0.13301300609400268,0.6565831733687272,0.011078368610208037,0.6440492461958326,0.6650650304700133,3,5,2,split_bootstrap_over_split_means
train60_val20_test20,0.6,0.2,0.2,yelpchi,noise_edges_uniform,mlp,train_on_variant,roc_auc,False,non_oracle_controlled_stress,True,0.15809517611924828,0.0032799403026546278,0.15447441103028164,0.16086761558349696,0.7904758805962412,0.016399701513273243,0.772372055151408,0.8043380779174848,3,5,2,split_bootstrap_over_split_means
train60_val20_test20,0.6,0.2,0.2,yelpchi,noise_edges_uniform,pmp,train_clean_eval_all,average_precision,False,non_oracle_controlled_stress,True,0.11014753512790458,0.00466746192955694,0.1051193664281244,0.11434189936780599,0.5507376756395229,0.023337309647784615,0.525596832140622,0.5717094968390299,3,5,2,split_bootstrap_over_split_means
train60_val20_test20,0.6,0.2,0.2,yelpchi,noise_edges_uniform,pmp,train_clean_eval_all,f1_macro,False,non_oracle_controlled_stress,True,0.14293470204086534,0.002124162703400033,0.1405079790295349,0.14445681710557934,0.7146735102043266,0.01062081351700006,0.7025398951476746,0.7222840855278966,3,5,2,split_bootstrap_over_split_means
train60_val20_test20,0.6,0.2,0.2,yelpchi,noise_edges_uniform,pmp,train_clean_eval_all,roc_auc,False,non_oracle_controlled_stress,True,0.16870437666545732,0.0020910797882631865,0.16629492375673804,0.1700451810070033,0.8435218833272865,0.010455398941315851,0.8314746187836904,0.8502259050350164,3,5,2,split_bootstrap_over_split_means
train60_val20_test20,0.6,0.2,0.2,yelpchi,noise_edges_uniform,pmp,train_on_variant,average_precision,False,non_oracle_controlled_stress,True,0.11114920461255151,0.004354799308912401,0.10647498925061168,0.11509194615077474,0.5557460230627574,0.021773996544561938,0.5323749462530584,0.5754597307538736,3,5,2,split_bootstrap_over_split_means
train60_val20_test20,0.6,0.2,0.2,yelpchi,noise_edges_uniform,pmp,train_on_variant,f1_macro,False,non_oracle_controlled_stress,True,0.14343235497840737,0.001890594202031593,0.14130153715767144,0.1449089305190861,0.7171617748920368,0.009452971010157938,0.7065076857883573,0.7245446525954304,3,5,2,split_bootstrap_over_split_means
train60_val20_test20,0.6,0.2,0.2,yelpchi,noise_edges_uniform,pmp,train_on_variant,roc_auc,False,non_oracle_controlled_stress,True,0.16927815694667184,0.0020198026939213434,0.16697613865636854,0.17075341409213143,0.846390784733359,0.010099013469606647,0.8348806932818427,0.8537670704606569,3,5,2,split_bootstrap_over_split_means
train60_val20_test20,0.6,0.2,0.2,yelpchi,noise_edges_uniform,sage,train_clean_eval_all,average_precision,False,non_oracle_controlled_stress,True,0.07742627634151023,0.0027673538430084492,0.07454972535297225,0.08006968174585925,0.387131381707551,0.013836769215042207,0.37274862676486126,0.40034840872929617,3,5,2,split_bootstrap_over_split_means
train60_val20_test20,0.6,0.2,0.2,yelpchi,noise_edges_uniform,sage,train_clean_eval_all,f1_macro,False,non_oracle_controlled_stress,True,0.12746307038486246,0.0016049210821682317,0.12561368514214918,0.1284907307099607,0.6373153519243123,0.008024605410841153,0.628068425710746,0.6424536535498034,3,5,2,split_bootstrap_over_split_means
train60_val20_test20,0.6,0.2,0.2,yelpchi,noise_edges_uniform,sage,train_clean_eval_all,roc_auc,False,non_oracle_controlled_stress,True,0.15075291523305223,0.0022613623473021404,0.14819089608461283,0.15247073492399113,0.7537645761652612,0.011306811736510717,0.740954480423064,0.7623536746199556,3,5,2,split_bootstrap_over_split_means
train60_val20_test20,0.6,0.2,0.2,yelpchi,noise_edges_uniform,sage,train_on_variant,average_precision,False,non_oracle_controlled_stress,True,0.07647376614249876,0.002668689934496806,0.07355656608157893,0.07879222884798973,0.3823688307124938,0.013343449672484011,0.36778283040789467,0.3939611442399486,3,5,2,split_bootstrap_over_split_means
train60_val20_test20,0.6,0.2,0.2,yelpchi,noise_edges_uniform,sage,train_on_variant,f1_macro,False,non_oracle_controlled_stress,True,0.12701233033115233,0.0016634435805088768,0.12513201709697958,0.1282921355189442,0.6350616516557617,0.008317217902544352,0.6256600854848979,0.6414606775947209,3,5,2,split_bootstrap_over_split_means
train60_val20_test20,0.6,0.2,0.2,yelpchi,noise_edges_uniform,sage,train_on_variant,roc_auc,False,non_oracle_controlled_stress,True,0.15014845253802478,0.0022723707480411005,0.1475474312322402,0.15174843763338905,0.750742262690124,0.011361853740205484,0.7377371561612011,0.7587421881669453,3,5,2,split_bootstrap_over_split_means
train60_val20_test20,0.6,0.2,0.2,yelpchi,noise_edges_uniform,secgfd,train_clean_eval_all,average_precision,False,non_oracle_controlled_stress,True,0.0904616363068273,0.0034036499865764142,0.0882292083917483,0.09437910577468778,0.4523081815341364,0.0170182499328821,0.44114604195874146,0.47189552887343894,3,5,2,split_bootstrap_over_split_means
train60_val20_test20,0.6,0.2,0.2,yelpchi,noise_edges_uniform,secgfd,train_clean_eval_all,f1_macro,False,non_oracle_controlled_stress,True,0.13502271313893952,0.0013340092645716221,0.13349710042342908,0.13596980215911197,0.6751135656946975,0.006670046322857994,0.6674855021171456,0.6798490107955598,3,5,2,split_bootstrap_over_split_means
train60_val20_test20,0.6,0.2,0.2,yelpchi,noise_edges_uniform,secgfd,train_clean_eval_all,roc_auc,False,non_oracle_controlled_stress,True,0.1603051154882191,0.002334885411945357,0.15770840939683772,0.16223158316767688,0.8015255774410953,0.011674427059726872,0.7885420469841883,0.8111579158383844,3,5,2,split_bootstrap_over_split_means
train60_val20_test20,0.6,0.2,0.2,yelpchi,noise_edges_uniform,secgfd,train_on_variant,average_precision,False,non_oracle_controlled_stress,True,0.09283597384652971,0.002845226336539133,0.09022083529217291,0.09586578023347941,0.4641798692326485,0.014226131682695682,0.45110417646086454,0.47932890116739707,3,5,2,split_bootstrap_over_split_means
train60_val20_test20,0.6,0.2,0.2,yelpchi,noise_edges_uniform,secgfd,train_on_variant,f1_macro,False,non_oracle_controlled_stress,True,0.13548632774454358,0.0015664553341008054,0.13371755931101081,0.13669839471205583,0.677431638722718,0.007832276670503988,0.6685877965550541,0.683491973560279,3,5,2,split_bootstrap_over_split_means
train60_val20_test20,0.6,0.2,0.2,yelpchi,noise_edges_uniform,secgfd,train_on_variant,roc_auc,False,non_oracle_controlled_stress,True,0.1611752579203863,0.002177579748828056,0.1586751809041032,0.16265781470091895,0.8058762896019317,0.010887898744140336,0.793375904520516,0.8132890735045949,3,5,2,split_bootstrap_over_split_means
