split_regime_id,train_size,val_size,test_size,dataset_id,model_id,protocol,metric,worst_scenario_id,worst_severity,oracle_labels,claim_scope,operational_ranking_eligible,worst_mean,worst_std,worst_ci_lower,worst_ci_upper,clean_mean,clean_std,clean_ci_lower,clean_ci_upper,drop_from_clean_mean,drop_from_clean_std,drop_from_clean_ci_lower,drop_from_clean_ci_upper,retention_fraction_mean,retention_fraction_std,retention_fraction_ci_lower,retention_fraction_ci_upper,n_splits,min_runs_per_split,min_training_seeds_per_split,min_graph_seeds_per_split,ci_method,drop_ci_method,retention_ci_method,selection_method
train40_val20_test40,0.4,0.2,0.4,yelpchi,mlp,train_clean_eval_all,average_precision,camouflage_feature_oracle,0.3,True,oracle_shift_sensitivity_diagnostic,False,0.32150850593836605,0.0037117177159466286,0.31789541106302255,0.3253115521787414,0.4060183289392887,0.005707179290994764,0.39992793265853593,0.41124348128035465,0.08450982300092265,0.002153235373335272,0.08203252159551336,0.08593192910161324,0.7927873760554495,0.0027510225141224825,0.7906159496749461,0.7958810248718479,3,10,5,2,split_bootstrap_over_split_means,split_bootstrap_over_split_means,split_bootstrap_over_split_means,minimum_configured_nonzero_point_cross_split_mean
train40_val20_test40,0.4,0.2,0.4,yelpchi,mlp,train_clean_eval_all,f1_macro,camouflage_feature_oracle,0.3,True,oracle_shift_sensitivity_diagnostic,False,0.612861462917789,0.003347675365323874,0.6106823852106926,0.6167160778302229,0.6538326159046216,0.004060001895576253,0.6502925106481887,0.6582643139773169,0.040971152986832675,0.0011832137949400608,0.03961012543749608,0.0417550973759078,0.9374355184258821,0.0015514047874865336,0.936153940520188,0.9391602932496536,3,10,5,2,split_bootstrap_over_split_means,split_bootstrap_over_split_means,split_bootstrap_over_split_means,minimum_configured_nonzero_point_cross_split_mean
train40_val20_test40,0.4,0.2,0.4,yelpchi,mlp,train_clean_eval_all,roc_auc,camouflage_feature_oracle,0.3,True,oracle_shift_sensitivity_diagnostic,False,0.6986191190842602,0.003715105186521319,0.6955934947029311,0.7027655987509451,0.7823719533628771,0.004440726318102569,0.7797431422795956,0.7874991091518592,0.08375283427861689,0.0012281415947504864,0.08237534485827225,0.08473351040091405,0.8930690778653951,0.0012457861925536694,0.8921831523979078,0.8944935370520618,3,10,5,2,split_bootstrap_over_split_means,split_bootstrap_over_split_means,split_bootstrap_over_split_means,minimum_configured_nonzero_point_cross_split_mean
train40_val20_test40,0.4,0.2,0.4,yelpchi,mlp,train_on_variant,average_precision,camouflage_feature_oracle,0.3,True,oracle_privileged_training_diagnostic,False,0.31711153171297973,0.006091648597481776,0.3121636764024629,0.32391526635063866,0.4060183289392887,0.005707179290994764,0.39992793265853593,0.41124348128035465,0.08890679722630901,0.0023666256325264898,0.08732821492971603,0.09162792049313802,0.7850187004452973,0.006418303965546062,0.7807125568268972,0.7923955133609676,3,10,5,2,split_bootstrap_over_split_means,split_bootstrap_over_split_means,split_bootstrap_over_split_means,minimum_configured_nonzero_point_cross_split_mean
train40_val20_test40,0.4,0.2,0.4,yelpchi,mlp,train_on_variant,f1_macro,camouflage_feature_oracle,0.3,True,oracle_privileged_training_diagnostic,False,0.6110813415879256,0.0054833806516652005,0.6076117233032663,0.6174029551832622,0.6538326159046216,0.004060001895576253,0.6502925106481887,0.6582643139773169,0.04275127431669614,0.0023120868599460884,0.04086135879405477,0.045329299785092904,0.9349164136389502,0.003675925112438089,0.9310077362629027,0.9383039677014846,3,10,5,2,split_bootstrap_over_split_means,split_bootstrap_over_split_means,split_bootstrap_over_split_means,minimum_configured_nonzero_point_cross_split_mean
train40_val20_test40,0.4,0.2,0.4,yelpchi,mlp,train_on_variant,roc_auc,camouflage_feature_oracle,0.3,True,oracle_privileged_training_diagnostic,False,0.6951727499843744,0.005192756895691755,0.6915298182593569,0.7011187170910217,0.7823719533628771,0.004440726318102569,0.7797431422795956,0.7874991091518592,0.08719920337850266,0.0009319437702995454,0.08638039206083757,0.08821332402023856,0.8888617840597428,0.0017230976237280274,0.887290824806246,0.8907046806755673,3,10,5,2,split_bootstrap_over_split_means,split_bootstrap_over_split_means,split_bootstrap_over_split_means,minimum_configured_nonzero_point_cross_split_mean
train40_val20_test40,0.4,0.2,0.4,yelpchi,pmp,train_clean_eval_all,average_precision,heterophily_rewire_oracle,0.3,True,oracle_shift_sensitivity_diagnostic,False,0.38230728552681525,0.006017761515455681,0.3753585742593924,0.3857851693884138,0.5552613216133242,0.002669828395410064,0.5522394269132922,0.5573005662067334,0.17295403608650886,0.003440973522869273,0.17046585878730713,0.17688085265389977,0.6887064171431795,0.007974424079291833,0.6795113954438269,0.693728335058908,3,10,5,2,split_bootstrap_over_split_means,split_bootstrap_over_split_means,split_bootstrap_over_split_means,minimum_configured_nonzero_point_cross_split_mean
train40_val20_test40,0.4,0.2,0.4,yelpchi,pmp,train_clean_eval_all,f1_macro,heterophily_rewire_oracle,0.3,True,oracle_shift_sensitivity_diagnostic,False,0.6408251762797529,0.0024941769112149723,0.6384915969092365,0.6434537196910413,0.7174531815578268,0.0006039508497571604,0.7168199074913527,0.7180227604746475,0.07662800527807388,0.0022472998896480483,0.07456904078360624,0.07902527979824367,0.893207628638581,0.0031633075122992856,0.8898729494791248,0.89616587898013,3,10,5,2,split_bootstrap_over_split_means,split_bootstrap_over_split_means,split_bootstrap_over_split_means,minimum_configured_nonzero_point_cross_split_mean
train40_val20_test40,0.4,0.2,0.4,yelpchi,pmp,train_clean_eval_all,roc_auc,camouflage_feature_oracle,0.3,True,oracle_shift_sensitivity_diagnostic,False,0.7594849363772456,0.0021591560177487163,0.7570320884453091,0.7610981515996776,0.8456095121048636,0.0008522075206968861,0.8451136884200032,0.8465935467722904,0.08612457572761807,0.001730459613081608,0.08479673203554709,0.08808159997469418,0.8981502274128231,0.002078841271622047,0.895778551041254,0.8996569151334445,3,10,5,2,split_bootstrap_over_split_means,split_bootstrap_over_split_means,split_bootstrap_over_split_means,minimum_configured_nonzero_point_cross_split_mean
train40_val20_test40,0.4,0.2,0.4,yelpchi,pmp,train_on_variant,average_precision,camouflage_feature_oracle,0.3,True,oracle_privileged_training_diagnostic,False,0.42705899633532834,0.007633906837000019,0.42213154424794325,0.43585254824873393,0.5552613216133242,0.002669828395410064,0.5522394269132922,0.5573005662067334,0.1282023252779959,0.0070538793831405955,0.12039142347121297,0.13410766969742574,0.7694861754608313,0.01235428119643433,0.760353879131696,0.7835433265596633,3,10,5,2,split_bootstrap_over_split_means,split_bootstrap_over_split_means,split_bootstrap_over_split_means,minimum_configured_nonzero_point_cross_split_mean
train40_val20_test40,0.4,0.2,0.4,yelpchi,pmp,train_on_variant,f1_macro,camouflage_feature_oracle,0.3,True,oracle_privileged_training_diagnostic,False,0.662812292558678,0.001279750220816777,0.6613420775315346,0.6636762855180998,0.7174531815578268,0.0006039508497571604,0.7168199074913527,0.7180227604746475,0.05464088899914878,0.0015159207924268802,0.053143621973252696,0.05617479917594553,0.9238565085757559,0.0020722767614077156,0.9217294404723383,0.9258692617478147,3,10,5,2,split_bootstrap_over_split_means,split_bootstrap_over_split_means,split_bootstrap_over_split_means,minimum_configured_nonzero_point_cross_split_mean
train40_val20_test40,0.4,0.2,0.4,yelpchi,pmp,train_on_variant,roc_auc,camouflage_feature_oracle,0.3,True,oracle_privileged_training_diagnostic,False,0.761130767995577,0.004637367196980213,0.7564727823026299,0.7657472379420133,0.8456095121048636,0.0008522075206968861,0.8451136884200032,0.8465935467722904,0.08447874410928652,0.004704768957386008,0.07937406318028405,0.08864090611737323,0.9001081821026068,0.00554732918749182,0.8951129814201385,0.9060783663119137,3,10,5,2,split_bootstrap_over_split_means,split_bootstrap_over_split_means,split_bootstrap_over_split_means,minimum_configured_nonzero_point_cross_split_mean
train40_val20_test40,0.4,0.2,0.4,yelpchi,sage,train_clean_eval_all,average_precision,camouflage_feature_oracle,0.3,True,oracle_shift_sensitivity_diagnostic,False,0.3161064790996825,0.01797604028803129,0.3055517010866472,0.33686241843426973,0.39821984499025387,0.027049927016352417,0.38179236868125566,0.42944014890711674,0.08211336589057143,0.009116769954373069,0.0758870509031251,0.09257773047284716,0.8024487455226957,0.015720806450136196,0.7844466793982127,0.8134716507074865,3,10,5,2,split_bootstrap_over_split_means,split_bootstrap_over_split_means,split_bootstrap_over_split_means,minimum_configured_nonzero_point_cross_split_mean
train40_val20_test40,0.4,0.2,0.4,yelpchi,sage,train_clean_eval_all,f1_macro,camouflage_feature_oracle,0.3,True,oracle_shift_sensitivity_diagnostic,False,0.6091406084028067,0.014428632184635878,0.6003219527274658,0.6257916236559989,0.6490481483492816,0.01872261321720637,0.6375118690202062,0.6706504896075932,0.039907539946474925,0.004460418875774938,0.03620362019525072,0.04485886595159444,0.9393902205775023,0.005746832337033664,0.9331185690355154,0.9444037769233908,3,10,5,2,split_bootstrap_over_split_means,split_bootstrap_over_split_means,split_bootstrap_over_split_means,minimum_configured_nonzero_point_cross_split_mean
train40_val20_test40,0.4,0.2,0.4,yelpchi,sage,train_clean_eval_all,roc_auc,camouflage_feature_oracle,0.3,True,oracle_shift_sensitivity_diagnostic,False,0.6872483512798739,0.018430981711054614,0.6742201386750429,0.7083364187485518,0.7649293071507189,0.023876909626646715,0.7495764898410918,0.7924381403626047,0.07768095587084488,0.005630655157942064,0.07358479483243288,0.08410172161405298,0.8996615711419843,0.005180233633870167,0.8938722038949866,0.9038590366585959,3,10,5,2,split_bootstrap_over_split_means,split_bootstrap_over_split_means,split_bootstrap_over_split_means,minimum_configured_nonzero_point_cross_split_mean
train40_val20_test40,0.4,0.2,0.4,yelpchi,sage,train_on_variant,average_precision,camouflage_feature_oracle,0.3,True,oracle_privileged_training_diagnostic,False,0.3009371208959651,0.017448969860560794,0.2813197174582062,0.3147251015652216,0.3992330266056244,0.027199513546312667,0.38337358882194267,0.43063980263938983,0.0982959057096593,0.027648546453771256,0.06896058679031905,0.12387325897492248,0.8064818429013877,0.10345333518702836,0.7111624559097928,0.9164973974607576,3,10,5,2,split_bootstrap_over_split_means,split_bootstrap_over_split_means,split_bootstrap_over_split_means,minimum_configured_nonzero_point_cross_split_mean
train40_val20_test40,0.4,0.2,0.4,yelpchi,sage,train_on_variant,f1_macro,camouflage_feature_oracle,0.3,True,oracle_privileged_training_diagnostic,False,0.6004997217303187,0.010689443451123442,0.5881711392664652,0.6071824163946593,0.6497380235622016,0.018267488849658873,0.6382223651484653,0.6708008636264987,0.04923830183188279,0.015953736876317764,0.03207675561863366,0.06361844723183938,0.9281713766258256,0.026103570889447435,0.9050417367561625,0.9564742141495227,3,10,5,2,split_bootstrap_over_split_means,split_bootstrap_over_split_means,split_bootstrap_over_split_means,minimum_configured_nonzero_point_cross_split_mean
train40_val20_test40,0.4,0.2,0.4,yelpchi,sage,train_on_variant,roc_auc,camouflage_feature_oracle,0.3,True,oracle_privileged_training_diagnostic,False,0.6730039888400388,0.016179320192295475,0.6544335118110267,0.684056552754979,0.7651267213218675,0.023869605594869475,0.7494028649676207,0.7925929430916682,0.09212273248182862,0.02151333389635847,0.06932780315133481,0.11207104113755688,0.8853931359175875,0.03013443118852013,0.8585590173972335,0.9179943424218395,3,10,5,2,split_bootstrap_over_split_means,split_bootstrap_over_split_means,split_bootstrap_over_split_means,minimum_configured_nonzero_point_cross_split_mean
train40_val20_test40,0.4,0.2,0.4,yelpchi,secgfd,train_clean_eval_all,average_precision,heterophily_rewire_oracle,0.3,True,oracle_shift_sensitivity_diagnostic,False,0.13653620855754528,0.0049183738443103605,0.13138781348322387,0.14118668218218172,0.45212708842776705,0.0016750860267174402,0.45104574600768627,0.4540566214469175,0.3155908798702218,0.003767582160876231,0.31286993926473583,0.3198910843454736,0.30154194533108697,0.0099561417141264,0.2906627532973741,0.3101997929465551,3,10,5,2,split_bootstrap_over_split_means,split_bootstrap_over_split_means,split_bootstrap_over_split_means,minimum_configured_nonzero_point_cross_split_mean
train40_val20_test40,0.4,0.2,0.4,yelpchi,secgfd,train_clean_eval_all,f1_macro,heterophily_rewire_oracle,0.3,True,oracle_shift_sensitivity_diagnostic,False,0.4798815475533475,0.008133083825147656,0.4716382951100287,0.4878997933835481,0.6754057891957593,0.0025681276060250816,0.6736884583885713,0.6783581022714417,0.19552424164241192,0.008698721280928436,0.18578866500502303,0.20253251181723667,0.7103505668927408,0.012564385136102594,0.6993874760871529,0.7240614351011878,3,10,5,2,split_bootstrap_over_split_means,split_bootstrap_over_split_means,split_bootstrap_over_split_means,minimum_configured_nonzero_point_cross_split_mean
train40_val20_test40,0.4,0.2,0.4,yelpchi,secgfd,train_clean_eval_all,roc_auc,heterophily_rewire_oracle,0.3,True,oracle_shift_sensitivity_diagnostic,False,0.4736180412532877,0.013606286375739234,0.4614253191523014,0.4882954380667128,0.8011457561582537,0.0016285610614605228,0.7998226116504265,0.8029645568206764,0.32752771490496607,0.011988482115174648,0.3146691187539636,0.33839729249812506,0.5908544723840435,0.01588315043824387,0.5765632760869321,0.6079547553162555,3,10,5,2,split_bootstrap_over_split_means,split_bootstrap_over_split_means,split_bootstrap_over_split_means,minimum_configured_nonzero_point_cross_split_mean
train40_val20_test40,0.4,0.2,0.4,yelpchi,secgfd,train_on_variant,average_precision,camouflage_feature_oracle,0.3,True,oracle_privileged_training_diagnostic,False,0.3699969781570891,0.01121520970570349,0.3576074094204828,0.37945594215182005,0.4497688826157887,0.00459049103713546,0.4456039405696373,0.45469081684098045,0.07977190445869957,0.00938018224377557,0.06955594828492824,0.08799653114915447,0.8224727861565612,0.021257937782607636,0.802264200866699,0.844643964448004,3,10,5,2,split_bootstrap_over_split_means,split_bootstrap_over_split_means,split_bootstrap_over_split_means,minimum_configured_nonzero_point_cross_split_mean
train40_val20_test40,0.4,0.2,0.4,yelpchi,secgfd,train_on_variant,f1_macro,camouflage_feature_oracle,0.3,True,oracle_privileged_training_diagnostic,False,0.635812420341027,0.007139247272916402,0.6287729722246768,0.6430474477901453,0.6745586040730145,0.002368589455694476,0.6725465837860035,0.6771689978312204,0.038746183731987356,0.004838621212302622,0.034121550041074956,0.04377361156132679,0.9425863338983689,0.00732349972239969,0.9349620733791383,0.9495665293143792,3,10,5,2,split_bootstrap_over_split_means,split_bootstrap_over_split_means,split_bootstrap_over_split_means,minimum_configured_nonzero_point_cross_split_mean
train40_val20_test40,0.4,0.2,0.4,yelpchi,secgfd,train_on_variant,roc_auc,camouflage_feature_oracle,0.3,True,oracle_privileged_training_diagnostic,False,0.7246329106203326,0.010878814215876569,0.7132612702293986,0.7349407373993103,0.7998821460312574,0.003050446903509094,0.7964928142378684,0.8024072026834824,0.0752492354109246,0.00788443330219883,0.06746646528417197,0.08323154400846983,0.9058313679178102,0.010172200988674999,0.89547580267502,0.9158097103326813,3,10,5,2,split_bootstrap_over_split_means,split_bootstrap_over_split_means,split_bootstrap_over_split_means,minimum_configured_nonzero_point_cross_split_mean
train60_val20_test20,0.6,0.2,0.2,yelpchi,mlp,train_clean_eval_all,average_precision,camouflage_feature_oracle,0.3,True,oracle_shift_sensitivity_diagnostic,False,0.3358878380152512,0.021572039163921915,0.31720663531057264,0.3594977201069905,0.4240247279426657,0.024118580738985405,0.40156289141809215,0.44951416512595044,0.08813688992741449,0.003274142617058115,0.08435625610751944,0.09003796865576423,0.7924745904291273,0.006591829617740532,0.7869101469771557,0.7997545832155027,3,10,5,2,split_bootstrap_over_split_means,split_bootstrap_over_split_means,split_bootstrap_over_split_means,minimum_configured_nonzero_point_cross_split_mean
train60_val20_test20,0.6,0.2,0.2,yelpchi,mlp,train_clean_eval_all,f1_macro,camouflage_feature_oracle,0.3,True,oracle_shift_sensitivity_diagnostic,False,0.6151407902327919,0.01006878971209885,0.6038680298487147,0.623241755838009,0.6565831733687272,0.011078368610208037,0.6440492461958326,0.6650650304700133,0.041442383135935214,0.0011203804246809014,0.04018121634711793,0.042322658428683345,0.9369629479754963,0.0008612650753600782,0.9360349064165501,0.9377365356761457,3,10,5,2,split_bootstrap_over_split_means,split_bootstrap_over_split_means,split_bootstrap_over_split_means,minimum_configured_nonzero_point_cross_split_mean
train60_val20_test20,0.6,0.2,0.2,yelpchi,mlp,train_clean_eval_all,roc_auc,camouflage_feature_oracle,0.3,True,oracle_shift_sensitivity_diagnostic,False,0.7039179485352106,0.012464331593767496,0.6907582699290827,0.7155452333621962,0.7904758805962414,0.01639970151327326,0.772372055151408,0.8043380779174848,0.08655793206103068,0.004288319749785781,0.08161378522232522,0.08926716640547823,0.8906355545955621,0.003436497074513597,0.887829995246945,0.8944685893386198,3,10,5,2,split_bootstrap_over_split_means,split_bootstrap_over_split_means,split_bootstrap_over_split_means,minimum_configured_nonzero_point_cross_split_mean
train60_val20_test20,0.6,0.2,0.2,yelpchi,mlp,train_on_variant,average_precision,camouflage_feature_oracle,0.3,True,oracle_privileged_training_diagnostic,False,0.3370944219112257,0.016119225097458556,0.32014120655353506,0.35222465901463024,0.4240247279426657,0.024118580738985405,0.40156289141809215,0.44951416512595044,0.08693030603144002,0.00897736178524724,0.081421684864557,0.09728950611132021,0.8004485210504814,0.015925556711859724,0.7835843093523754,0.8152305977210231,3,10,5,2,split_bootstrap_over_split_means,split_bootstrap_over_split_means,split_bootstrap_over_split_means,minimum_configured_nonzero_point_cross_split_mean
train60_val20_test20,0.6,0.2,0.2,yelpchi,mlp,train_on_variant,f1_macro,camouflage_feature_oracle,0.3,True,oracle_privileged_training_diagnostic,False,0.6152967441754916,0.009344318782598603,0.6047564323896217,0.6225650652526177,0.6565831733687272,0.011078368610208037,0.6440492461958326,0.6650650304700133,0.041286429193235365,0.004553102275922261,0.038070178187717615,0.04649629558577769,0.9376031473704903,0.006731109490770462,0.9301286935901562,0.943186245461737,3,10,5,2,split_bootstrap_over_split_means,split_bootstrap_over_split_means,split_bootstrap_over_split_means,minimum_configured_nonzero_point_cross_split_mean
train60_val20_test20,0.6,0.2,0.2,yelpchi,mlp,train_on_variant,roc_auc,camouflage_feature_oracle,0.3,True,oracle_privileged_training_diagnostic,False,0.7031113419164726,0.010645974385831702,0.6908522567898826,0.710030121147725,0.7904758805962414,0.01639970151327326,0.772372055151408,0.8043380779174848,0.08736453867976875,0.006464485169224533,0.0815197983615254,0.09430795676975985,0.8899789057263003,0.006393250154281456,0.8827550026309696,0.8949080761575129,3,10,5,2,split_bootstrap_over_split_means,split_bootstrap_over_split_means,split_bootstrap_over_split_means,minimum_configured_nonzero_point_cross_split_mean
train60_val20_test20,0.6,0.2,0.2,yelpchi,pmp,train_clean_eval_all,average_precision,heterophily_rewire_oracle,0.3,True,oracle_shift_sensitivity_diagnostic,False,0.3792084261277813,0.012060353309122382,0.3662248137108623,0.3900615943249181,0.5824861888615543,0.024092330798164717,0.5566655594418857,0.6043637621026958,0.20327776273377315,0.012033538012906906,0.19044074573102324,0.2143021677777778,0.650991087255035,0.006215736022755614,0.6456102082359492,0.6577949170987248,3,10,5,2,split_bootstrap_over_split_means,split_bootstrap_over_split_means,split_bootstrap_over_split_means,minimum_configured_nonzero_point_cross_split_mean
train60_val20_test20,0.6,0.2,0.2,yelpchi,pmp,train_clean_eval_all,f1_macro,heterophily_rewire_oracle,0.3,True,oracle_shift_sensitivity_diagnostic,False,0.6410767321008455,0.008673169887422501,0.6311522162050401,0.6472016869445565,0.7267111090842772,0.010712730913705254,0.7145996249882615,0.7349455131926849,0.08563437698343164,0.0038408074809575987,0.08338650212732883,0.09006922003974481,0.8821836925751917,0.004230517041498044,0.8775253506094209,0.8857865048089243,3,10,5,2,split_bootstrap_over_split_means,split_bootstrap_over_split_means,split_bootstrap_over_split_means,minimum_configured_nonzero_point_cross_split_mean
train60_val20_test20,0.6,0.2,0.2,yelpchi,pmp,train_clean_eval_all,roc_auc,heterophily_rewire_oracle,0.3,True,oracle_shift_sensitivity_diagnostic,False,0.7599455763244386,0.008784385518774227,0.7499091906563654,0.7662360313105966,0.8535880822367486,0.010785669179176458,0.8411706849793287,0.860625541178336,0.09364250591230981,0.0021091718808256385,0.09126149432296306,0.0952765135462273,0.890286322788585,0.0012353661366083695,0.8890379170726413,0.8915082227837242,3,10,5,2,split_bootstrap_over_split_means,split_bootstrap_over_split_means,split_bootstrap_over_split_means,minimum_configured_nonzero_point_cross_split_mean
train60_val20_test20,0.6,0.2,0.2,yelpchi,pmp,train_on_variant,average_precision,camouflage_feature_oracle,0.3,True,oracle_privileged_training_diagnostic,False,0.44875939113998875,0.025283162199795893,0.430088564052218,0.4775315856085826,0.5824861888615543,0.024092330798164717,0.5566655594418857,0.6043637621026958,0.13372679772156568,0.01216349679100734,0.12657699538966768,0.1477712212809162,0.7708567901261146,0.02172830941421057,0.7480726961328505,0.7913473658872916,3,10,5,2,split_bootstrap_over_split_means,split_bootstrap_over_split_means,split_bootstrap_over_split_means,minimum_configured_nonzero_point_cross_split_mean
train60_val20_test20,0.6,0.2,0.2,yelpchi,pmp,train_on_variant,f1_macro,camouflage_feature_oracle,0.3,True,oracle_privileged_training_diagnostic,False,0.6674560821679666,0.010501848464828482,0.6574779023186301,0.6784130667254967,0.7267111090842772,0.010712730913705254,0.7145996249882615,0.7349455131926849,0.05925502691631066,0.004215628511252498,0.05653244646718789,0.06411091161211271,0.9185618015513771,0.005643042745858288,0.9122996095163668,0.9232525913269883,3,10,5,2,split_bootstrap_over_split_means,split_bootstrap_over_split_means,split_bootstrap_over_split_means,minimum_configured_nonzero_point_cross_split_mean
train60_val20_test20,0.6,0.2,0.2,yelpchi,pmp,train_on_variant,roc_auc,camouflage_feature_oracle,0.3,True,oracle_privileged_training_diagnostic,False,0.7671327914435895,0.011204492395723388,0.7565982501646401,0.7789045397621255,0.8535880822367486,0.010785669179176458,0.8411706849793287,0.860625541178336,0.0864552907931591,0.005905305038484593,0.08172100141621032,0.09307243614857859,0.8987721054827627,0.006780887889003146,0.8916465312080556,0.9051456014283984,3,10,5,2,split_bootstrap_over_split_means,split_bootstrap_over_split_means,split_bootstrap_over_split_means,minimum_configured_nonzero_point_cross_split_mean
train60_val20_test20,0.6,0.2,0.2,yelpchi,sage,train_clean_eval_all,average_precision,camouflage_feature_oracle,0.3,True,oracle_shift_sensitivity_diagnostic,False,0.3122157776522312,0.015030064243431472,0.29830935050964164,0.32816128204720174,0.39031311380381856,0.01521988332767703,0.3749213195313294,0.40535505411398526,0.07809733615158745,0.0020892266409510358,0.07661196902168774,0.08048626736629104,0.8122520807443182,0.008378950699254855,0.8072871060670425,0.8219261315194455,3,10,5,2,split_bootstrap_over_split_means,split_bootstrap_over_split_means,split_bootstrap_over_split_means,minimum_configured_nonzero_point_cross_split_mean
train60_val20_test20,0.6,0.2,0.2,yelpchi,sage,train_clean_eval_all,f1_macro,camouflage_feature_oracle,0.3,True,oracle_shift_sensitivity_diagnostic,False,0.6022049308770102,0.008153185468487721,0.5928545291605214,0.6078298285757097,0.6398136947375644,0.008322247668744332,0.6302244403032474,0.6451509597762669,0.03760876386055404,0.0004566015883535845,0.037321131200557266,0.038135249238378875,0.942525364859122,0.0010607440563928305,0.9418624274208177,0.9437487771963596,3,10,5,2,split_bootstrap_over_split_means,split_bootstrap_over_split_means,split_bootstrap_over_split_means,minimum_configured_nonzero_point_cross_split_mean
train60_val20_test20,0.6,0.2,0.2,yelpchi,sage,train_clean_eval_all,roc_auc,camouflage_feature_oracle,0.3,True,oracle_shift_sensitivity_diagnostic,False,0.680228049501811,0.009256089204594668,0.6703748974810053,0.6887409514601143,0.7561810601048412,0.0113959462464789,0.7434806113333415,0.7655131533013403,0.07595301060303018,0.0025388368440170004,0.07310571385233607,0.0779811161155286,0.9013743932160532,0.001853966842911422,0.8994540766910717,0.9031539911575486,3,10,5,2,split_bootstrap_over_split_means,split_bootstrap_over_split_means,split_bootstrap_over_split_means,minimum_configured_nonzero_point_cross_split_mean
train60_val20_test20,0.6,0.2,0.2,yelpchi,sage,train_on_variant,average_precision,camouflage_feature_oracle,0.3,True,oracle_privileged_training_diagnostic,False,0.29345000619873357,0.012742684792377794,0.278754249186852,0.30143196680006634,0.39014711788432027,0.015868019043263255,0.37358739300957405,0.4052185679425593,0.0966971116855867,0.006365583747119058,0.09147159009154508,0.10378660114249298,0.8084159983540173,0.05681703266012616,0.7579129555064344,0.8699339946223983,3,10,5,2,split_bootstrap_over_split_means,split_bootstrap_over_split_means,split_bootstrap_over_split_means,minimum_configured_nonzero_point_cross_split_mean
train60_val20_test20,0.6,0.2,0.2,yelpchi,sage,train_on_variant,f1_macro,camouflage_feature_oracle,0.3,True,oracle_privileged_training_diagnostic,False,0.5919894752159919,0.010212127826298177,0.5822860034902865,0.602643756390342,0.6396157704795851,0.00878486975227207,0.6294743036604813,0.6448786617204845,0.047626295263593216,0.00562319548422465,0.04223490533014248,0.05345568029044243,0.9299531726451193,0.011894664960071657,0.9188328748736803,0.9424945311408027,3,10,5,2,split_bootstrap_over_split_means,split_bootstrap_over_split_means,split_bootstrap_over_split_means,minimum_configured_nonzero_point_cross_split_mean
train60_val20_test20,0.6,0.2,0.2,yelpchi,sage,train_on_variant,roc_auc,camouflage_feature_oracle,0.3,True,oracle_privileged_training_diagnostic,False,0.6628413425186287,0.01260213832677745,0.6495710923494152,0.6746474670948328,0.7560086103251744,0.01149637061646036,0.7430837218129932,0.7650934542574729,0.09316726780654579,0.007799136272328737,0.08520118781022475,0.10078798614583466,0.8838314463107914,0.01644379427288137,0.8703956370875178,0.902168629857702,3,10,5,2,split_bootstrap_over_split_means,split_bootstrap_over_split_means,split_bootstrap_over_split_means,minimum_configured_nonzero_point_cross_split_mean
train60_val20_test20,0.6,0.2,0.2,yelpchi,secgfd,train_clean_eval_all,average_precision,heterophily_rewire_oracle,0.3,True,oracle_shift_sensitivity_diagnostic,False,0.14147125975233532,0.015113660328802202,0.1308168627378466,0.158768654445426,0.4539571007498506,0.01613271288349046,0.4428932433970852,0.47246815575813184,0.31248584099751525,0.0010694313283607516,0.31168164102060114,0.3136995013127059,0.31084356620563386,0.02179231513305976,0.2956466200620257,0.3358113979239105,3,10,5,2,split_bootstrap_over_split_means,split_bootstrap_over_split_means,split_bootstrap_over_split_means,minimum_configured_nonzero_point_cross_split_mean
train60_val20_test20,0.6,0.2,0.2,yelpchi,secgfd,train_clean_eval_all,f1_macro,heterophily_rewire_oracle,0.3,True,oracle_shift_sensitivity_diagnostic,False,0.4786111147240058,0.011790966998777196,0.4694930797751485,0.49192644316652007,0.6736657742362652,0.007201281769805089,0.6653530420084003,0.6780019216311716,0.1950546595122593,0.011940770300095311,0.18571591590270367,0.20850884185602295,0.7103642115361116,0.0170689550388786,0.6921171253530599,0.7259400496062068,3,10,5,2,split_bootstrap_over_split_means,split_bootstrap_over_split_means,split_bootstrap_over_split_means,minimum_configured_nonzero_point_cross_split_mean
train60_val20_test20,0.6,0.2,0.2,yelpchi,secgfd,train_clean_eval_all,roc_auc,heterophily_rewire_oracle,0.3,True,oracle_shift_sensitivity_diagnostic,False,0.49172127041741365,0.03335610510742816,0.463027958530495,0.5283198956592925,0.8019700892258254,0.010754345999565994,0.7901452377830896,0.8111666623474031,0.31024881880841165,0.02394132381218561,0.28284676668811054,0.3271172792525946,0.6126332000763202,0.034216740650975186,0.5858828075824142,0.651189693288334,3,10,5,2,split_bootstrap_over_split_means,split_bootstrap_over_split_means,split_bootstrap_over_split_means,minimum_configured_nonzero_point_cross_split_mean
train60_val20_test20,0.6,0.2,0.2,yelpchi,secgfd,train_on_variant,average_precision,camouflage_feature_oracle,0.3,True,oracle_privileged_training_diagnostic,False,0.37805092061133916,0.012957418979626304,0.37024439982652785,0.39300806636323776,0.45799897955924473,0.013952792503274537,0.4463996215618966,0.473482231719539,0.07994805894790559,0.003559068151952452,0.07615522173536868,0.08321478975204673,0.8251290975759412,0.007835108865562665,0.8161247979968268,0.8303933974507117,3,10,5,2,split_bootstrap_over_split_means,split_bootstrap_over_split_means,split_bootstrap_over_split_means,minimum_configured_nonzero_point_cross_split_mean
train60_val20_test20,0.6,0.2,0.2,yelpchi,secgfd,train_on_variant,f1_macro,camouflage_feature_oracle,0.3,True,oracle_privileged_training_diagnostic,False,0.6372078370295269,0.00681606756790354,0.6294479445538282,0.6422265671206262,0.6745851749688964,0.007301360199102887,0.6661710464070382,0.6792523383320178,0.037377337939369475,0.0008840993500682343,0.03672310185320989,0.03838314075350724,0.944620907855505,0.0011181994120869226,0.9434025115914352,0.9456002449249228,3,10,5,2,split_bootstrap_over_split_means,split_bootstrap_over_split_means,split_bootstrap_over_split_means,minimum_configured_nonzero_point_cross_split_mean
train60_val20_test20,0.6,0.2,0.2,yelpchi,secgfd,train_on_variant,roc_auc,camouflage_feature_oracle,0.3,True,oracle_privileged_training_diagnostic,False,0.724571387710831,0.009383168454905099,0.7147735778443115,0.7334760437119648,0.8036891403039136,0.010585631649757255,0.7917109010085733,0.8117870356537434,0.07911775259308268,0.0026766060428606276,0.0769373231642621,0.08210494267320753,0.9015007432250078,0.002888464274748143,0.8982001033849626,0.9035664645788589,3,10,5,2,split_bootstrap_over_split_means,split_bootstrap_over_split_means,split_bootstrap_over_split_means,minimum_configured_nonzero_point_cross_split_mean
