dataset_id,scenario_id,model_id,protocol,metric,max_severity,oracle_labels,clean_mean,clean_std,clean_ci_lower,clean_ci_upper,max_severity_mean,max_severity_std,max_severity_ci_lower,max_severity_ci_upper,drop_mean,drop_std,drop_ci_lower,drop_ci_upper,n_splits
yelpchi,camouflage_feature_oracle,mlp,train_clean_eval_all,average_precision,0.3,True,0.39937979216947617,0.0,0.39937979216947617,0.39937979216947617,0.31697205988075333,0.0,0.31697205988075333,0.31697205988075333,0.08240773228872283,0.0,0.08240773228872283,0.08240773228872283,1
yelpchi,camouflage_feature_oracle,mlp,train_clean_eval_all,f1_macro,0.3,True,0.6531843309265226,0.0,0.6531843309265226,0.6531843309265226,0.6125329397078096,0.0,0.6125329397078096,0.6125329397078096,0.04065139121871297,0.0,0.04065139121871297,0.04065139121871297,1
yelpchi,camouflage_feature_oracle,mlp,train_clean_eval_all,roc_auc,0.3,True,0.7812706633893618,0.0,0.7812706633893618,0.7812706633893618,0.6986283487315084,0.0,0.6986283487315084,0.6986283487315084,0.08264231465785343,0.0,0.08264231465785343,0.08264231465785343,1
yelpchi,camouflage_feature_oracle,mlp,train_on_variant,average_precision,0.3,True,0.39937979216947617,0.0,0.39937979216947617,0.39937979216947617,0.3213149900893049,0.0,0.3213149900893049,0.3213149900893049,0.07806480208017125,0.0,0.07806480208017125,0.07806480208017125,1
yelpchi,camouflage_feature_oracle,mlp,train_on_variant,f1_macro,0.3,True,0.6531843309265226,0.0,0.6531843309265226,0.6531843309265226,0.6165957513076381,0.0,0.6165957513076381,0.6165957513076381,0.03658857961888451,0.0,0.03658857961888451,0.03658857961888451,1
yelpchi,camouflage_feature_oracle,mlp,train_on_variant,roc_auc,0.3,True,0.7812706633893618,0.0,0.7812706633893618,0.7812706633893618,0.6998875669454118,0.0,0.6998875669454118,0.6998875669454118,0.08138309644395003,0.0,0.08138309644395003,0.08138309644395003,1
yelpchi,camouflage_feature_oracle,pmp,train_clean_eval_all,average_precision,0.3,True,0.5677252637869848,0.0,0.5677252637869848,0.5677252637869848,0.4471068248245944,0.0,0.4471068248245944,0.4471068248245944,0.12061843896239044,0.0,0.12061843896239044,0.12061843896239044,1
yelpchi,camouflage_feature_oracle,pmp,train_clean_eval_all,f1_macro,0.3,True,0.719663923941368,0.0,0.719663923941368,0.719663923941368,0.665228898659338,0.0,0.665228898659338,0.665228898659338,0.054435025282030036,0.0,0.054435025282030036,0.054435025282030036,1
yelpchi,camouflage_feature_oracle,pmp,train_clean_eval_all,roc_auc,0.3,True,0.849193776874713,0.0,0.849193776874713,0.849193776874713,0.7631364609757063,0.0,0.7631364609757063,0.7631364609757063,0.08605731589900667,0.0,0.08605731589900667,0.08605731589900667,1
yelpchi,camouflage_feature_oracle,pmp,train_on_variant,average_precision,0.3,True,0.5677252637869848,0.0,0.5677252637869848,0.5677252637869848,0.41739097019771404,0.0,0.41739097019771404,0.41739097019771404,0.1503342935892708,0.0,0.1503342935892708,0.1503342935892708,1
yelpchi,camouflage_feature_oracle,pmp,train_on_variant,f1_macro,0.3,True,0.719663923941368,0.0,0.719663923941368,0.719663923941368,0.6612018980252039,0.0,0.6612018980252039,0.6612018980252039,0.05846202591616412,0.0,0.05846202591616412,0.05846202591616412,1
yelpchi,camouflage_feature_oracle,pmp,train_on_variant,roc_auc,0.3,True,0.849193776874713,0.0,0.849193776874713,0.849193776874713,0.759798136590236,0.0,0.759798136590236,0.759798136590236,0.089395640284477,0.0,0.089395640284477,0.089395640284477,1
yelpchi,camouflage_feature_oracle,sage,train_clean_eval_all,average_precision,0.3,True,0.4299337735979076,0.0,0.4299337735979076,0.4299337735979076,0.3372433239302628,0.0,0.3372433239302628,0.3372433239302628,0.09269044966764478,0.0,0.09269044966764478,0.09269044966764478,1
yelpchi,camouflage_feature_oracle,sage,train_clean_eval_all,f1_macro,0.3,True,0.6708474707363034,0.0,0.6708474707363034,0.6708474707363034,0.625476264240637,0.0,0.625476264240637,0.625476264240637,0.045371206495666394,0.0,0.045371206495666394,0.045371206495666394,1
yelpchi,camouflage_feature_oracle,sage,train_clean_eval_all,roc_auc,0.3,True,0.7921178272591782,0.0,0.7921178272591782,0.7921178272591782,0.708126709364494,0.0,0.708126709364494,0.708126709364494,0.08399111789468428,0.0,0.08399111789468428,0.08399111789468428,1
yelpchi,camouflage_feature_oracle,sage,train_on_variant,average_precision,0.3,True,0.42933223790816294,0.0,0.42933223790816294,0.42933223790816294,0.31183070912842636,0.0,0.31183070912842636,0.31183070912842636,0.11750152877973657,0.0,0.11750152877973657,0.11750152877973657,1
yelpchi,camouflage_feature_oracle,sage,train_on_variant,f1_macro,0.3,True,0.6708518031464994,0.0,0.6708518031464994,0.6708518031464994,0.611339253752072,0.0,0.611339253752072,0.611339253752072,0.059512549394427405,0.0,0.059512549394427405,0.059512549394427405,1
yelpchi,camouflage_feature_oracle,sage,train_on_variant,roc_auc,0.3,True,0.7920125055070611,0.0,0.7920125055070611,0.7920125055070611,0.6873711068983469,0.0,0.6873711068983469,0.6873711068983469,0.10464139860871424,0.0,0.10464139860871424,0.10464139860871424,1
yelpchi,camouflage_feature_oracle,secgfd,train_clean_eval_all,average_precision,0.3,True,0.47357763672427805,0.0,0.47357763672427805,0.47357763672427805,0.3714411216818621,0.0,0.3714411216818621,0.3714411216818621,0.10213651504241594,0.0,0.10213651504241594,0.10213651504241594,1
yelpchi,camouflage_feature_oracle,secgfd,train_clean_eval_all,f1_macro,0.3,True,0.6890827928071466,0.0,0.6890827928071466,0.6890827928071466,0.6412680832203002,0.0,0.6412680832203002,0.6412680832203002,0.047814709586846416,0.0,0.047814709586846416,0.047814709586846416,1
yelpchi,camouflage_feature_oracle,secgfd,train_clean_eval_all,roc_auc,0.3,True,0.8137073493351891,0.0,0.8137073493351891,0.8137073493351891,0.7237373362999052,0.0,0.7237373362999052,0.7237373362999052,0.08997001303528385,0.0,0.08997001303528385,0.08997001303528385,1
yelpchi,camouflage_feature_oracle,secgfd,train_on_variant,average_precision,0.3,True,0.4704254705348501,0.0,0.4704254705348501,0.4704254705348501,0.3948521883897093,0.0,0.3948521883897093,0.3948521883897093,0.07557328214514081,0.0,0.07557328214514081,0.07557328214514081,1
yelpchi,camouflage_feature_oracle,secgfd,train_on_variant,f1_macro,0.3,True,0.6869626295963105,0.0,0.6869626295963105,0.6869626295963105,0.6507056679446243,0.0,0.6507056679446243,0.6507056679446243,0.03625696165168624,0.0,0.03625696165168624,0.03625696165168624,1
yelpchi,camouflage_feature_oracle,secgfd,train_on_variant,roc_auc,0.3,True,0.812236381996699,0.0,0.812236381996699,0.812236381996699,0.7487853777869414,0.0,0.7487853777869414,0.7487853777869414,0.06345100420975758,0.0,0.06345100420975758,0.06345100420975758,1
yelpchi,camouflage_relation_oracle,mlp,train_clean_eval_all,average_precision,0.3,True,0.39937979216947617,0.0,0.39937979216947617,0.39937979216947617,0.39937979216947617,0.0,0.39937979216947617,0.39937979216947617,0.0,0.0,0.0,0.0,1
yelpchi,camouflage_relation_oracle,mlp,train_clean_eval_all,f1_macro,0.3,True,0.6531843309265226,0.0,0.6531843309265226,0.6531843309265226,0.6531843309265226,0.0,0.6531843309265226,0.6531843309265226,0.0,0.0,0.0,0.0,1
yelpchi,camouflage_relation_oracle,mlp,train_clean_eval_all,roc_auc,0.3,True,0.7812706633893618,0.0,0.7812706633893618,0.7812706633893618,0.7812706633893618,0.0,0.7812706633893618,0.7812706633893618,0.0,0.0,0.0,0.0,1
yelpchi,camouflage_relation_oracle,mlp,train_on_variant,average_precision,0.3,True,0.39937979216947617,0.0,0.39937979216947617,0.39937979216947617,0.39937979216947617,0.0,0.39937979216947617,0.39937979216947617,0.0,0.0,0.0,0.0,1
yelpchi,camouflage_relation_oracle,mlp,train_on_variant,f1_macro,0.3,True,0.6531843309265226,0.0,0.6531843309265226,0.6531843309265226,0.6531843309265226,0.0,0.6531843309265226,0.6531843309265226,0.0,0.0,0.0,0.0,1
yelpchi,camouflage_relation_oracle,mlp,train_on_variant,roc_auc,0.3,True,0.7812706633893618,0.0,0.7812706633893618,0.7812706633893618,0.7812706633893618,0.0,0.7812706633893618,0.7812706633893618,0.0,0.0,0.0,0.0,1
yelpchi,camouflage_relation_oracle,pmp,train_clean_eval_all,average_precision,0.3,True,0.5677252637869848,0.0,0.5677252637869848,0.5677252637869848,0.5684362323347804,0.0,0.5684362323347804,0.5684362323347804,-0.0007109685477955097,0.0,-0.0007109685477955097,-0.0007109685477955097,1
yelpchi,camouflage_relation_oracle,pmp,train_clean_eval_all,f1_macro,0.3,True,0.719663923941368,0.0,0.719663923941368,0.719663923941368,0.7191034909928123,0.0,0.7191034909928123,0.7191034909928123,0.000560432948555678,0.0,0.000560432948555678,0.000560432948555678,1
yelpchi,camouflage_relation_oracle,pmp,train_clean_eval_all,roc_auc,0.3,True,0.849193776874713,0.0,0.849193776874713,0.849193776874713,0.8499097881280463,0.0,0.8499097881280463,0.8499097881280463,-0.0007160112533333152,0.0,-0.0007160112533333152,-0.0007160112533333152,1
yelpchi,camouflage_relation_oracle,pmp,train_on_variant,average_precision,0.3,True,0.5677252637869848,0.0,0.5677252637869848,0.5677252637869848,0.5490791677585565,0.0,0.5490791677585565,0.5490791677585565,0.01864609602842837,0.0,0.01864609602842837,0.01864609602842837,1
yelpchi,camouflage_relation_oracle,pmp,train_on_variant,f1_macro,0.3,True,0.719663923941368,0.0,0.719663923941368,0.719663923941368,0.7175585036410933,0.0,0.7175585036410933,0.7175585036410933,0.0021054203002747185,0.0,0.0021054203002747185,0.0021054203002747185,1
yelpchi,camouflage_relation_oracle,pmp,train_on_variant,roc_auc,0.3,True,0.849193776874713,0.0,0.849193776874713,0.849193776874713,0.84603770914129,0.0,0.84603770914129,0.84603770914129,0.003156067733423029,0.0,0.003156067733423029,0.003156067733423029,1
yelpchi,camouflage_relation_oracle,sage,train_clean_eval_all,average_precision,0.3,True,0.4299337735979076,0.0,0.4299337735979076,0.4299337735979076,0.4296649755734044,0.0,0.4296649755734044,0.4296649755734044,0.0002687980245031918,0.0,0.0002687980245031918,0.0002687980245031918,1
yelpchi,camouflage_relation_oracle,sage,train_clean_eval_all,f1_macro,0.3,True,0.6708474707363034,0.0,0.6708474707363034,0.6708474707363034,0.6706427288023318,0.0,0.6706427288023318,0.6706427288023318,0.00020474193397157503,0.0,0.00020474193397157503,0.00020474193397157503,1
yelpchi,camouflage_relation_oracle,sage,train_clean_eval_all,roc_auc,0.3,True,0.7921178272591782,0.0,0.7921178272591782,0.7921178272591782,0.7918919472346041,0.0,0.7918919472346041,0.7918919472346041,0.00022588002457413214,0.0,0.00022588002457413214,0.00022588002457413214,1
yelpchi,camouflage_relation_oracle,sage,train_on_variant,average_precision,0.3,True,0.42933223790816294,0.0,0.42933223790816294,0.42933223790816294,0.3902424029238354,0.0,0.3902424029238354,0.3902424029238354,0.039089834984327554,0.0,0.039089834984327554,0.039089834984327554,1
yelpchi,camouflage_relation_oracle,sage,train_on_variant,f1_macro,0.3,True,0.6708518031464994,0.0,0.6708518031464994,0.6708518031464994,0.6503314733666037,0.0,0.6503314733666037,0.6503314733666037,0.020520329779895707,0.0,0.020520329779895707,0.020520329779895707,1
yelpchi,camouflage_relation_oracle,sage,train_on_variant,roc_auc,0.3,True,0.7920125055070611,0.0,0.7920125055070611,0.7920125055070611,0.762328935322456,0.0,0.762328935322456,0.762328935322456,0.0296835701846051,0.0,0.0296835701846051,0.0296835701846051,1
yelpchi,camouflage_relation_oracle,secgfd,train_clean_eval_all,average_precision,0.3,True,0.47357763672427805,0.0,0.47357763672427805,0.47357763672427805,0.47405218594736026,0.0,0.47405218594736026,0.47405218594736026,-0.00047454922308221015,0.0,-0.00047454922308221015,-0.00047454922308221015,1
yelpchi,camouflage_relation_oracle,secgfd,train_clean_eval_all,f1_macro,0.3,True,0.6890827928071466,0.0,0.6890827928071466,0.6890827928071466,0.689376504742432,0.0,0.689376504742432,0.689376504742432,-0.000293711935285379,0.0,-0.000293711935285379,-0.000293711935285379,1
yelpchi,camouflage_relation_oracle,secgfd,train_clean_eval_all,roc_auc,0.3,True,0.8137073493351891,0.0,0.8137073493351891,0.8137073493351891,0.8139618583765512,0.0,0.8139618583765512,0.8139618583765512,-0.0002545090413621498,0.0,-0.0002545090413621498,-0.0002545090413621498,1
yelpchi,camouflage_relation_oracle,secgfd,train_on_variant,average_precision,0.3,True,0.4704254705348501,0.0,0.4704254705348501,0.4704254705348501,0.4706734283806564,0.0,0.4706734283806564,0.4706734283806564,-0.0002479578458062792,0.0,-0.0002479578458062792,-0.0002479578458062792,1
yelpchi,camouflage_relation_oracle,secgfd,train_on_variant,f1_macro,0.3,True,0.6869626295963105,0.0,0.6869626295963105,0.6869626295963105,0.6891746459376599,0.0,0.6891746459376599,0.6891746459376599,-0.0022120163413493765,0.0,-0.0022120163413493765,-0.0022120163413493765,1
yelpchi,camouflage_relation_oracle,secgfd,train_on_variant,roc_auc,0.3,True,0.812236381996699,0.0,0.812236381996699,0.812236381996699,0.8129185418146649,0.0,0.8129185418146649,0.8129185418146649,-0.0006821598179659327,0.0,-0.0006821598179659327,-0.0006821598179659327,1
yelpchi,heterophily_rewire_nonoracle,mlp,train_clean_eval_all,average_precision,0.3,False,0.39937979216947617,0.0,0.39937979216947617,0.39937979216947617,0.39937979216947617,0.0,0.39937979216947617,0.39937979216947617,0.0,0.0,0.0,0.0,1
yelpchi,heterophily_rewire_nonoracle,mlp,train_clean_eval_all,f1_macro,0.3,False,0.6531843309265226,0.0,0.6531843309265226,0.6531843309265226,0.6531843309265226,0.0,0.6531843309265226,0.6531843309265226,0.0,0.0,0.0,0.0,1
yelpchi,heterophily_rewire_nonoracle,mlp,train_clean_eval_all,roc_auc,0.3,False,0.7812706633893618,0.0,0.7812706633893618,0.7812706633893618,0.7812706633893618,0.0,0.7812706633893618,0.7812706633893618,0.0,0.0,0.0,0.0,1
yelpchi,heterophily_rewire_nonoracle,mlp,train_on_variant,average_precision,0.3,False,0.39937979216947617,0.0,0.39937979216947617,0.39937979216947617,0.39937979216947617,0.0,0.39937979216947617,0.39937979216947617,0.0,0.0,0.0,0.0,1
yelpchi,heterophily_rewire_nonoracle,mlp,train_on_variant,f1_macro,0.3,False,0.6531843309265226,0.0,0.6531843309265226,0.6531843309265226,0.6531843309265226,0.0,0.6531843309265226,0.6531843309265226,0.0,0.0,0.0,0.0,1
yelpchi,heterophily_rewire_nonoracle,mlp,train_on_variant,roc_auc,0.3,False,0.7812706633893618,0.0,0.7812706633893618,0.7812706633893618,0.7812706633893618,0.0,0.7812706633893618,0.7812706633893618,0.0,0.0,0.0,0.0,1
yelpchi,heterophily_rewire_nonoracle,pmp,train_clean_eval_all,average_precision,0.3,False,0.5677252637869848,0.0,0.5677252637869848,0.5677252637869848,0.4894751373981389,0.0,0.4894751373981389,0.4894751373981389,0.07825012638884593,0.0,0.07825012638884593,0.07825012638884593,1
yelpchi,heterophily_rewire_nonoracle,pmp,train_clean_eval_all,f1_macro,0.3,False,0.719663923941368,0.0,0.719663923941368,0.719663923941368,0.6828177749769498,0.0,0.6828177749769498,0.6828177749769498,0.03684614896441818,0.0,0.03684614896441818,0.03684614896441818,1
yelpchi,heterophily_rewire_nonoracle,pmp,train_clean_eval_all,roc_auc,0.3,False,0.849193776874713,0.0,0.849193776874713,0.849193776874713,0.8167873019554069,0.0,0.8167873019554069,0.8167873019554069,0.03240647491930604,0.0,0.03240647491930604,0.03240647491930604,1
yelpchi,heterophily_rewire_nonoracle,pmp,train_on_variant,average_precision,0.3,False,0.5677252637869848,0.0,0.5677252637869848,0.5677252637869848,0.5093941442417561,0.0,0.5093941442417561,0.5093941442417561,0.05833111954522874,0.0,0.05833111954522874,0.05833111954522874,1
yelpchi,heterophily_rewire_nonoracle,pmp,train_on_variant,f1_macro,0.3,False,0.719663923941368,0.0,0.719663923941368,0.719663923941368,0.7018451910927451,0.0,0.7018451910927451,0.7018451910927451,0.017818732848622898,0.0,0.017818732848622898,0.017818732848622898,1
yelpchi,heterophily_rewire_nonoracle,pmp,train_on_variant,roc_auc,0.3,False,0.849193776874713,0.0,0.849193776874713,0.849193776874713,0.8313938211598696,0.0,0.8313938211598696,0.8313938211598696,0.017799955714843385,0.0,0.017799955714843385,0.017799955714843385,1
yelpchi,heterophily_rewire_nonoracle,sage,train_clean_eval_all,average_precision,0.3,False,0.4299337735979076,0.0,0.4299337735979076,0.4299337735979076,0.4156625493841625,0.0,0.4156625493841625,0.4156625493841625,0.014271224213745048,0.0,0.014271224213745048,0.014271224213745048,1
yelpchi,heterophily_rewire_nonoracle,sage,train_clean_eval_all,f1_macro,0.3,False,0.6708474707363034,0.0,0.6708474707363034,0.6708474707363034,0.663215791960856,0.0,0.663215791960856,0.663215791960856,0.007631678775447348,0.0,0.007631678775447348,0.007631678775447348,1
yelpchi,heterophily_rewire_nonoracle,sage,train_clean_eval_all,roc_auc,0.3,False,0.7921178272591782,0.0,0.7921178272591782,0.7921178272591782,0.7857341658968214,0.0,0.7857341658968214,0.7857341658968214,0.006383661362356796,0.0,0.006383661362356796,0.006383661362356796,1
yelpchi,heterophily_rewire_nonoracle,sage,train_on_variant,average_precision,0.3,False,0.42933223790816294,0.0,0.42933223790816294,0.42933223790816294,0.3464837414547876,0.0,0.3464837414547876,0.3464837414547876,0.08284849645337533,0.0,0.08284849645337533,0.08284849645337533,1
yelpchi,heterophily_rewire_nonoracle,sage,train_on_variant,f1_macro,0.3,False,0.6708518031464994,0.0,0.6708518031464994,0.6708518031464994,0.6247590248867307,0.0,0.6247590248867307,0.6247590248867307,0.04609277825976865,0.0,0.04609277825976865,0.04609277825976865,1
yelpchi,heterophily_rewire_nonoracle,sage,train_on_variant,roc_auc,0.3,False,0.7920125055070611,0.0,0.7920125055070611,0.7920125055070611,0.7305197415282724,0.0,0.7305197415282724,0.7305197415282724,0.06149276397878878,0.0,0.06149276397878878,0.06149276397878878,1
yelpchi,heterophily_rewire_nonoracle,secgfd,train_clean_eval_all,average_precision,0.3,False,0.47357763672427805,0.0,0.47357763672427805,0.47357763672427805,0.45824431763254553,0.0,0.45824431763254553,0.45824431763254553,0.015333319091732522,0.0,0.015333319091732522,0.015333319091732522,1
yelpchi,heterophily_rewire_nonoracle,secgfd,train_clean_eval_all,f1_macro,0.3,False,0.6890827928071466,0.0,0.6890827928071466,0.6890827928071466,0.6850423181099307,0.0,0.6850423181099307,0.6850423181099307,0.004040474697215912,0.0,0.004040474697215912,0.004040474697215912,1
yelpchi,heterophily_rewire_nonoracle,secgfd,train_clean_eval_all,roc_auc,0.3,False,0.8137073493351891,0.0,0.8137073493351891,0.8137073493351891,0.8076894855432973,0.0,0.8076894855432973,0.8076894855432973,0.006017863791891731,0.0,0.006017863791891731,0.006017863791891731,1
yelpchi,heterophily_rewire_nonoracle,secgfd,train_on_variant,average_precision,0.3,False,0.4704254705348501,0.0,0.4704254705348501,0.4704254705348501,0.4837587294401913,0.0,0.4837587294401913,0.4837587294401913,-0.013333258905341205,0.0,-0.013333258905341205,-0.013333258905341205,1
yelpchi,heterophily_rewire_nonoracle,secgfd,train_on_variant,f1_macro,0.3,False,0.6869626295963105,0.0,0.6869626295963105,0.6869626295963105,0.6949221706264074,0.0,0.6949221706264074,0.6949221706264074,-0.007959541030096884,0.0,-0.007959541030096884,-0.007959541030096884,1
yelpchi,heterophily_rewire_nonoracle,secgfd,train_on_variant,roc_auc,0.3,False,0.812236381996699,0.0,0.812236381996699,0.812236381996699,0.8198505392632504,0.0,0.8198505392632504,0.8198505392632504,-0.007614157266551347,0.0,-0.007614157266551347,-0.007614157266551347,1
yelpchi,heterophily_rewire_oracle,mlp,train_clean_eval_all,average_precision,0.3,True,0.39937979216947617,0.0,0.39937979216947617,0.39937979216947617,0.39937979216947617,0.0,0.39937979216947617,0.39937979216947617,0.0,0.0,0.0,0.0,1
yelpchi,heterophily_rewire_oracle,mlp,train_clean_eval_all,f1_macro,0.3,True,0.6531843309265226,0.0,0.6531843309265226,0.6531843309265226,0.6531843309265226,0.0,0.6531843309265226,0.6531843309265226,0.0,0.0,0.0,0.0,1
yelpchi,heterophily_rewire_oracle,mlp,train_clean_eval_all,roc_auc,0.3,True,0.7812706633893618,0.0,0.7812706633893618,0.7812706633893618,0.7812706633893618,0.0,0.7812706633893618,0.7812706633893618,0.0,0.0,0.0,0.0,1
yelpchi,heterophily_rewire_oracle,mlp,train_on_variant,average_precision,0.3,True,0.39937979216947617,0.0,0.39937979216947617,0.39937979216947617,0.39937979216947617,0.0,0.39937979216947617,0.39937979216947617,0.0,0.0,0.0,0.0,1
yelpchi,heterophily_rewire_oracle,mlp,train_on_variant,f1_macro,0.3,True,0.6531843309265226,0.0,0.6531843309265226,0.6531843309265226,0.6531843309265226,0.0,0.6531843309265226,0.6531843309265226,0.0,0.0,0.0,0.0,1
yelpchi,heterophily_rewire_oracle,mlp,train_on_variant,roc_auc,0.3,True,0.7812706633893618,0.0,0.7812706633893618,0.7812706633893618,0.7812706633893618,0.0,0.7812706633893618,0.7812706633893618,0.0,0.0,0.0,0.0,1
yelpchi,heterophily_rewire_oracle,pmp,train_clean_eval_all,average_precision,0.3,True,0.5677252637869848,0.0,0.5677252637869848,0.5677252637869848,0.3859081744555027,0.0,0.3859081744555027,0.3859081744555027,0.18181708933148216,0.0,0.18181708933148216,0.18181708933148216,1
yelpchi,heterophily_rewire_oracle,pmp,train_clean_eval_all,f1_macro,0.3,True,0.719663923941368,0.0,0.719663923941368,0.719663923941368,0.6415382934075567,0.0,0.6415382934075567,0.6415382934075567,0.07812563053381127,0.0,0.07812563053381127,0.07812563053381127,1
yelpchi,heterophily_rewire_oracle,pmp,train_clean_eval_all,roc_auc,0.3,True,0.849193776874713,0.0,0.849193776874713,0.849193776874713,0.7634662296143456,0.0,0.7634662296143456,0.7634662296143456,0.08572754726036735,0.0,0.08572754726036735,0.08572754726036735,1
yelpchi,heterophily_rewire_oracle,pmp,train_on_variant,average_precision,0.3,True,0.5677252637869848,0.0,0.5677252637869848,0.5677252637869848,0.6018050284232713,0.0,0.6018050284232713,0.6018050284232713,-0.03407976463628648,0.0,-0.03407976463628648,-0.03407976463628648,1
yelpchi,heterophily_rewire_oracle,pmp,train_on_variant,f1_macro,0.3,True,0.719663923941368,0.0,0.719663923941368,0.719663923941368,0.7495746020256308,0.0,0.7495746020256308,0.7495746020256308,-0.029910678084262732,0.0,-0.029910678084262732,-0.029910678084262732,1
yelpchi,heterophily_rewire_oracle,pmp,train_on_variant,roc_auc,0.3,True,0.849193776874713,0.0,0.849193776874713,0.849193776874713,0.8876986234061915,0.0,0.8876986234061915,0.8876986234061915,-0.038504846531478565,0.0,-0.038504846531478565,-0.038504846531478565,1
yelpchi,heterophily_rewire_oracle,sage,train_clean_eval_all,average_precision,0.3,True,0.4299337735979076,0.0,0.4299337735979076,0.4299337735979076,0.3842157130302677,0.0,0.3842157130302677,0.3842157130302677,0.045718060567639884,0.0,0.045718060567639884,0.045718060567639884,1
yelpchi,heterophily_rewire_oracle,sage,train_clean_eval_all,f1_macro,0.3,True,0.6708474707363034,0.0,0.6708474707363034,0.6708474707363034,0.649317369696324,0.0,0.649317369696324,0.649317369696324,0.02153010103997932,0.0,0.02153010103997932,0.02153010103997932,1
yelpchi,heterophily_rewire_oracle,sage,train_clean_eval_all,roc_auc,0.3,True,0.7921178272591782,0.0,0.7921178272591782,0.7921178272591782,0.7681420588685155,0.0,0.7681420588685155,0.7681420588685155,0.023975768390662733,0.0,0.023975768390662733,0.023975768390662733,1
yelpchi,heterophily_rewire_oracle,sage,train_on_variant,average_precision,0.3,True,0.42933223790816294,0.0,0.42933223790816294,0.42933223790816294,0.6531908921977775,0.0,0.6531908921977775,0.6531908921977775,-0.22385865428961454,0.0,-0.22385865428961454,-0.22385865428961454,1
yelpchi,heterophily_rewire_oracle,sage,train_on_variant,f1_macro,0.3,True,0.6708518031464994,0.0,0.6708518031464994,0.6708518031464994,0.7696187377514736,0.0,0.7696187377514736,0.7696187377514736,-0.09876693460497421,0.0,-0.09876693460497421,-0.09876693460497421,1
yelpchi,heterophily_rewire_oracle,sage,train_on_variant,roc_auc,0.3,True,0.7920125055070611,0.0,0.7920125055070611,0.7920125055070611,0.89709188658706,0.0,0.89709188658706,0.89709188658706,-0.10507938107999881,0.0,-0.10507938107999881,-0.10507938107999881,1
yelpchi,heterophily_rewire_oracle,secgfd,train_clean_eval_all,average_precision,0.3,True,0.47357763672427805,0.0,0.47357763672427805,0.47357763672427805,0.15904793631000527,0.0,0.15904793631000527,0.15904793631000527,0.31452970041427275,0.0,0.31452970041427275,0.31452970041427275,1
yelpchi,heterophily_rewire_oracle,secgfd,train_clean_eval_all,f1_macro,0.3,True,0.6890827928071466,0.0,0.6890827928071466,0.6890827928071466,0.5045724006355252,0.0,0.5045724006355252,0.5045724006355252,0.18451039217162135,0.0,0.18451039217162135,0.18451039217162135,1
yelpchi,heterophily_rewire_oracle,secgfd,train_clean_eval_all,roc_auc,0.3,True,0.8137073493351891,0.0,0.8137073493351891,0.8137073493351891,0.5347394192171918,0.0,0.5347394192171918,0.5347394192171918,0.27896793011799725,0.0,0.27896793011799725,0.27896793011799725,1
yelpchi,heterophily_rewire_oracle,secgfd,train_on_variant,average_precision,0.3,True,0.4704254705348501,0.0,0.4704254705348501,0.4704254705348501,0.9999994655961107,0.0,0.9999994655961107,0.9999994655961107,-0.5295739950612606,0.0,-0.5295739950612606,-0.5295739950612606,1
yelpchi,heterophily_rewire_oracle,secgfd,train_on_variant,f1_macro,0.3,True,0.6869626295963105,0.0,0.6869626295963105,0.6869626295963105,0.9997809266564955,0.0,0.9997809266564955,0.9997809266564955,-0.31281829706018505,0.0,-0.31281829706018505,-0.31281829706018505,1
yelpchi,heterophily_rewire_oracle,secgfd,train_on_variant,roc_auc,0.3,True,0.812236381996699,0.0,0.812236381996699,0.812236381996699,0.9999999086920356,0.0,0.9999999086920356,0.9999999086920356,-0.18776352669533658,0.0,-0.18776352669533658,-0.18776352669533658,1
yelpchi,noise_edges_uniform,mlp,train_clean_eval_all,average_precision,0.2,False,0.39937979216947617,0.0,0.39937979216947617,0.39937979216947617,0.39937979216947617,0.0,0.39937979216947617,0.39937979216947617,0.0,0.0,0.0,0.0,1
yelpchi,noise_edges_uniform,mlp,train_clean_eval_all,f1_macro,0.2,False,0.6531843309265226,0.0,0.6531843309265226,0.6531843309265226,0.6531843309265226,0.0,0.6531843309265226,0.6531843309265226,0.0,0.0,0.0,0.0,1
yelpchi,noise_edges_uniform,mlp,train_clean_eval_all,roc_auc,0.2,False,0.7812706633893618,0.0,0.7812706633893618,0.7812706633893618,0.7812706633893618,0.0,0.7812706633893618,0.7812706633893618,0.0,0.0,0.0,0.0,1
yelpchi,noise_edges_uniform,mlp,train_on_variant,average_precision,0.2,False,0.39937979216947617,0.0,0.39937979216947617,0.39937979216947617,0.39937979216947617,0.0,0.39937979216947617,0.39937979216947617,0.0,0.0,0.0,0.0,1
yelpchi,noise_edges_uniform,mlp,train_on_variant,f1_macro,0.2,False,0.6531843309265226,0.0,0.6531843309265226,0.6531843309265226,0.6531843309265226,0.0,0.6531843309265226,0.6531843309265226,0.0,0.0,0.0,0.0,1
yelpchi,noise_edges_uniform,mlp,train_on_variant,roc_auc,0.2,False,0.7812706633893618,0.0,0.7812706633893618,0.7812706633893618,0.7812706633893618,0.0,0.7812706633893618,0.7812706633893618,0.0,0.0,0.0,0.0,1
yelpchi,noise_edges_uniform,pmp,train_clean_eval_all,average_precision,0.2,False,0.5677252637869848,0.0,0.5677252637869848,0.5677252637869848,0.5178104655013965,0.0,0.5178104655013965,0.5178104655013965,0.04991479828558831,0.0,0.04991479828558831,0.04991479828558831,1
yelpchi,noise_edges_uniform,pmp,train_clean_eval_all,f1_macro,0.2,False,0.719663923941368,0.0,0.719663923941368,0.719663923941368,0.7010917824084179,0.0,0.7010917824084179,0.7010917824084179,0.01857214153295017,0.0,0.01857214153295017,0.01857214153295017,1
yelpchi,noise_edges_uniform,pmp,train_clean_eval_all,roc_auc,0.2,False,0.849193776874713,0.0,0.849193776874713,0.849193776874713,0.8331443119520888,0.0,0.8331443119520888,0.8331443119520888,0.016049464922624157,0.0,0.016049464922624157,0.016049464922624157,1
yelpchi,noise_edges_uniform,pmp,train_on_variant,average_precision,0.2,False,0.5677252637869848,0.0,0.5677252637869848,0.5677252637869848,0.5227719824513809,0.0,0.5227719824513809,0.5227719824513809,0.044953281335603945,0.0,0.044953281335603945,0.044953281335603945,1
yelpchi,noise_edges_uniform,pmp,train_on_variant,f1_macro,0.2,False,0.719663923941368,0.0,0.719663923941368,0.719663923941368,0.7087632848419513,0.0,0.7087632848419513,0.7087632848419513,0.010900639099416742,0.0,0.010900639099416742,0.010900639099416742,1
yelpchi,noise_edges_uniform,pmp,train_on_variant,roc_auc,0.2,False,0.849193776874713,0.0,0.849193776874713,0.849193776874713,0.8376276461524507,0.0,0.8376276461524507,0.8376276461524507,0.011566130722262313,0.0,0.011566130722262313,0.011566130722262313,1
yelpchi,noise_edges_uniform,sage,train_clean_eval_all,average_precision,0.2,False,0.4299337735979076,0.0,0.4299337735979076,0.4299337735979076,0.42109439001723475,0.0,0.42109439001723475,0.42109439001723475,0.008839383580672822,0.0,0.008839383580672822,0.008839383580672822,1
yelpchi,noise_edges_uniform,sage,train_clean_eval_all,f1_macro,0.2,False,0.6708474707363034,0.0,0.6708474707363034,0.6708474707363034,0.6651962157705774,0.0,0.6651962157705774,0.6651962157705774,0.005651254965725938,0.0,0.005651254965725938,0.005651254965725938,1
yelpchi,noise_edges_uniform,sage,train_clean_eval_all,roc_auc,0.2,False,0.7921178272591782,0.0,0.7921178272591782,0.7921178272591782,0.7886759894162795,0.0,0.7886759894162795,0.7886759894162795,0.003441837842898754,0.0,0.003441837842898754,0.003441837842898754,1
yelpchi,noise_edges_uniform,sage,train_on_variant,average_precision,0.2,False,0.42933223790816294,0.0,0.42933223790816294,0.42933223790816294,0.2970383045910616,0.0,0.2970383045910616,0.2970383045910616,0.13229393331710132,0.0,0.13229393331710132,0.13229393331710132,1
yelpchi,noise_edges_uniform,sage,train_on_variant,f1_macro,0.2,False,0.6708518031464994,0.0,0.6708518031464994,0.6708518031464994,0.6015644774299329,0.0,0.6015644774299329,0.6015644774299329,0.06928732571656648,0.0,0.06928732571656648,0.06928732571656648,1
yelpchi,noise_edges_uniform,sage,train_on_variant,roc_auc,0.2,False,0.7920125055070611,0.0,0.7920125055070611,0.7920125055070611,0.6945072888051543,0.0,0.6945072888051543,0.6945072888051543,0.09750521670190682,0.0,0.09750521670190682,0.09750521670190682,1
yelpchi,noise_edges_uniform,secgfd,train_clean_eval_all,average_precision,0.2,False,0.47357763672427805,0.0,0.47357763672427805,0.47357763672427805,0.46461180290987897,0.0,0.46461180290987897,0.46461180290987897,0.008965833814399082,0.0,0.008965833814399082,0.008965833814399082,1
yelpchi,noise_edges_uniform,secgfd,train_clean_eval_all,f1_macro,0.2,False,0.6890827928071466,0.0,0.6890827928071466,0.6890827928071466,0.6871756133139174,0.0,0.6871756133139174,0.6871756133139174,0.0019071794932291608,0.0,0.0019071794932291608,0.0019071794932291608,1
yelpchi,noise_edges_uniform,secgfd,train_clean_eval_all,roc_auc,0.2,False,0.8137073493351891,0.0,0.8137073493351891,0.8137073493351891,0.8104786957398847,0.0,0.8104786957398847,0.8104786957398847,0.0032286535953043316,0.0,0.0032286535953043316,0.0032286535953043316,1
yelpchi,noise_edges_uniform,secgfd,train_on_variant,average_precision,0.2,False,0.4704254705348501,0.0,0.4704254705348501,0.4704254705348501,0.4764958870123362,0.0,0.4764958870123362,0.4764958870123362,-0.006070416477486074,0.0,-0.006070416477486074,-0.006070416477486074,1
yelpchi,noise_edges_uniform,secgfd,train_on_variant,f1_macro,0.2,False,0.6869626295963105,0.0,0.6869626295963105,0.6869626295963105,0.6935427246526841,0.0,0.6935427246526841,0.6935427246526841,-0.0065800950563735805,0.0,-0.0065800950563735805,-0.0065800950563735805,1
yelpchi,noise_edges_uniform,secgfd,train_on_variant,roc_auc,0.2,False,0.812236381996699,0.0,0.812236381996699,0.812236381996699,0.8172980906186608,0.0,0.8172980906186608,0.8172980906186608,-0.005061708621961758,0.0,-0.005061708621961758,-0.005061708621961758,1
