dataset_id,split_id,scenario_id,model_id,protocol,metric,max_severity,oracle_labels,clean_mean,clean_std,clean_ci_lower,clean_ci_upper,max_severity_mean,max_severity_std,max_severity_ci_lower,max_severity_ci_upper,drop_mean,drop_std,drop_ci_lower,drop_ci_upper,n_clean_runs,n_max_runs
yelpchi,s0,heterophily_rewire_oracle,mlp,train_clean_eval_all,roc_auc,0.3,True,0.7812706633893618,0.028782937533635766,0.7480379426991232,0.7982706898766113,0.7812706633893618,0.025744241966935887,0.7645264143301991,0.7980149124485245,0.0,0.016581382061336334,-0.03323272069023864,0.03323272069023864,3,6
yelpchi,s0,heterophily_rewire_oracle,sage,train_clean_eval_all,roc_auc,0.3,True,0.7921178272591782,0.007750399336005183,0.7833336675998815,0.7979923355618194,0.7681420588685155,0.011970557654333554,0.7593723576269049,0.776962729803885,0.023975768390662733,0.00587274816019572,0.011837488068033971,0.0348675088583812,3,6
yelpchi,s0,heterophily_rewire_oracle,pmp,train_clean_eval_all,roc_auc,0.3,True,0.849193776874713,0.0038429465319576995,0.8450166598130114,0.8525792578539458,0.7634662296143456,0.004816420072303788,0.7603874611194806,0.7673977282514909,0.08572754726036735,0.002515596020526882,0.0807207287190196,0.09032252718261922,3,6
yelpchi,s0,heterophily_rewire_oracle,secgfd,train_clean_eval_all,roc_auc,0.3,True,0.8137073493351891,0.0033135546661232375,0.80989180387316,0.8158618083969534,0.5347394192171918,0.01753178456838614,0.5223867398540495,0.5474528563481489,0.27896793011799725,0.0066621489856280875,0.2661251617064052,0.2904159144379106,3,6
yelpchi,s0,heterophily_rewire_oracle,mlp,train_clean_eval_all,average_precision,0.3,True,0.39937979216947617,0.05468471766479163,0.3362490943810395,0.43208732915537756,0.39937979216947617,0.04891149841154306,0.3674337139113635,0.43132587042758885,0.0,0.031495276208567,-0.06313069778843666,0.06313069778843666,3,6
yelpchi,s0,heterophily_rewire_oracle,sage,train_clean_eval_all,average_precision,0.3,True,0.4299337735979076,0.015922581453379436,0.4117661955739737,0.4414635658187256,0.3842157130302677,0.023690000923236188,0.36675193481860996,0.4018230818959476,0.045718060567639884,0.01181987185787143,0.021766586286541375,0.06791545962882037,3,6
yelpchi,s0,heterophily_rewire_oracle,pmp,train_clean_eval_all,average_precision,0.3,True,0.5677252637869848,0.013443553198234745,0.5522038320561967,0.5756933208292596,0.3859081744555027,0.01818931858169678,0.3731747129796428,0.3979773681808485,0.18181708933148216,0.009116809507180487,0.16235261400320425,0.20056143958853406,3,6
yelpchi,s0,heterophily_rewire_oracle,secgfd,train_clean_eval_all,average_precision,0.3,True,0.47357763672427805,0.0030266330611615523,0.47055078915856036,0.47660405523526644,0.15904793631000527,0.011860808702769158,0.15066879843577577,0.16765323957240383,0.31452970041427275,0.004605850590872078,0.30515470740080713,0.3229365732717274,3,6
yelpchi,s0,heterophily_rewire_oracle,mlp,train_clean_eval_all,f1_macro,0.3,True,0.6531843309265226,0.023559940421078222,0.6259796960386661,0.6668275520202774,0.6531843309265226,0.02107265133095037,0.6395683789326522,0.6668002829203931,0.0,0.013579230163254427,-0.027204634887856516,0.027191341201662993,3,6
yelpchi,s0,heterophily_rewire_oracle,sage,train_clean_eval_all,f1_macro,0.3,True,0.6708474707363034,0.005838419786779025,0.6647939557802494,0.6764439291919299,0.649317369696324,0.008027327903804527,0.6435891365104163,0.6552520784951054,0.02153010103997932,0.00413457655999719,0.013261520686778883,0.029365678229376028,3,6
yelpchi,s0,heterophily_rewire_oracle,pmp,train_clean_eval_all,f1_macro,0.3,True,0.719663923941368,0.002034369365771763,0.7181258231096347,0.7219706164124466,0.6415382934075567,0.012233442569188402,0.6320735095064535,0.650865487272692,0.07812563053381127,0.004631909061319242,0.06919688259090467,0.0874941730048806,3,6
yelpchi,s0,heterophily_rewire_oracle,secgfd,train_clean_eval_all,f1_macro,0.3,True,0.6890827928071466,0.0033915183002178237,0.6853141225973655,0.6918892125166929,0.5045724006355252,0.009441631930065433,0.4977976442876455,0.5116690107775763,0.18451039217162135,0.0038343575780087702,0.1771704840492584,0.19167364238458207,3,6
yelpchi,s0,heterophily_rewire_nonoracle,mlp,train_clean_eval_all,roc_auc,0.3,False,0.7812706633893618,0.028782937533635766,0.7480379426991232,0.7982706898766113,0.7812706633893618,0.025744241966935887,0.7645264143301991,0.7980149124485245,0.0,0.016581382061336334,-0.03323272069023864,0.03323272069023864,3,6
yelpchi,s0,heterophily_rewire_nonoracle,sage,train_clean_eval_all,roc_auc,0.3,False,0.7921178272591782,0.007750399336005183,0.7833336675998815,0.7979923355618194,0.7857341658968214,0.005168071692442259,0.782033115610286,0.789370495659013,0.006383661362356796,0.004262658595939565,-0.0028567915384066856,0.013517348626401077,3,6
yelpchi,s0,heterophily_rewire_nonoracle,pmp,train_clean_eval_all,roc_auc,0.3,False,0.849193776874713,0.0038429465319576995,0.8450166598130114,0.8525792578539458,0.8167873019554069,0.00553589520361139,0.8128265912207219,0.8209311914037093,0.03240647491930604,0.0027369812622826976,0.026952048062257573,0.0376739000379617,3,6
yelpchi,s0,heterophily_rewire_nonoracle,secgfd,train_clean_eval_all,roc_auc,0.3,False,0.8137073493351891,0.0033135546661232375,0.80989180387316,0.8158618083969534,0.8076894855432973,0.0036906713826831278,0.8049540497829443,0.8101138872232463,0.006017863791891731,0.0020722001143269357,0.001770210434369235,0.009870644195236566,3,6
yelpchi,s0,heterophily_rewire_nonoracle,mlp,train_clean_eval_all,average_precision,0.3,False,0.39937979216947617,0.05468471766479163,0.3362490943810395,0.43208732915537756,0.39937979216947617,0.04891149841154306,0.3674337139113635,0.43132587042758885,0.0,0.031495276208567,-0.06313069778843666,0.06313069778843666,3,6
yelpchi,s0,heterophily_rewire_nonoracle,sage,train_clean_eval_all,average_precision,0.3,False,0.4299337735979076,0.015922581453379436,0.4117661955739737,0.4414635658187256,0.4156625493841625,0.012648558036088166,0.40695325165483004,0.424265764875293,0.014271224213745048,0.009147350701280792,-0.004767298038199105,0.030037122882245696,3,6
yelpchi,s0,heterophily_rewire_nonoracle,pmp,train_clean_eval_all,average_precision,0.3,False,0.5677252637869848,0.013443553198234745,0.5522038320561967,0.5756933208292596,0.4894751373981389,0.00725939669077056,0.48380906711793176,0.4949352137898453,0.07825012638884593,0.007018052436211975,0.06362942560360921,0.09010915923191921,3,6
yelpchi,s0,heterophily_rewire_nonoracle,secgfd,train_clean_eval_all,average_precision,0.3,False,0.47357763672427805,0.0030266330611615523,0.47055078915856036,0.47660405523526644,0.45824431763254553,0.007212445951791104,0.45305481108169016,0.46335901381708816,0.015333319091732522,0.0030021923694598792,0.008967937159376554,0.020969697894735257,3,6
yelpchi,s0,heterophily_rewire_nonoracle,mlp,train_clean_eval_all,f1_macro,0.3,False,0.6531843309265226,0.023559940421078222,0.6259796960386661,0.6668275520202774,0.6531843309265226,0.02107265133095037,0.6395683789326522,0.6668002829203931,0.0,0.013579230163254427,-0.027204634887856516,0.027191341201662993,3,6
yelpchi,s0,heterophily_rewire_nonoracle,sage,train_clean_eval_all,f1_macro,0.3,False,0.6708474707363034,0.005838419786779025,0.6647939557802494,0.6764439291919299,0.663215791960856,0.0031623638571279043,0.6607424919198973,0.6655553030859356,0.007631678775447348,0.003073463452515834,0.0012571550245535608,0.013308569510788662,3,6
yelpchi,s0,heterophily_rewire_nonoracle,pmp,train_clean_eval_all,f1_macro,0.3,False,0.719663923941368,0.002034369365771763,0.7181258231096347,0.7219706164124466,0.6828177749769498,0.00873407772819326,0.676843773022494,0.6893171812296152,0.03684614896441818,0.0033650513176963896,0.03009755143319032,0.04305101838583041,3,6
yelpchi,s0,heterophily_rewire_nonoracle,secgfd,train_clean_eval_all,f1_macro,0.3,False,0.6890827928071466,0.0033915183002178237,0.6853141225973655,0.6918892125166929,0.6850423181099307,0.0038064941152754273,0.6824473208014892,0.6877593953596488,0.004040474697215912,0.002110651720965981,-0.0003860467327088001,0.007981969273300814,3,6
yelpchi,s0,camouflage_feature_oracle,mlp,train_clean_eval_all,roc_auc,0.3,True,0.7812706633893618,0.028782937533635766,0.7480379426991232,0.7982706898766113,0.6986283487315084,0.01897921222813504,0.6837482033768513,0.7120735854538377,0.08264231465785343,0.015322045193528476,0.053225145384511174,0.11095784142953902,3,6
yelpchi,s0,camouflage_feature_oracle,sage,train_clean_eval_all,roc_auc,0.3,True,0.7921178272591782,0.007750399336005183,0.7833336675998815,0.7979923355618194,0.708126709364494,0.00811821768949481,0.7024386170894272,0.7138197296892024,0.08399111789468428,0.0048301092585987995,0.07386832323213155,0.09247994501942539,3,6
yelpchi,s0,camouflage_feature_oracle,pmp,train_clean_eval_all,roc_auc,0.3,True,0.849193776874713,0.0038429465319576995,0.8450166598130114,0.8525792578539458,0.7631364609757063,0.005610867064866792,0.7594034565241335,0.766720340267149,0.08605731589900667,0.0026990739518658164,0.08068124541832507,0.09130987206150332,3,6
yelpchi,s0,camouflage_feature_oracle,secgfd,train_clean_eval_all,roc_auc,0.3,True,0.8137073493351891,0.0033135546661232375,0.80989180387316,0.8158618083969534,0.7237373362999052,0.006308289146988603,0.7193974290472008,0.7280855466225136,0.08997001303528385,0.0027691050797522287,0.0844189365489204,0.09530526721823654,3,6
yelpchi,s0,camouflage_feature_oracle,mlp,train_clean_eval_all,average_precision,0.3,True,0.39937979216947617,0.05468471766479163,0.3362490943810395,0.43208732915537756,0.31697205988075333,0.03519479217801002,0.29179460321857237,0.34129630273609596,0.08240773228872283,0.02893399895231522,0.027859466403405277,0.13653728789694924,3,6
yelpchi,s0,camouflage_feature_oracle,sage,train_clean_eval_all,average_precision,0.3,True,0.4299337735979076,0.015922581453379436,0.4117661955739737,0.4414635658187256,0.3372433239302628,0.012909335920081914,0.3274618943736453,0.34647236582157165,0.09269044966764478,0.009147020977405655,0.07340094402324099,0.10858000221096493,3,6
yelpchi,s0,camouflage_feature_oracle,pmp,train_clean_eval_all,average_precision,0.3,True,0.5677252637869848,0.013443553198234745,0.5522038320561967,0.5756933208292596,0.4471068248245944,0.011605336250698652,0.4383343180678046,0.45458678928248497,0.12061843896239044,0.007632099746217074,0.10456357466641136,0.1340084363885435,3,6
yelpchi,s0,camouflage_feature_oracle,secgfd,train_clean_eval_all,average_precision,0.3,True,0.47357763672427805,0.0030266330611615523,0.47055078915856036,0.47660405523526644,0.3714411216818621,0.005325794809639609,0.36782283379019315,0.37513722416305995,0.10213651504241594,0.0023800247729540256,0.09757083785308984,0.1068104211128422,3,6
yelpchi,s0,camouflage_feature_oracle,mlp,train_clean_eval_all,f1_macro,0.3,True,0.6531843309265226,0.023559940421078222,0.6259796960386661,0.6668275520202774,0.6125329397078096,0.01603133498227491,0.6013188632554879,0.6233641680325241,0.04065139121871297,0.012634942523827044,0.01655838042520059,0.06450036340383491,3,6
yelpchi,s0,camouflage_feature_oracle,sage,train_clean_eval_all,f1_macro,0.3,True,0.6708474707363034,0.005838419786779025,0.6647939557802494,0.6764439291919299,0.625476264240637,0.00580620244866485,0.6211706327932626,0.6294377504825799,0.045371206495666394,0.003548824907139719,0.038483216567432796,0.05202132746544395,3,6
yelpchi,s0,camouflage_feature_oracle,pmp,train_clean_eval_all,f1_macro,0.3,True,0.719663923941368,0.002034369365771763,0.7181258231096347,0.7219706164124466,0.665228898659338,0.004573033340657788,0.6619332483719808,0.6687322362889668,0.054435025282030036,0.001940613582889467,0.050552419945434926,0.058207477133568886,3,6
yelpchi,s0,camouflage_feature_oracle,secgfd,train_clean_eval_all,f1_macro,0.3,True,0.6890827928071466,0.0033915183002178237,0.6853141225973655,0.6918892125166929,0.6412680832203002,0.0035997694720294854,0.6387199740660473,0.643816192374553,0.047814709586846416,0.002052638670586823,0.04377927597140753,0.05165496988518499,3,6
yelpchi,s0,camouflage_relation_oracle,mlp,train_clean_eval_all,roc_auc,0.3,True,0.7812706633893618,0.028782937533635766,0.7480379426991232,0.7982706898766113,0.7812706633893618,0.025744241966935887,0.7645264143301991,0.7980149124485245,0.0,0.016581382061336334,-0.03323272069023864,0.03323272069023864,3,6
yelpchi,s0,camouflage_relation_oracle,sage,train_clean_eval_all,roc_auc,0.3,True,0.7921178272591782,0.007750399336005183,0.7833336675998815,0.7979923355618194,0.7918919472346041,0.0069484628328455025,0.7869995930523119,0.7967777689275217,0.00022588002457413214,0.004615625626755205,-0.010018441668089451,0.008066279371628463,3,6
yelpchi,s0,camouflage_relation_oracle,pmp,train_clean_eval_all,roc_auc,0.3,True,0.849193776874713,0.0038429465319576995,0.8450166598130114,0.8525792578539458,0.8499097881280463,0.0036865353824062377,0.8473530023551422,0.8524598389460895,-0.0007160112533333152,0.002263720601537859,-0.005273642446681132,0.00339401559422525,3,6
yelpchi,s0,camouflage_relation_oracle,secgfd,train_clean_eval_all,roc_auc,0.3,True,0.8137073493351891,0.0033135546661232375,0.80989180387316,0.8158618083969534,0.8139618583765512,0.002877675956529962,0.8120405025933368,0.815866561323874,-0.0002545090413621498,0.0018961267440901416,-0.004096447368278933,0.0033886028183893295,3,6
yelpchi,s0,camouflage_relation_oracle,mlp,train_clean_eval_all,average_precision,0.3,True,0.39937979216947617,0.05468471766479163,0.3362490943810395,0.43208732915537756,0.39937979216947617,0.04891149841154306,0.3674337139113635,0.43132587042758885,0.0,0.031495276208567,-0.06313069778843666,0.06313069778843666,3,6
yelpchi,s0,camouflage_relation_oracle,sage,train_clean_eval_all,average_precision,0.3,True,0.4299337735979076,0.015922581453379436,0.4117661955739737,0.4414635658187256,0.4296649755734044,0.014274198956887672,0.41977499174336586,0.4395531822643763,0.0002687980245031918,0.009485541884681354,-0.020302638620467016,0.016740627702740027,3,6
yelpchi,s0,camouflage_relation_oracle,pmp,train_clean_eval_all,average_precision,0.3,True,0.5677252637869848,0.013443553198234745,0.5522038320561967,0.5756933208292596,0.5684362323347804,0.014994058487185841,0.5573597224222095,0.5786996917853101,-0.0007109685477955097,0.00842965221420228,-0.01797673796344344,0.015878840626022114,3,6
yelpchi,s0,camouflage_relation_oracle,secgfd,train_clean_eval_all,average_precision,0.3,True,0.47357763672427805,0.0030266330611615523,0.47055078915856036,0.47660405523526644,0.47405218594736026,0.002587477455796123,0.4721225746840546,0.4759635891954875,-0.00047454922308221015,0.0017058558331842517,-0.003952680776016848,0.002550375468712067,3,6
yelpchi,s0,camouflage_relation_oracle,mlp,train_clean_eval_all,f1_macro,0.3,True,0.6531843309265226,0.023559940421078222,0.6259796960386661,0.6668275520202774,0.6531843309265226,0.02107265133095037,0.6395683789326522,0.6668002829203931,0.0,0.013579230163254427,-0.027204634887856516,0.027191341201662993,3,6
yelpchi,s0,camouflage_relation_oracle,sage,train_clean_eval_all,f1_macro,0.3,True,0.6708474707363034,0.005838419786779025,0.6647939557802494,0.6764439291919299,0.6706427288023318,0.005193193684190148,0.6667307977520261,0.674492911938871,0.00020474193397157503,0.0034478796451393222,-0.006974366221831249,0.006213224328547136,3,6
yelpchi,s0,camouflage_relation_oracle,pmp,train_clean_eval_all,f1_macro,0.3,True,0.719663923941368,0.002034369365771763,0.7181258231096347,0.7219706164124466,0.7191034909928123,0.003958647702785611,0.7166110446208389,0.7224251831023342,0.000560432948555678,0.0017390582832382414,-0.0029364766009503493,0.0038525140676550435,3,6
yelpchi,s0,camouflage_relation_oracle,secgfd,train_clean_eval_all,f1_macro,0.3,True,0.6890827928071466,0.0033915183002178237,0.6853141225973655,0.6918892125166929,0.689376504742432,0.0029305539587348548,0.6872994673192151,0.6913520548758885,-0.000293711935285379,0.001926534342151772,-0.004283615511168825,0.003207587183567295,3,6
yelpchi,s0,noise_edges_uniform,mlp,train_clean_eval_all,roc_auc,0.2,False,0.7812706633893618,0.028782937533635766,0.7480379426991232,0.7982706898766113,0.7812706633893618,0.025744241966935887,0.7645264143301991,0.7980149124485245,0.0,0.016581382061336334,-0.03323272069023864,0.03323272069023864,3,6
yelpchi,s0,noise_edges_uniform,sage,train_clean_eval_all,roc_auc,0.2,False,0.7921178272591782,0.007750399336005183,0.7833336675998815,0.7979923355618194,0.7886759894162795,0.006048239695454211,0.7844823634776018,0.7928370442160486,0.003441837842898754,0.004429090840243939,-0.005927761936110895,0.0110944749653887,3,6
yelpchi,s0,noise_edges_uniform,pmp,train_clean_eval_all,roc_auc,0.2,False,0.849193776874713,0.0038429465319576995,0.8450166598130114,0.8525792578539458,0.8331443119520888,0.00316157766089574,0.8310017527000481,0.8354782147851065,0.016049464922624157,0.002178995127632775,0.011557939008375784,0.020230107513857943,3,6
yelpchi,s0,noise_edges_uniform,secgfd,train_clean_eval_all,roc_auc,0.2,False,0.8137073493351891,0.0033135546661232375,0.80989180387316,0.8158618083969534,0.8104786957398847,0.0033519441834637506,0.8080214237385718,0.8128925787919453,0.0032286535953043316,0.001995187095635519,-0.0009196460773082781,0.006978784592458828,3,6
yelpchi,s0,noise_edges_uniform,mlp,train_clean_eval_all,average_precision,0.2,False,0.39937979216947617,0.05468471766479163,0.3362490943810395,0.43208732915537756,0.39937979216947617,0.04891149841154306,0.3674337139113635,0.43132587042758885,0.0,0.031495276208567,-0.06313069778843666,0.06313069778843666,3,6
yelpchi,s0,noise_edges_uniform,sage,train_clean_eval_all,average_precision,0.2,False,0.4299337735979076,0.015922581453379436,0.4117661955739737,0.4414635658187256,0.42109439001723475,0.013460260129665348,0.4119570540826125,0.43021720758156834,0.008839383580672822,0.009314967410397949,-0.010666248613536667,0.024885461151013553,3,6
yelpchi,s0,noise_edges_uniform,pmp,train_clean_eval_all,average_precision,0.2,False,0.5677252637869848,0.013443553198234745,0.5522038320561967,0.5756933208292596,0.5178104655013965,0.01073186331829436,0.5096785349055631,0.5256664485639131,0.04991479828558831,0.0075670962053360135,0.03438077041306209,0.06358718125235245,3,6
yelpchi,s0,noise_edges_uniform,secgfd,train_clean_eval_all,average_precision,0.2,False,0.47357763672427805,0.0030266330611615523,0.47055078915856036,0.47660405523526644,0.46461180290987897,0.005790423914188415,0.4605259655120113,0.4688468949188555,0.008965833814399082,0.0025549301741528874,0.0036577120716655615,0.013684455895223147,3,6
yelpchi,s0,noise_edges_uniform,mlp,train_clean_eval_all,f1_macro,0.2,False,0.6531843309265226,0.023559940421078222,0.6259796960386661,0.6668275520202774,0.6531843309265226,0.02107265133095037,0.6395683789326522,0.6668002829203931,0.0,0.013579230163254427,-0.027204634887856516,0.027191341201662993,3,6
yelpchi,s0,noise_edges_uniform,sage,train_clean_eval_all,f1_macro,0.2,False,0.6708474707363034,0.005838419786779025,0.6647939557802494,0.6764439291919299,0.6651962157705774,0.004419386457453616,0.6618154927238729,0.6684357771763022,0.005651254965725938,0.0032916120494883264,-0.0010863229132386824,0.011541674459814204,3,6
yelpchi,s0,noise_edges_uniform,pmp,train_clean_eval_all,f1_macro,0.2,False,0.719663923941368,0.002034369365771763,0.7181258231096347,0.7219706164124466,0.7010917824084179,0.004315547707058778,0.6976305932181,0.7040367010274171,0.01857214153295017,0.0018612563280720746,0.015080660999902754,0.022319520400103432,3,6
yelpchi,s0,noise_edges_uniform,secgfd,train_clean_eval_all,f1_macro,0.2,False,0.6890827928071466,0.0033915183002178237,0.6853141225973655,0.6918892125166929,0.6871756133139174,0.0035579332475168227,0.6845679497209657,0.6896523889406135,0.0019071794932291608,0.002070040891067549,-0.0023468657912373682,0.005715862650714519,3,6
yelpchi,s0,heterophily_rewire_oracle,mlp,train_on_variant,roc_auc,0.3,True,0.7812706633893618,0.028782937533635766,0.7480379426991232,0.7982706898766113,0.7812706633893618,0.025744241966935887,0.7645264143301991,0.7980149124485245,0.0,0.016581382061336334,-0.03323272069023864,0.03323272069023864,3,6
yelpchi,s0,heterophily_rewire_oracle,sage,train_on_variant,roc_auc,0.3,True,0.7920125055070611,0.007535288614832577,0.7833152908795443,0.7965834139701758,0.89709188658706,0.010042715900572272,0.8889883146607752,0.9037213112757428,-0.10507938107999881,0.0052424429990039125,-0.11598353253317074,-0.09544754085697939,3,6
yelpchi,s0,heterophily_rewire_oracle,pmp,train_on_variant,roc_auc,0.3,True,0.849193776874713,0.0038429465319576995,0.8450166598130114,0.8525792578539458,0.8876986234061915,0.022210660419921625,0.8710222221691577,0.9030222197852259,-0.038504846531478565,0.00833302501929388,-0.054620370781476635,-0.02166241079251558,3,6
yelpchi,s0,heterophily_rewire_oracle,secgfd,train_on_variant,roc_auc,0.3,True,0.812236381996699,0.002775689259910157,0.8091323081942022,0.8144797908955509,0.9999999086920356,2.2365792257787643e-07,0.9999997260761063,1.0,-0.18776352669533658,0.001304807411950207,-0.19086760049783313,-0.1855202091044491,3,6
yelpchi,s0,heterophily_rewire_oracle,mlp,train_on_variant,average_precision,0.3,True,0.39937979216947617,0.05468471766479163,0.3362490943810395,0.43208732915537756,0.39937979216947617,0.04891149841154306,0.3674337139113635,0.43132587042758885,0.0,0.031495276208567,-0.06313069778843666,0.06313069778843666,3,6
yelpchi,s0,heterophily_rewire_oracle,sage,train_on_variant,average_precision,0.3,True,0.42933223790816294,0.015305932257955186,0.41174500720513746,0.4396386484983097,0.6531908921977775,0.034362608448702286,0.6257523953135662,0.6758610381286353,-0.22385865428961454,0.014707078955769056,-0.2521335189662471,-0.19464637014143812,3,6
yelpchi,s0,heterophily_rewire_oracle,pmp,train_on_variant,average_precision,0.3,True,0.5677252637869848,0.013443553198234745,0.5522038320561967,0.5756933208292596,0.6018050284232713,0.056712205817419516,0.5603227334071696,0.6418640836628297,-0.03407976463628648,0.021642694559554906,-0.07612664837803633,0.00729754364510276,3,6
yelpchi,s0,heterophily_rewire_oracle,secgfd,train_on_variant,average_precision,0.3,True,0.4704254705348501,0.002193142349121461,0.4690530393091248,0.4729548350189385,0.9999994655961107,1.309016845271182e-06,0.9999983967883321,1.0,-0.5295739950612606,0.0010323719603978468,-0.530946426286986,-0.5270451649810615,3,6
yelpchi,s0,heterophily_rewire_oracle,mlp,train_on_variant,f1_macro,0.3,True,0.6531843309265226,0.023559940421078222,0.6259796960386661,0.6668275520202774,0.6531843309265226,0.02107265133095037,0.6395683789326522,0.6668002829203931,0.0,0.013579230163254427,-0.027204634887856516,0.027191341201662993,3,6
yelpchi,s0,heterophily_rewire_oracle,sage,train_on_variant,f1_macro,0.3,True,0.6708518031464994,0.004795489526380665,0.6653245800672882,0.673905369117186,0.7696187377514736,0.012311150437296582,0.7598928459557369,0.7781106732514116,-0.09876693460497421,0.005096531192434826,-0.10859409109876107,-0.08901743785823987,3,6
yelpchi,s0,heterophily_rewire_oracle,pmp,train_on_variant,f1_macro,0.3,True,0.719663923941368,0.002034369365771763,0.7181258231096347,0.7219706164124466,0.7495746020256308,0.023494573594432116,0.7327097858610486,0.7660491474582413,-0.029910678084262732,0.008673657152552675,-0.04731767892320268,-0.012899168191722014,3,6
yelpchi,s0,heterophily_rewire_oracle,secgfd,train_on_variant,f1_macro,0.3,True,0.6869626295963105,0.003512402359746653,0.683747842549859,0.6907114778870319,0.9997809266564955,0.000249803950533192,0.9995983277059665,0.9999452543577415,-0.31281829706018505,0.001642296210532037,-0.3159783384643782,-0.3091602914634962,3,6
yelpchi,s0,heterophily_rewire_nonoracle,mlp,train_on_variant,roc_auc,0.3,False,0.7812706633893618,0.028782937533635766,0.7480379426991232,0.7982706898766113,0.7812706633893618,0.025744241966935887,0.7645264143301991,0.7980149124485245,0.0,0.016581382061336334,-0.03323272069023864,0.03323272069023864,3,6
yelpchi,s0,heterophily_rewire_nonoracle,sage,train_on_variant,roc_auc,0.3,False,0.7920125055070611,0.007535288614832577,0.7833152908795443,0.7965834139701758,0.7305197415282724,0.08259062851470796,0.6678552482452355,0.7847398896517047,0.06149276397878878,0.03066023147352887,0.00655172359583267,0.12221988710373621,3,6
yelpchi,s0,heterophily_rewire_nonoracle,pmp,train_on_variant,roc_auc,0.3,False,0.849193776874713,0.0038429465319576995,0.8450166598130114,0.8525792578539458,0.8313938211598696,0.0035973310437505592,0.8284515795591066,0.833456655160434,0.017799955714843385,0.0021777667765746074,0.013464209772997868,0.021971707341903336,3,6
yelpchi,s0,heterophily_rewire_nonoracle,secgfd,train_on_variant,roc_auc,0.3,False,0.812236381996699,0.002775689259910157,0.8091323081942022,0.8144797908955509,0.8198505392632504,0.010479524434642316,0.8128429508786494,0.8272486929503075,-0.007614157266551347,0.004058817532888392,-0.016170616696850607,-0.0003714881408580238,3,6
yelpchi,s0,heterophily_rewire_nonoracle,mlp,train_on_variant,average_precision,0.3,False,0.39937979216947617,0.05468471766479163,0.3362490943810395,0.43208732915537756,0.39937979216947617,0.04891149841154306,0.3674337139113635,0.43132587042758885,0.0,0.031495276208567,-0.06313069778843666,0.06313069778843666,3,6
yelpchi,s0,heterophily_rewire_nonoracle,sage,train_on_variant,average_precision,0.3,False,0.42933223790816294,0.015305932257955186,0.41174500720513746,0.4396386484983097,0.3464837414547876,0.10132224964348444,0.27548887844942055,0.4149813690321671,0.08284849645337533,0.03831783324042028,0.013749776131423542,0.15766607401766244,3,6
yelpchi,s0,heterophily_rewire_nonoracle,pmp,train_on_variant,average_precision,0.3,False,0.5677252637869848,0.013443553198234745,0.5522038320561967,0.5756933208292596,0.5093941442417561,0.012762655355598384,0.5004138651537559,0.5189492945721994,0.05833111954522874,0.007820758126162423,0.041877962877172055,0.07241526045475286,3,6
yelpchi,s0,heterophily_rewire_nonoracle,secgfd,train_on_variant,average_precision,0.3,False,0.4704254705348501,0.002193142349121461,0.4690530393091248,0.4729548350189385,0.4837587294401913,0.015628192041447622,0.4728473267193809,0.4950879330542683,-0.013333258905341205,0.005883437675679081,-0.024922766986695204,-0.002110384272379437,3,6
yelpchi,s0,heterophily_rewire_nonoracle,mlp,train_on_variant,f1_macro,0.3,False,0.6531843309265226,0.023559940421078222,0.6259796960386661,0.6668275520202774,0.6531843309265226,0.02107265133095037,0.6395683789326522,0.6668002829203931,0.0,0.013579230163254427,-0.027204634887856516,0.027191341201662993,3,6
yelpchi,s0,heterophily_rewire_nonoracle,sage,train_on_variant,f1_macro,0.3,False,0.6708518031464994,0.004795489526380665,0.6653245800672882,0.673905369117186,0.6247590248867307,0.05171696916796973,0.587842672716908,0.6597394014635501,0.04609277825976865,0.019270974953018737,0.0111115112230759,0.08282944402274373,3,6
yelpchi,s0,heterophily_rewire_nonoracle,pmp,train_on_variant,f1_macro,0.3,False,0.719663923941368,0.002034369365771763,0.7181258231096347,0.7219706164124466,0.7018451910927451,0.003960619802476109,0.698779684499553,0.7044810273355638,0.017818732848622898,0.001709132988742807,0.014623418006802091,0.021275971355831994,3,6
yelpchi,s0,heterophily_rewire_nonoracle,secgfd,train_on_variant,f1_macro,0.3,False,0.6869626295963105,0.003512402359746653,0.683747842549859,0.6907114778870319,0.6949221706264074,0.01035795469772384,0.6880323902911836,0.7018643432346853,-0.007959541030096884,0.004135986117159508,-0.016808258560330875,-0.0001761435805228834,3,6
yelpchi,s0,camouflage_feature_oracle,mlp,train_on_variant,roc_auc,0.3,True,0.7812706633893618,0.028782937533635766,0.7480379426991232,0.7982706898766113,0.6998875669454118,0.012550855381142631,0.6901122315418807,0.7075260796686446,0.08138309644395003,0.014404541536074058,0.05175707766938127,0.10538041445709335,3,6
yelpchi,s0,camouflage_feature_oracle,sage,train_on_variant,roc_auc,0.3,True,0.7920125055070611,0.007535288614832577,0.7833152908795443,0.7965834139701758,0.6873711068983469,0.05362222163467543,0.6427657352265779,0.7129587526512657,0.10464139860871424,0.019791276632653666,0.07558939767486417,0.14964614387370553,3,6
yelpchi,s0,camouflage_feature_oracle,pmp,train_on_variant,roc_auc,0.3,True,0.849193776874713,0.0038429465319576995,0.8450166598130114,0.8525792578539458,0.759798136590236,0.007435640673601674,0.7538696851301216,0.7647663669963092,0.089395640284477,0.0032078816375649822,0.08333332196946143,0.09549448630107395,3,6
yelpchi,s0,camouflage_feature_oracle,secgfd,train_on_variant,roc_auc,0.3,True,0.812236381996699,0.002775689259910157,0.8091323081942022,0.8144797908955509,0.7487853777869414,0.01554094643786418,0.7361975156559812,0.7592609745642848,0.06345100420975758,0.0059734271025244125,0.05268712000205618,0.07540017769879656,3,6
yelpchi,s0,camouflage_feature_oracle,mlp,train_on_variant,average_precision,0.3,True,0.39937979216947617,0.05468471766479163,0.3362490943810395,0.43208732915537756,0.3213149900893049,0.02496371549720605,0.3012031482120374,0.3350157169925561,0.07806480208017125,0.0274733452701929,0.023220296095947727,0.1230341297488885,3,6
yelpchi,s0,camouflage_feature_oracle,sage,train_on_variant,average_precision,0.3,True,0.42933223790816294,0.015305932257955186,0.41174500720513746,0.4396386484983097,0.31183070912842636,0.06636606213433982,0.2567700759086307,0.34174804812023357,0.11750152877973657,0.025252106516866605,0.078839702529794,0.1728798660326986,3,6
yelpchi,s0,camouflage_feature_oracle,pmp,train_on_variant,average_precision,0.3,True,0.5677252637869848,0.013443553198234745,0.5522038320561967,0.5756933208292596,0.41739097019771404,0.012993429984014869,0.40762821319428627,0.42649445529277114,0.1503342935892708,0.007788039477027643,0.13448283392717808,0.16462411544903427,3,6
yelpchi,s0,camouflage_feature_oracle,secgfd,train_on_variant,average_precision,0.3,True,0.4704254705348501,0.002193142349121461,0.4690530393091248,0.4729548350189385,0.3948521883897093,0.024978779329519207,0.3770814193172156,0.4133482164102133,0.07557328214514081,0.009379210380044797,0.05661650862499009,0.09286092089610411,3,6
yelpchi,s0,camouflage_feature_oracle,mlp,train_on_variant,f1_macro,0.3,True,0.6531843309265226,0.023559940421078222,0.6259796960386661,0.6668275520202774,0.6165957513076381,0.012977243240235786,0.6060174949936155,0.6232804655146349,0.03658857961888451,0.012161763878235636,0.014654562130468896,0.05670051674089982,3,6
yelpchi,s0,camouflage_feature_oracle,sage,train_on_variant,f1_macro,0.3,True,0.6708518031464994,0.004795489526380665,0.6653245800672882,0.673905369117186,0.611339253752072,0.0365188418713546,0.5808444871736723,0.6279255537694722,0.059512549394427405,0.013447706132475014,0.04030232470110995,0.089947813127027,3,6
yelpchi,s0,camouflage_feature_oracle,pmp,train_on_variant,f1_macro,0.3,True,0.719663923941368,0.002034369365771763,0.7181258231096347,0.7219706164124466,0.6612018980252039,0.005091418427926304,0.657668297873693,0.664857708609312,0.05846202591616412,0.0020915288075349786,0.05433061901468315,0.062570465456615,3,6
yelpchi,s0,camouflage_feature_oracle,secgfd,train_on_variant,f1_macro,0.3,True,0.6869626295963105,0.003512402359746653,0.683747842549859,0.6907114778870319,0.6507056679446243,0.01027465049221418,0.6424705540124391,0.6577041390744514,0.03625696165168624,0.004192416066374208,0.02788263352181053,0.0441497550045878,3,6
yelpchi,s0,camouflage_relation_oracle,mlp,train_on_variant,roc_auc,0.3,True,0.7812706633893618,0.028782937533635766,0.7480379426991232,0.7982706898766113,0.7812706633893618,0.025744241966935887,0.7645264143301991,0.7980149124485245,0.0,0.016581382061336334,-0.03323272069023864,0.03323272069023864,3,6
yelpchi,s0,camouflage_relation_oracle,sage,train_on_variant,roc_auc,0.3,True,0.7920125055070611,0.007535288614832577,0.7833152908795443,0.7965834139701758,0.762328935322456,0.07543048077226323,0.6995741765240363,0.7964034932636795,0.0296835701846051,0.027496593591122633,-0.008492643896905789,0.09279844704922503,3,6
yelpchi,s0,camouflage_relation_oracle,pmp,train_on_variant,roc_auc,0.3,True,0.849193776874713,0.0038429465319576995,0.8450166598130114,0.8525792578539458,0.84603770914129,0.005630155806083688,0.8416846495717832,0.8498824878902613,0.003156067733423029,0.0026798385304287724,-0.002366299097324584,0.008428265033070148,3,6
yelpchi,s0,camouflage_relation_oracle,secgfd,train_on_variant,roc_auc,0.3,True,0.812236381996699,0.002775689259910157,0.8091323081942022,0.8144797908955509,0.8129185418146649,0.00410775671095218,0.8101326147348886,0.8156625402275103,-0.0006821598179659327,0.0019907458679621582,-0.004418732525243535,0.003301525687804674,3,6
yelpchi,s0,camouflage_relation_oracle,mlp,train_on_variant,average_precision,0.3,True,0.39937979216947617,0.05468471766479163,0.3362490943810395,0.43208732915537756,0.39937979216947617,0.04891149841154306,0.3674337139113635,0.43132587042758885,0.0,0.031495276208567,-0.06313069778843666,0.06313069778843666,3,6
yelpchi,s0,camouflage_relation_oracle,sage,train_on_variant,average_precision,0.3,True,0.42933223790816294,0.015305932257955186,0.41174500720513746,0.4396386484983097,0.3902424029238354,0.09731722583441159,0.30935504880126796,0.43525309929656614,0.039089834984327554,0.036024349678024745,-0.015007934587245426,0.120610001653563,3,6
yelpchi,s0,camouflage_relation_oracle,pmp,train_on_variant,average_precision,0.3,True,0.5677252637869848,0.013443553198234745,0.5522038320561967,0.5756933208292596,0.5490791677585565,0.01752980172066194,0.5363475351720586,0.5618263901643088,0.01864609602842837,0.008891152325029886,0.0004752912719067722,0.03548529371398019,3,6
yelpchi,s0,camouflage_relation_oracle,secgfd,train_on_variant,average_precision,0.3,True,0.4704254705348501,0.002193142349121461,0.4690530393091248,0.4729548350189385,0.4706734283806564,0.010720311340582427,0.46364500349927673,0.47839069113952964,-0.0002479578458062792,0.00407485811962903,-0.008011759768158322,0.008099877883027459,3,6
yelpchi,s0,camouflage_relation_oracle,mlp,train_on_variant,f1_macro,0.3,True,0.6531843309265226,0.023559940421078222,0.6259796960386661,0.6668275520202774,0.6531843309265226,0.02107265133095037,0.6395683789326522,0.6668002829203931,0.0,0.013579230163254427,-0.027204634887856516,0.027191341201662993,3,6
yelpchi,s0,camouflage_relation_oracle,sage,train_on_variant,f1_macro,0.3,True,0.6708518031464994,0.004795489526380665,0.6653245800672882,0.673905369117186,0.6503314733666037,0.051051092511517036,0.6080320700805987,0.6737530498186848,0.020520329779895707,0.01859774777666651,-0.004738430285716422,0.06301326348973389,3,6
yelpchi,s0,camouflage_relation_oracle,pmp,train_on_variant,f1_macro,0.3,True,0.719663923941368,0.002034369365771763,0.7181258231096347,0.7219706164124466,0.7175585036410933,0.005904703998533244,0.7131454529974555,0.7214274327018623,0.0021054203002747185,0.0023547443230414605,-0.002147424549838109,0.006659234892218535,3,6
yelpchi,s0,camouflage_relation_oracle,secgfd,train_on_variant,f1_macro,0.3,True,0.6869626295963105,0.003512402359746653,0.683747842549859,0.6907114778870319,0.6891746459376599,0.004603619374686442,0.6863571649110476,0.692936729565227,-0.0022120163413493765,0.002345598385562584,-0.006856834654980404,0.0022963040056293016,3,6
yelpchi,s0,noise_edges_uniform,mlp,train_on_variant,roc_auc,0.2,False,0.7812706633893618,0.028782937533635766,0.7480379426991232,0.7982706898766113,0.7812706633893618,0.025744241966935887,0.7645264143301991,0.7980149124485245,0.0,0.016581382061336334,-0.03323272069023864,0.03323272069023864,3,6
yelpchi,s0,noise_edges_uniform,sage,train_on_variant,roc_auc,0.2,False,0.7920125055070611,0.007535288614832577,0.7833152908795443,0.7965834139701758,0.6945072888051543,0.07836235685901087,0.63645926070466,0.7530139131424015,0.09750521670190682,0.029364929341395223,0.03922418546387994,0.1542485036133182,3,6
yelpchi,s0,noise_edges_uniform,pmp,train_on_variant,roc_auc,0.2,False,0.849193776874713,0.0038429465319576995,0.8450166598130114,0.8525792578539458,0.8376276461524507,0.0059933817974394815,0.8326999557878896,0.8415981471851358,0.011566130722262313,0.0027843127207029814,0.0060874167406340385,0.017244010548864562,3,6
yelpchi,s0,noise_edges_uniform,secgfd,train_on_variant,roc_auc,0.2,False,0.812236381996699,0.002775689259910157,0.8091323081942022,0.8144797908955509,0.8172980906186608,0.013185975950977038,0.8085667446770156,0.8266333295730331,-0.005061708621961758,0.004987715090652176,-0.015228057282837585,0.004002264493098984,3,6
yelpchi,s0,noise_edges_uniform,mlp,train_on_variant,average_precision,0.2,False,0.39937979216947617,0.05468471766479163,0.3362490943810395,0.43208732915537756,0.39937979216947617,0.04891149841154306,0.3674337139113635,0.43132587042758885,0.0,0.031495276208567,-0.06313069778843666,0.06313069778843666,3,6
yelpchi,s0,noise_edges_uniform,sage,train_on_variant,average_precision,0.2,False,0.42933223790816294,0.015305932257955186,0.41174500720513746,0.4396386484983097,0.2970383045910616,0.09924313198743062,0.22618533650613912,0.36796436680359945,0.13229393331710132,0.037652446102202204,0.05329046471422131,0.20220669280614942,3,6
yelpchi,s0,noise_edges_uniform,pmp,train_on_variant,average_precision,0.2,False,0.5677252637869848,0.013443553198234745,0.5522038320561967,0.5756933208292596,0.5227719824513809,0.02060047169015119,0.5079396428928684,0.5376922010726493,0.044953281335603945,0.009758269985743133,0.02447720903953632,0.06368712838098259,3,6
yelpchi,s0,noise_edges_uniform,secgfd,train_on_variant,average_precision,0.2,False,0.4704254705348501,0.002193142349121461,0.4690530393091248,0.4729548350189385,0.4764958870123362,0.024991319291903152,0.45965005927281144,0.4942410754540763,-0.006070416477486074,0.009229369716276655,-0.02406230950352284,0.010834746428437014,3,6
yelpchi,s0,noise_edges_uniform,mlp,train_on_variant,f1_macro,0.2,False,0.6531843309265226,0.023559940421078222,0.6259796960386661,0.6668275520202774,0.6531843309265226,0.02107265133095037,0.6395683789326522,0.6668002829203931,0.0,0.013579230163254427,-0.027204634887856516,0.027191341201662993,3,6
yelpchi,s0,noise_edges_uniform,sage,train_on_variant,f1_macro,0.2,False,0.6708518031464994,0.004795489526380665,0.6653245800672882,0.673905369117186,0.6015644774299329,0.04925506129375515,0.5657325302305055,0.6383581952438901,0.06928732571656648,0.018451047149369643,0.032984492709110254,0.10245435729446331,3,6
yelpchi,s0,noise_edges_uniform,pmp,train_on_variant,f1_macro,0.2,False,0.719663923941368,0.002034369365771763,0.7181258231096347,0.7219706164124466,0.7087632848419513,0.006616598397852798,0.7034143560204041,0.7131631750288466,0.010900639099416742,0.0025943278627937943,0.006272521840073056,0.01601010977998425,3,6
yelpchi,s0,noise_edges_uniform,secgfd,train_on_variant,f1_macro,0.2,False,0.6869626295963105,0.003512402359746653,0.683747842549859,0.6907114778870319,0.6935427246526841,0.012897315503656585,0.6850286512666225,0.7027376692762752,-0.0065800950563735805,0.005018102255758984,-0.017160645750495147,0.002590432364334046,3,6
