dataset_id,scenario_id,severity,protocol,audit_metric,audit_metric_label,audit_metric_unit,oracle_labels,claim_scope,operational_ranking_eligible,graph_view_mode,mean,std,ci_lower,ci_upper,n_splits,min_graph_seeds_per_split,ci_method,source
yelpchi,camouflage_feature_oracle,0.15,train_clean_eval_all,heterophily_ratio_after,Heterophily ratio after,,True,oracle_shift_sensitivity_diagnostic,False,canonical,0.2268800139427185,0.0,0.2268800139427185,0.2268800139427185,1,2,split_bootstrap_over_split_means,scenario
yelpchi,camouflage_feature_oracle,0.15,train_clean_eval_all,heterophily_ratio_before,Heterophily ratio before,,True,oracle_shift_sensitivity_diagnostic,False,canonical,0.2268800139427185,0.0,0.2268800139427185,0.2268800139427185,1,2,split_bootstrap_over_split_means,scenario
yelpchi,camouflage_feature_oracle,0.15,train_clean_eval_all,heterophily_ratio_shift,Heterophily ratio shift,,True,oracle_shift_sensitivity_diagnostic,False,canonical,0.0,0.0,0.0,0.0,1,2,split_bootstrap_over_split_means,scenario
yelpchi,camouflage_feature_oracle,0.15,train_clean_eval_all,mean_cosine_to_sampled_normal_after,Cosine to sampled normal after,,True,oracle_shift_sensitivity_diagnostic,False,canonical,1.0,0.0,1.0,1.0,1,2,split_bootstrap_over_split_means,scenario
yelpchi,camouflage_feature_oracle,0.15,train_clean_eval_all,mean_cosine_to_sampled_normal_before,Cosine to sampled normal before,,True,oracle_shift_sensitivity_diagnostic,False,canonical,0.8404909074306488,0.0,0.8404909074306488,0.8404909074306488,1,2,split_bootstrap_over_split_means,scenario
yelpchi,camouflage_feature_oracle,0.15,train_clean_eval_all,mean_cosine_to_sampled_normal_shift,Cosine to sampled normal shift,,True,oracle_shift_sensitivity_diagnostic,False,canonical,0.1595090925693512,0.0,0.1595090925693512,0.1595090925693512,1,2,split_bootstrap_over_split_means,scenario
yelpchi,camouflage_feature_oracle,0.15,train_clean_eval_all,realized_change,Realized change,nodes_changed,True,oracle_shift_sensitivity_diagnostic,False,canonical,1001.0,0.0,1001.0,1001.0,1,2,split_bootstrap_over_split_means,scenario
yelpchi,camouflage_feature_oracle,0.15,train_clean_eval_all,requested_change,Requested change,nodes_selected,True,oracle_shift_sensitivity_diagnostic,False,canonical,1001.0,0.0,1001.0,1001.0,1,2,split_bootstrap_over_split_means,scenario
yelpchi,camouflage_feature_oracle,0.15,train_on_variant,heterophily_ratio_after,Heterophily ratio after,,True,oracle_privileged_training_diagnostic,False,canonical,0.2268800139427185,0.0,0.2268800139427185,0.2268800139427185,1,2,split_bootstrap_over_split_means,scenario
yelpchi,camouflage_feature_oracle,0.15,train_on_variant,heterophily_ratio_before,Heterophily ratio before,,True,oracle_privileged_training_diagnostic,False,canonical,0.2268800139427185,0.0,0.2268800139427185,0.2268800139427185,1,2,split_bootstrap_over_split_means,scenario
yelpchi,camouflage_feature_oracle,0.15,train_on_variant,heterophily_ratio_shift,Heterophily ratio shift,,True,oracle_privileged_training_diagnostic,False,canonical,0.0,0.0,0.0,0.0,1,2,split_bootstrap_over_split_means,scenario
yelpchi,camouflage_feature_oracle,0.15,train_on_variant,mean_cosine_to_sampled_normal_after,Cosine to sampled normal after,,True,oracle_privileged_training_diagnostic,False,canonical,1.0,0.0,1.0,1.0,1,2,split_bootstrap_over_split_means,scenario
yelpchi,camouflage_feature_oracle,0.15,train_on_variant,mean_cosine_to_sampled_normal_before,Cosine to sampled normal before,,True,oracle_privileged_training_diagnostic,False,canonical,0.8404909074306488,0.0,0.8404909074306488,0.8404909074306488,1,2,split_bootstrap_over_split_means,scenario
yelpchi,camouflage_feature_oracle,0.15,train_on_variant,mean_cosine_to_sampled_normal_shift,Cosine to sampled normal shift,,True,oracle_privileged_training_diagnostic,False,canonical,0.1595090925693512,0.0,0.1595090925693512,0.1595090925693512,1,2,split_bootstrap_over_split_means,scenario
yelpchi,camouflage_feature_oracle,0.15,train_on_variant,realized_change,Realized change,nodes_changed,True,oracle_privileged_training_diagnostic,False,canonical,1001.0,0.0,1001.0,1001.0,1,2,split_bootstrap_over_split_means,scenario
yelpchi,camouflage_feature_oracle,0.15,train_on_variant,requested_change,Requested change,nodes_selected,True,oracle_privileged_training_diagnostic,False,canonical,1001.0,0.0,1001.0,1001.0,1,2,split_bootstrap_over_split_means,scenario
yelpchi,camouflage_feature_oracle,0.3,train_clean_eval_all,heterophily_ratio_after,Heterophily ratio after,,True,oracle_shift_sensitivity_diagnostic,False,canonical,0.2268800139427185,0.0,0.2268800139427185,0.2268800139427185,1,2,split_bootstrap_over_split_means,scenario
yelpchi,camouflage_feature_oracle,0.3,train_clean_eval_all,heterophily_ratio_before,Heterophily ratio before,,True,oracle_shift_sensitivity_diagnostic,False,canonical,0.2268800139427185,0.0,0.2268800139427185,0.2268800139427185,1,2,split_bootstrap_over_split_means,scenario
yelpchi,camouflage_feature_oracle,0.3,train_clean_eval_all,heterophily_ratio_shift,Heterophily ratio shift,,True,oracle_shift_sensitivity_diagnostic,False,canonical,0.0,0.0,0.0,0.0,1,2,split_bootstrap_over_split_means,scenario
yelpchi,camouflage_feature_oracle,0.3,train_clean_eval_all,mean_cosine_to_sampled_normal_after,Cosine to sampled normal after,,True,oracle_shift_sensitivity_diagnostic,False,canonical,1.0,0.0,1.0,1.0,1,2,split_bootstrap_over_split_means,scenario
yelpchi,camouflage_feature_oracle,0.3,train_clean_eval_all,mean_cosine_to_sampled_normal_before,Cosine to sampled normal before,,True,oracle_shift_sensitivity_diagnostic,False,canonical,0.8397932052612305,0.0,0.8397932052612305,0.8397932052612305,1,2,split_bootstrap_over_split_means,scenario
yelpchi,camouflage_feature_oracle,0.3,train_clean_eval_all,mean_cosine_to_sampled_normal_shift,Cosine to sampled normal shift,,True,oracle_shift_sensitivity_diagnostic,False,canonical,0.16020679473876953,0.0,0.16020679473876953,0.16020679473876953,1,2,split_bootstrap_over_split_means,scenario
yelpchi,camouflage_feature_oracle,0.3,train_clean_eval_all,realized_change,Realized change,nodes_changed,True,oracle_shift_sensitivity_diagnostic,False,canonical,2003.0,0.0,2003.0,2003.0,1,2,split_bootstrap_over_split_means,scenario
yelpchi,camouflage_feature_oracle,0.3,train_clean_eval_all,requested_change,Requested change,nodes_selected,True,oracle_shift_sensitivity_diagnostic,False,canonical,2003.0,0.0,2003.0,2003.0,1,2,split_bootstrap_over_split_means,scenario
yelpchi,camouflage_feature_oracle,0.3,train_on_variant,heterophily_ratio_after,Heterophily ratio after,,True,oracle_privileged_training_diagnostic,False,canonical,0.2268800139427185,0.0,0.2268800139427185,0.2268800139427185,1,2,split_bootstrap_over_split_means,scenario
yelpchi,camouflage_feature_oracle,0.3,train_on_variant,heterophily_ratio_before,Heterophily ratio before,,True,oracle_privileged_training_diagnostic,False,canonical,0.2268800139427185,0.0,0.2268800139427185,0.2268800139427185,1,2,split_bootstrap_over_split_means,scenario
yelpchi,camouflage_feature_oracle,0.3,train_on_variant,heterophily_ratio_shift,Heterophily ratio shift,,True,oracle_privileged_training_diagnostic,False,canonical,0.0,0.0,0.0,0.0,1,2,split_bootstrap_over_split_means,scenario
yelpchi,camouflage_feature_oracle,0.3,train_on_variant,mean_cosine_to_sampled_normal_after,Cosine to sampled normal after,,True,oracle_privileged_training_diagnostic,False,canonical,1.0,0.0,1.0,1.0,1,2,split_bootstrap_over_split_means,scenario
yelpchi,camouflage_feature_oracle,0.3,train_on_variant,mean_cosine_to_sampled_normal_before,Cosine to sampled normal before,,True,oracle_privileged_training_diagnostic,False,canonical,0.8397932052612305,0.0,0.8397932052612305,0.8397932052612305,1,2,split_bootstrap_over_split_means,scenario
yelpchi,camouflage_feature_oracle,0.3,train_on_variant,mean_cosine_to_sampled_normal_shift,Cosine to sampled normal shift,,True,oracle_privileged_training_diagnostic,False,canonical,0.16020679473876953,0.0,0.16020679473876953,0.16020679473876953,1,2,split_bootstrap_over_split_means,scenario
yelpchi,camouflage_feature_oracle,0.3,train_on_variant,realized_change,Realized change,nodes_changed,True,oracle_privileged_training_diagnostic,False,canonical,2003.0,0.0,2003.0,2003.0,1,2,split_bootstrap_over_split_means,scenario
yelpchi,camouflage_feature_oracle,0.3,train_on_variant,requested_change,Requested change,nodes_selected,True,oracle_privileged_training_diagnostic,False,canonical,2003.0,0.0,2003.0,2003.0,1,2,split_bootstrap_over_split_means,scenario
yelpchi,camouflage_relation_oracle,0.15,train_clean_eval_all,fraud_to_normal_neighbor_ratio_after,Fraud-to-normal neighbor ratio after,,True,oracle_shift_sensitivity_diagnostic,False,heterograph_aware_generation,0.8224133516465998,0.0,0.8224133516465998,0.8224133516465998,1,2,split_bootstrap_over_split_means,scenario
yelpchi,camouflage_relation_oracle,0.15,train_clean_eval_all,fraud_to_normal_neighbor_ratio_before,Fraud-to-normal neighbor ratio before,,True,oracle_shift_sensitivity_diagnostic,False,heterograph_aware_generation,0.8152660609767771,0.0,0.8152660609767771,0.8152660609767771,1,2,split_bootstrap_over_split_means,scenario
yelpchi,camouflage_relation_oracle,0.15,train_clean_eval_all,fraud_to_normal_neighbor_ratio_shift,Fraud-to-normal neighbor ratio shift,,True,oracle_shift_sensitivity_diagnostic,False,heterograph_aware_generation,0.00714729066982267,0.0,0.00714729066982267,0.00714729066982267,1,2,split_bootstrap_over_split_means,scenario
yelpchi,camouflage_relation_oracle,0.15,train_clean_eval_all,heterophily_ratio_after,Heterophily ratio after,,True,oracle_shift_sensitivity_diagnostic,False,heterograph_aware_generation,0.2271004468202591,0.0,0.2271004468202591,0.2271004468202591,1,2,split_bootstrap_over_split_means,scenario
yelpchi,camouflage_relation_oracle,0.15,train_clean_eval_all,heterophily_ratio_before,Heterophily ratio before,,True,oracle_shift_sensitivity_diagnostic,False,heterograph_aware_generation,0.2268800139427185,0.0,0.2268800139427185,0.2268800139427185,1,2,split_bootstrap_over_split_means,scenario
yelpchi,camouflage_relation_oracle,0.15,train_clean_eval_all,heterophily_ratio_shift,Heterophily ratio shift,,True,oracle_shift_sensitivity_diagnostic,False,heterograph_aware_generation,0.00022043287754058838,0.0,0.00022043287754058838,0.00022043287754058838,1,2,split_bootstrap_over_split_means,scenario
yelpchi,camouflage_relation_oracle,0.15,train_clean_eval_all,realized_change,Realized change,nodes_changed,True,oracle_shift_sensitivity_diagnostic,False,heterograph_aware_generation,1001.0,0.0,1001.0,1001.0,1,2,split_bootstrap_over_split_means,scenario
yelpchi,camouflage_relation_oracle,0.15,train_clean_eval_all,requested_change,Requested change,nodes_selected,True,oracle_shift_sensitivity_diagnostic,False,heterograph_aware_generation,1001.0,0.0,1001.0,1001.0,1,2,split_bootstrap_over_split_means,scenario
yelpchi,camouflage_relation_oracle,0.15,train_on_variant,fraud_to_normal_neighbor_ratio_after,Fraud-to-normal neighbor ratio after,,True,oracle_privileged_training_diagnostic,False,heterograph_aware_generation,0.8224133516465998,0.0,0.8224133516465998,0.8224133516465998,1,2,split_bootstrap_over_split_means,scenario
yelpchi,camouflage_relation_oracle,0.15,train_on_variant,fraud_to_normal_neighbor_ratio_before,Fraud-to-normal neighbor ratio before,,True,oracle_privileged_training_diagnostic,False,heterograph_aware_generation,0.8152660609767771,0.0,0.8152660609767771,0.8152660609767771,1,2,split_bootstrap_over_split_means,scenario
yelpchi,camouflage_relation_oracle,0.15,train_on_variant,fraud_to_normal_neighbor_ratio_shift,Fraud-to-normal neighbor ratio shift,,True,oracle_privileged_training_diagnostic,False,heterograph_aware_generation,0.00714729066982267,0.0,0.00714729066982267,0.00714729066982267,1,2,split_bootstrap_over_split_means,scenario
yelpchi,camouflage_relation_oracle,0.15,train_on_variant,heterophily_ratio_after,Heterophily ratio after,,True,oracle_privileged_training_diagnostic,False,heterograph_aware_generation,0.2271004468202591,0.0,0.2271004468202591,0.2271004468202591,1,2,split_bootstrap_over_split_means,scenario
yelpchi,camouflage_relation_oracle,0.15,train_on_variant,heterophily_ratio_before,Heterophily ratio before,,True,oracle_privileged_training_diagnostic,False,heterograph_aware_generation,0.2268800139427185,0.0,0.2268800139427185,0.2268800139427185,1,2,split_bootstrap_over_split_means,scenario
yelpchi,camouflage_relation_oracle,0.15,train_on_variant,heterophily_ratio_shift,Heterophily ratio shift,,True,oracle_privileged_training_diagnostic,False,heterograph_aware_generation,0.00022043287754058838,0.0,0.00022043287754058838,0.00022043287754058838,1,2,split_bootstrap_over_split_means,scenario
yelpchi,camouflage_relation_oracle,0.15,train_on_variant,realized_change,Realized change,nodes_changed,True,oracle_privileged_training_diagnostic,False,heterograph_aware_generation,1001.0,0.0,1001.0,1001.0,1,2,split_bootstrap_over_split_means,scenario
yelpchi,camouflage_relation_oracle,0.15,train_on_variant,requested_change,Requested change,nodes_selected,True,oracle_privileged_training_diagnostic,False,heterograph_aware_generation,1001.0,0.0,1001.0,1001.0,1,2,split_bootstrap_over_split_means,scenario
yelpchi,camouflage_relation_oracle,0.3,train_clean_eval_all,fraud_to_normal_neighbor_ratio_after,Fraud-to-normal neighbor ratio after,,True,oracle_shift_sensitivity_diagnostic,False,heterograph_aware_generation,0.8208797969339449,0.0,0.8208797969339449,0.8208797969339449,1,2,split_bootstrap_over_split_means,scenario
yelpchi,camouflage_relation_oracle,0.3,train_clean_eval_all,fraud_to_normal_neighbor_ratio_before,Fraud-to-normal neighbor ratio before,,True,oracle_shift_sensitivity_diagnostic,False,heterograph_aware_generation,0.813849299744419,0.0,0.813849299744419,0.813849299744419,1,2,split_bootstrap_over_split_means,scenario
yelpchi,camouflage_relation_oracle,0.3,train_clean_eval_all,fraud_to_normal_neighbor_ratio_shift,Fraud-to-normal neighbor ratio shift,,True,oracle_shift_sensitivity_diagnostic,False,heterograph_aware_generation,0.007030497189525864,0.0,0.007030497189525864,0.007030497189525864,1,2,split_bootstrap_over_split_means,scenario
yelpchi,camouflage_relation_oracle,0.3,train_clean_eval_all,heterophily_ratio_after,Heterophily ratio after,,True,oracle_shift_sensitivity_diagnostic,False,heterograph_aware_generation,0.22732102870941162,0.0,0.22732102870941162,0.22732102870941162,1,2,split_bootstrap_over_split_means,scenario
yelpchi,camouflage_relation_oracle,0.3,train_clean_eval_all,heterophily_ratio_before,Heterophily ratio before,,True,oracle_shift_sensitivity_diagnostic,False,heterograph_aware_generation,0.2268800139427185,0.0,0.2268800139427185,0.2268800139427185,1,2,split_bootstrap_over_split_means,scenario
yelpchi,camouflage_relation_oracle,0.3,train_clean_eval_all,heterophily_ratio_shift,Heterophily ratio shift,,True,oracle_shift_sensitivity_diagnostic,False,heterograph_aware_generation,0.00044101476669311523,0.0,0.00044101476669311523,0.00044101476669311523,1,2,split_bootstrap_over_split_means,scenario
yelpchi,camouflage_relation_oracle,0.3,train_clean_eval_all,realized_change,Realized change,nodes_changed,True,oracle_shift_sensitivity_diagnostic,False,heterograph_aware_generation,2003.0,0.0,2003.0,2003.0,1,2,split_bootstrap_over_split_means,scenario
yelpchi,camouflage_relation_oracle,0.3,train_clean_eval_all,requested_change,Requested change,nodes_selected,True,oracle_shift_sensitivity_diagnostic,False,heterograph_aware_generation,2003.0,0.0,2003.0,2003.0,1,2,split_bootstrap_over_split_means,scenario
yelpchi,camouflage_relation_oracle,0.3,train_on_variant,fraud_to_normal_neighbor_ratio_after,Fraud-to-normal neighbor ratio after,,True,oracle_privileged_training_diagnostic,False,heterograph_aware_generation,0.8208797969339449,0.0,0.8208797969339449,0.8208797969339449,1,2,split_bootstrap_over_split_means,scenario
yelpchi,camouflage_relation_oracle,0.3,train_on_variant,fraud_to_normal_neighbor_ratio_before,Fraud-to-normal neighbor ratio before,,True,oracle_privileged_training_diagnostic,False,heterograph_aware_generation,0.813849299744419,0.0,0.813849299744419,0.813849299744419,1,2,split_bootstrap_over_split_means,scenario
yelpchi,camouflage_relation_oracle,0.3,train_on_variant,fraud_to_normal_neighbor_ratio_shift,Fraud-to-normal neighbor ratio shift,,True,oracle_privileged_training_diagnostic,False,heterograph_aware_generation,0.007030497189525864,0.0,0.007030497189525864,0.007030497189525864,1,2,split_bootstrap_over_split_means,scenario
yelpchi,camouflage_relation_oracle,0.3,train_on_variant,heterophily_ratio_after,Heterophily ratio after,,True,oracle_privileged_training_diagnostic,False,heterograph_aware_generation,0.22732102870941162,0.0,0.22732102870941162,0.22732102870941162,1,2,split_bootstrap_over_split_means,scenario
yelpchi,camouflage_relation_oracle,0.3,train_on_variant,heterophily_ratio_before,Heterophily ratio before,,True,oracle_privileged_training_diagnostic,False,heterograph_aware_generation,0.2268800139427185,0.0,0.2268800139427185,0.2268800139427185,1,2,split_bootstrap_over_split_means,scenario
yelpchi,camouflage_relation_oracle,0.3,train_on_variant,heterophily_ratio_shift,Heterophily ratio shift,,True,oracle_privileged_training_diagnostic,False,heterograph_aware_generation,0.00044101476669311523,0.0,0.00044101476669311523,0.00044101476669311523,1,2,split_bootstrap_over_split_means,scenario
yelpchi,camouflage_relation_oracle,0.3,train_on_variant,realized_change,Realized change,nodes_changed,True,oracle_privileged_training_diagnostic,False,heterograph_aware_generation,2003.0,0.0,2003.0,2003.0,1,2,split_bootstrap_over_split_means,scenario
yelpchi,camouflage_relation_oracle,0.3,train_on_variant,requested_change,Requested change,nodes_selected,True,oracle_privileged_training_diagnostic,False,heterograph_aware_generation,2003.0,0.0,2003.0,2003.0,1,2,split_bootstrap_over_split_means,scenario
yelpchi,clean,0.0,train_clean_eval_all,heterophily_ratio_after,Heterophily ratio after,,False,non_oracle_controlled_stress,True,canonical,0.2268800139427185,0.0,0.2268800139427185,0.2268800139427185,1,1,split_bootstrap_over_split_means,clean
yelpchi,clean,0.0,train_clean_eval_all,heterophily_ratio_before,Heterophily ratio before,,False,non_oracle_controlled_stress,True,canonical,0.2268800139427185,0.0,0.2268800139427185,0.2268800139427185,1,1,split_bootstrap_over_split_means,clean
yelpchi,clean,0.0,train_clean_eval_all,heterophily_ratio_shift,Heterophily ratio shift,,False,non_oracle_controlled_stress,True,canonical,0.0,0.0,0.0,0.0,1,1,split_bootstrap_over_split_means,clean
yelpchi,clean,0.0,train_clean_eval_all,realized_change,Realized change,none,False,non_oracle_controlled_stress,True,canonical,0.0,0.0,0.0,0.0,1,1,split_bootstrap_over_split_means,clean
yelpchi,clean,0.0,train_clean_eval_all,requested_change,Requested change,none,False,non_oracle_controlled_stress,True,canonical,0.0,0.0,0.0,0.0,1,1,split_bootstrap_over_split_means,clean
yelpchi,clean,0.0,train_on_variant,heterophily_ratio_after,Heterophily ratio after,,False,non_oracle_controlled_stress,True,canonical,0.2268800139427185,0.0,0.2268800139427185,0.2268800139427185,1,1,split_bootstrap_over_split_means,clean
yelpchi,clean,0.0,train_on_variant,heterophily_ratio_before,Heterophily ratio before,,False,non_oracle_controlled_stress,True,canonical,0.2268800139427185,0.0,0.2268800139427185,0.2268800139427185,1,1,split_bootstrap_over_split_means,clean
yelpchi,clean,0.0,train_on_variant,heterophily_ratio_shift,Heterophily ratio shift,,False,non_oracle_controlled_stress,True,canonical,0.0,0.0,0.0,0.0,1,1,split_bootstrap_over_split_means,clean
yelpchi,clean,0.0,train_on_variant,realized_change,Realized change,none,False,non_oracle_controlled_stress,True,canonical,0.0,0.0,0.0,0.0,1,1,split_bootstrap_over_split_means,clean
yelpchi,clean,0.0,train_on_variant,requested_change,Requested change,none,False,non_oracle_controlled_stress,True,canonical,0.0,0.0,0.0,0.0,1,1,split_bootstrap_over_split_means,clean
yelpchi,heterophily_rewire_nonoracle,0.15,train_clean_eval_all,heterophily_ratio_after,Heterophily ratio after,,False,non_oracle_controlled_stress,True,heterograph_aware_generation,0.22988020142713989,0.0,0.22988020142713989,0.22988020142713989,1,2,split_bootstrap_over_split_means,scenario
yelpchi,heterophily_rewire_nonoracle,0.15,train_clean_eval_all,heterophily_ratio_before,Heterophily ratio before,,False,non_oracle_controlled_stress,True,heterograph_aware_generation,0.22688002058785683,0.0,0.22688002058785683,0.22688002058785683,1,2,split_bootstrap_over_split_means,scenario
yelpchi,heterophily_rewire_nonoracle,0.15,train_clean_eval_all,heterophily_ratio_shift,Heterophily ratio shift,,False,non_oracle_controlled_stress,True,heterograph_aware_generation,0.0030001808392830648,0.0,0.0030001808392830648,0.0030001808392830648,1,2,split_bootstrap_over_split_means,scenario
yelpchi,heterophily_rewire_nonoracle,0.15,train_clean_eval_all,n_rewired_edges_actual,Rewired edges,edges,False,non_oracle_controlled_stress,True,heterograph_aware_generation,1207702.0,0.0,1207702.0,1207702.0,1,2,split_bootstrap_over_split_means,scenario
yelpchi,heterophily_rewire_nonoracle,0.15,train_clean_eval_all,realized_change,Realized change,edges_changed,False,non_oracle_controlled_stress,True,heterograph_aware_generation,1207702.0,0.0,1207702.0,1207702.0,1,2,split_bootstrap_over_split_means,scenario
yelpchi,heterophily_rewire_nonoracle,0.15,train_clean_eval_all,requested_change,Requested change,edges_selected,False,non_oracle_controlled_stress,True,heterograph_aware_generation,1207702.0,0.0,1207702.0,1207702.0,1,2,split_bootstrap_over_split_means,scenario
yelpchi,heterophily_rewire_nonoracle,0.15,train_on_variant,heterophily_ratio_after,Heterophily ratio after,,False,non_oracle_controlled_stress,True,heterograph_aware_generation,0.22988020142713989,0.0,0.22988020142713989,0.22988020142713989,1,2,split_bootstrap_over_split_means,scenario
yelpchi,heterophily_rewire_nonoracle,0.15,train_on_variant,heterophily_ratio_before,Heterophily ratio before,,False,non_oracle_controlled_stress,True,heterograph_aware_generation,0.22688002058785683,0.0,0.22688002058785683,0.22688002058785683,1,2,split_bootstrap_over_split_means,scenario
yelpchi,heterophily_rewire_nonoracle,0.15,train_on_variant,heterophily_ratio_shift,Heterophily ratio shift,,False,non_oracle_controlled_stress,True,heterograph_aware_generation,0.0030001808392830648,0.0,0.0030001808392830648,0.0030001808392830648,1,2,split_bootstrap_over_split_means,scenario
yelpchi,heterophily_rewire_nonoracle,0.15,train_on_variant,n_rewired_edges_actual,Rewired edges,edges,False,non_oracle_controlled_stress,True,heterograph_aware_generation,1207702.0,0.0,1207702.0,1207702.0,1,2,split_bootstrap_over_split_means,scenario
yelpchi,heterophily_rewire_nonoracle,0.15,train_on_variant,realized_change,Realized change,edges_changed,False,non_oracle_controlled_stress,True,heterograph_aware_generation,1207702.0,0.0,1207702.0,1207702.0,1,2,split_bootstrap_over_split_means,scenario
yelpchi,heterophily_rewire_nonoracle,0.15,train_on_variant,requested_change,Requested change,edges_selected,False,non_oracle_controlled_stress,True,heterograph_aware_generation,1207702.0,0.0,1207702.0,1207702.0,1,2,split_bootstrap_over_split_means,scenario
yelpchi,heterophily_rewire_nonoracle,0.3,train_clean_eval_all,heterophily_ratio_after,Heterophily ratio after,,False,non_oracle_controlled_stress,True,heterograph_aware_generation,0.23198102976048235,0.0,0.23198102976048235,0.23198102976048235,1,2,split_bootstrap_over_split_means,scenario
yelpchi,heterophily_rewire_nonoracle,0.3,train_clean_eval_all,heterophily_ratio_before,Heterophily ratio before,,False,non_oracle_controlled_stress,True,heterograph_aware_generation,0.22688002058785683,0.0,0.22688002058785683,0.22688002058785683,1,2,split_bootstrap_over_split_means,scenario
yelpchi,heterophily_rewire_nonoracle,0.3,train_clean_eval_all,heterophily_ratio_shift,Heterophily ratio shift,,False,non_oracle_controlled_stress,True,heterograph_aware_generation,0.005101009172625515,0.0,0.005101009172625515,0.005101009172625515,1,2,split_bootstrap_over_split_means,scenario
yelpchi,heterophily_rewire_nonoracle,0.3,train_clean_eval_all,n_rewired_edges_actual,Rewired edges,edges,False,non_oracle_controlled_stress,True,heterograph_aware_generation,2415404.0,0.0,2415404.0,2415404.0,1,2,split_bootstrap_over_split_means,scenario
yelpchi,heterophily_rewire_nonoracle,0.3,train_clean_eval_all,realized_change,Realized change,edges_changed,False,non_oracle_controlled_stress,True,heterograph_aware_generation,2415404.0,0.0,2415404.0,2415404.0,1,2,split_bootstrap_over_split_means,scenario
yelpchi,heterophily_rewire_nonoracle,0.3,train_clean_eval_all,requested_change,Requested change,edges_selected,False,non_oracle_controlled_stress,True,heterograph_aware_generation,2415404.0,0.0,2415404.0,2415404.0,1,2,split_bootstrap_over_split_means,scenario
yelpchi,heterophily_rewire_nonoracle,0.3,train_on_variant,heterophily_ratio_after,Heterophily ratio after,,False,non_oracle_controlled_stress,True,heterograph_aware_generation,0.23198102976048235,0.0,0.23198102976048235,0.23198102976048235,1,2,split_bootstrap_over_split_means,scenario
yelpchi,heterophily_rewire_nonoracle,0.3,train_on_variant,heterophily_ratio_before,Heterophily ratio before,,False,non_oracle_controlled_stress,True,heterograph_aware_generation,0.22688002058785683,0.0,0.22688002058785683,0.22688002058785683,1,2,split_bootstrap_over_split_means,scenario
yelpchi,heterophily_rewire_nonoracle,0.3,train_on_variant,heterophily_ratio_shift,Heterophily ratio shift,,False,non_oracle_controlled_stress,True,heterograph_aware_generation,0.005101009172625515,0.0,0.005101009172625515,0.005101009172625515,1,2,split_bootstrap_over_split_means,scenario
yelpchi,heterophily_rewire_nonoracle,0.3,train_on_variant,n_rewired_edges_actual,Rewired edges,edges,False,non_oracle_controlled_stress,True,heterograph_aware_generation,2415404.0,0.0,2415404.0,2415404.0,1,2,split_bootstrap_over_split_means,scenario
yelpchi,heterophily_rewire_nonoracle,0.3,train_on_variant,realized_change,Realized change,edges_changed,False,non_oracle_controlled_stress,True,heterograph_aware_generation,2415404.0,0.0,2415404.0,2415404.0,1,2,split_bootstrap_over_split_means,scenario
yelpchi,heterophily_rewire_nonoracle,0.3,train_on_variant,requested_change,Requested change,edges_selected,False,non_oracle_controlled_stress,True,heterograph_aware_generation,2415404.0,0.0,2415404.0,2415404.0,1,2,split_bootstrap_over_split_means,scenario
yelpchi,heterophily_rewire_oracle,0.15,train_clean_eval_all,heterophily_ratio_after,Heterophily ratio after,,True,oracle_shift_sensitivity_diagnostic,False,heterograph_aware_generation,0.34292015448841606,0.0,0.34292015448841606,0.34292015448841606,1,2,split_bootstrap_over_split_means,scenario
yelpchi,heterophily_rewire_oracle,0.15,train_clean_eval_all,heterophily_ratio_before,Heterophily ratio before,,True,oracle_shift_sensitivity_diagnostic,False,heterograph_aware_generation,0.22688002058785683,0.0,0.22688002058785683,0.22688002058785683,1,2,split_bootstrap_over_split_means,scenario
yelpchi,heterophily_rewire_oracle,0.15,train_clean_eval_all,heterophily_ratio_shift,Heterophily ratio shift,,True,oracle_shift_sensitivity_diagnostic,False,heterograph_aware_generation,0.11604013390055926,0.0,0.11604013390055926,0.11604013390055926,1,2,split_bootstrap_over_split_means,scenario
yelpchi,heterophily_rewire_oracle,0.15,train_clean_eval_all,n_rewired_edges_actual,Rewired edges,edges,True,oracle_shift_sensitivity_diagnostic,False,heterograph_aware_generation,1207702.0,0.0,1207702.0,1207702.0,1,2,split_bootstrap_over_split_means,scenario
yelpchi,heterophily_rewire_oracle,0.15,train_clean_eval_all,realized_change,Realized change,edges_changed,True,oracle_shift_sensitivity_diagnostic,False,heterograph_aware_generation,1207702.0,0.0,1207702.0,1207702.0,1,2,split_bootstrap_over_split_means,scenario
yelpchi,heterophily_rewire_oracle,0.15,train_clean_eval_all,requested_change,Requested change,edges_selected,True,oracle_shift_sensitivity_diagnostic,False,heterograph_aware_generation,1207702.0,0.0,1207702.0,1207702.0,1,2,split_bootstrap_over_split_means,scenario
yelpchi,heterophily_rewire_oracle,0.15,train_on_variant,heterophily_ratio_after,Heterophily ratio after,,True,oracle_privileged_training_diagnostic,False,heterograph_aware_generation,0.34292015448841606,0.0,0.34292015448841606,0.34292015448841606,1,2,split_bootstrap_over_split_means,scenario
yelpchi,heterophily_rewire_oracle,0.15,train_on_variant,heterophily_ratio_before,Heterophily ratio before,,True,oracle_privileged_training_diagnostic,False,heterograph_aware_generation,0.22688002058785683,0.0,0.22688002058785683,0.22688002058785683,1,2,split_bootstrap_over_split_means,scenario
yelpchi,heterophily_rewire_oracle,0.15,train_on_variant,heterophily_ratio_shift,Heterophily ratio shift,,True,oracle_privileged_training_diagnostic,False,heterograph_aware_generation,0.11604013390055926,0.0,0.11604013390055926,0.11604013390055926,1,2,split_bootstrap_over_split_means,scenario
yelpchi,heterophily_rewire_oracle,0.15,train_on_variant,n_rewired_edges_actual,Rewired edges,edges,True,oracle_privileged_training_diagnostic,False,heterograph_aware_generation,1207702.0,0.0,1207702.0,1207702.0,1,2,split_bootstrap_over_split_means,scenario
yelpchi,heterophily_rewire_oracle,0.15,train_on_variant,realized_change,Realized change,edges_changed,True,oracle_privileged_training_diagnostic,False,heterograph_aware_generation,1207702.0,0.0,1207702.0,1207702.0,1,2,split_bootstrap_over_split_means,scenario
yelpchi,heterophily_rewire_oracle,0.15,train_on_variant,requested_change,Requested change,edges_selected,True,oracle_privileged_training_diagnostic,False,heterograph_aware_generation,1207702.0,0.0,1207702.0,1207702.0,1,2,split_bootstrap_over_split_means,scenario
yelpchi,heterophily_rewire_oracle,0.3,train_clean_eval_all,heterophily_ratio_after,Heterophily ratio after,,True,oracle_shift_sensitivity_diagnostic,False,heterograph_aware_generation,0.45874498282772025,0.0,0.45874498282772025,0.45874498282772025,1,2,split_bootstrap_over_split_means,scenario
yelpchi,heterophily_rewire_oracle,0.3,train_clean_eval_all,heterophily_ratio_before,Heterophily ratio before,,True,oracle_shift_sensitivity_diagnostic,False,heterograph_aware_generation,0.22688002058785683,0.0,0.22688002058785683,0.22688002058785683,1,2,split_bootstrap_over_split_means,scenario
yelpchi,heterophily_rewire_oracle,0.3,train_clean_eval_all,heterophily_ratio_shift,Heterophily ratio shift,,True,oracle_shift_sensitivity_diagnostic,False,heterograph_aware_generation,0.23186496223986344,0.0,0.23186496223986344,0.23186496223986344,1,2,split_bootstrap_over_split_means,scenario
yelpchi,heterophily_rewire_oracle,0.3,train_clean_eval_all,n_rewired_edges_actual,Rewired edges,edges,True,oracle_shift_sensitivity_diagnostic,False,heterograph_aware_generation,2415404.0,0.0,2415404.0,2415404.0,1,2,split_bootstrap_over_split_means,scenario
yelpchi,heterophily_rewire_oracle,0.3,train_clean_eval_all,realized_change,Realized change,edges_changed,True,oracle_shift_sensitivity_diagnostic,False,heterograph_aware_generation,2415404.0,0.0,2415404.0,2415404.0,1,2,split_bootstrap_over_split_means,scenario
yelpchi,heterophily_rewire_oracle,0.3,train_clean_eval_all,requested_change,Requested change,edges_selected,True,oracle_shift_sensitivity_diagnostic,False,heterograph_aware_generation,2415404.0,0.0,2415404.0,2415404.0,1,2,split_bootstrap_over_split_means,scenario
yelpchi,heterophily_rewire_oracle,0.3,train_on_variant,heterophily_ratio_after,Heterophily ratio after,,True,oracle_privileged_training_diagnostic,False,heterograph_aware_generation,0.45874498282772025,0.0,0.45874498282772025,0.45874498282772025,1,2,split_bootstrap_over_split_means,scenario
yelpchi,heterophily_rewire_oracle,0.3,train_on_variant,heterophily_ratio_before,Heterophily ratio before,,True,oracle_privileged_training_diagnostic,False,heterograph_aware_generation,0.22688002058785683,0.0,0.22688002058785683,0.22688002058785683,1,2,split_bootstrap_over_split_means,scenario
yelpchi,heterophily_rewire_oracle,0.3,train_on_variant,heterophily_ratio_shift,Heterophily ratio shift,,True,oracle_privileged_training_diagnostic,False,heterograph_aware_generation,0.23186496223986344,0.0,0.23186496223986344,0.23186496223986344,1,2,split_bootstrap_over_split_means,scenario
yelpchi,heterophily_rewire_oracle,0.3,train_on_variant,n_rewired_edges_actual,Rewired edges,edges,True,oracle_privileged_training_diagnostic,False,heterograph_aware_generation,2415404.0,0.0,2415404.0,2415404.0,1,2,split_bootstrap_over_split_means,scenario
yelpchi,heterophily_rewire_oracle,0.3,train_on_variant,realized_change,Realized change,edges_changed,True,oracle_privileged_training_diagnostic,False,heterograph_aware_generation,2415404.0,0.0,2415404.0,2415404.0,1,2,split_bootstrap_over_split_means,scenario
yelpchi,heterophily_rewire_oracle,0.3,train_on_variant,requested_change,Requested change,edges_selected,True,oracle_privileged_training_diagnostic,False,heterograph_aware_generation,2415404.0,0.0,2415404.0,2415404.0,1,2,split_bootstrap_over_split_means,scenario
yelpchi,noise_edges_uniform,0.1,train_clean_eval_all,heterophily_ratio_after,Heterophily ratio after,,False,non_oracle_controlled_stress,True,heterograph_aware_generation,0.22879942506551743,0.0,0.22879942506551743,0.22879942506551743,1,2,split_bootstrap_over_split_means,scenario
yelpchi,noise_edges_uniform,0.1,train_clean_eval_all,heterophily_ratio_before,Heterophily ratio before,,False,non_oracle_controlled_stress,True,heterograph_aware_generation,0.2268800139427185,0.0,0.2268800139427185,0.2268800139427185,1,2,split_bootstrap_over_split_means,scenario
yelpchi,noise_edges_uniform,0.1,train_clean_eval_all,heterophily_ratio_shift,Heterophily ratio shift,,False,non_oracle_controlled_stress,True,heterograph_aware_generation,0.0019194111227989197,0.0,0.0019194111227989197,0.0019194111227989197,1,2,split_bootstrap_over_split_means,scenario
yelpchi,noise_edges_uniform,0.1,train_clean_eval_all,n_added_edge_pairs_actual,Added edge pairs,edges,False,non_oracle_controlled_stress,True,heterograph_aware_generation,805134.0,0.0,805134.0,805134.0,1,2,split_bootstrap_over_split_means,scenario
yelpchi,noise_edges_uniform,0.1,train_clean_eval_all,realized_change,Realized change,edges_added,False,non_oracle_controlled_stress,True,heterograph_aware_generation,805134.0,0.0,805134.0,805134.0,1,2,split_bootstrap_over_split_means,scenario
yelpchi,noise_edges_uniform,0.1,train_clean_eval_all,requested_change,Requested change,edges_requested,False,non_oracle_controlled_stress,True,heterograph_aware_generation,805134.0,0.0,805134.0,805134.0,1,2,split_bootstrap_over_split_means,scenario
yelpchi,noise_edges_uniform,0.1,train_on_variant,heterophily_ratio_after,Heterophily ratio after,,False,non_oracle_controlled_stress,True,heterograph_aware_generation,0.22879942506551743,0.0,0.22879942506551743,0.22879942506551743,1,2,split_bootstrap_over_split_means,scenario
yelpchi,noise_edges_uniform,0.1,train_on_variant,heterophily_ratio_before,Heterophily ratio before,,False,non_oracle_controlled_stress,True,heterograph_aware_generation,0.2268800139427185,0.0,0.2268800139427185,0.2268800139427185,1,2,split_bootstrap_over_split_means,scenario
yelpchi,noise_edges_uniform,0.1,train_on_variant,heterophily_ratio_shift,Heterophily ratio shift,,False,non_oracle_controlled_stress,True,heterograph_aware_generation,0.0019194111227989197,0.0,0.0019194111227989197,0.0019194111227989197,1,2,split_bootstrap_over_split_means,scenario
yelpchi,noise_edges_uniform,0.1,train_on_variant,n_added_edge_pairs_actual,Added edge pairs,edges,False,non_oracle_controlled_stress,True,heterograph_aware_generation,805134.0,0.0,805134.0,805134.0,1,2,split_bootstrap_over_split_means,scenario
yelpchi,noise_edges_uniform,0.1,train_on_variant,realized_change,Realized change,edges_added,False,non_oracle_controlled_stress,True,heterograph_aware_generation,805134.0,0.0,805134.0,805134.0,1,2,split_bootstrap_over_split_means,scenario
yelpchi,noise_edges_uniform,0.1,train_on_variant,requested_change,Requested change,edges_requested,False,non_oracle_controlled_stress,True,heterograph_aware_generation,805134.0,0.0,805134.0,805134.0,1,2,split_bootstrap_over_split_means,scenario
yelpchi,noise_edges_uniform,0.2,train_clean_eval_all,heterophily_ratio_after,Heterophily ratio after,,False,non_oracle_controlled_stress,True,heterograph_aware_generation,0.23040692508220673,0.0,0.23040692508220673,0.23040692508220673,1,2,split_bootstrap_over_split_means,scenario
yelpchi,noise_edges_uniform,0.2,train_clean_eval_all,heterophily_ratio_before,Heterophily ratio before,,False,non_oracle_controlled_stress,True,heterograph_aware_generation,0.2268800139427185,0.0,0.2268800139427185,0.2268800139427185,1,2,split_bootstrap_over_split_means,scenario
yelpchi,noise_edges_uniform,0.2,train_clean_eval_all,heterophily_ratio_shift,Heterophily ratio shift,,False,non_oracle_controlled_stress,True,heterograph_aware_generation,0.00352691113948822,0.0,0.00352691113948822,0.00352691113948822,1,2,split_bootstrap_over_split_means,scenario
yelpchi,noise_edges_uniform,0.2,train_clean_eval_all,n_added_edge_pairs_actual,Added edge pairs,edges,False,non_oracle_controlled_stress,True,heterograph_aware_generation,1610269.0,0.0,1610269.0,1610269.0,1,2,split_bootstrap_over_split_means,scenario
yelpchi,noise_edges_uniform,0.2,train_clean_eval_all,realized_change,Realized change,edges_added,False,non_oracle_controlled_stress,True,heterograph_aware_generation,1610269.0,0.0,1610269.0,1610269.0,1,2,split_bootstrap_over_split_means,scenario
yelpchi,noise_edges_uniform,0.2,train_clean_eval_all,requested_change,Requested change,edges_requested,False,non_oracle_controlled_stress,True,heterograph_aware_generation,1610269.0,0.0,1610269.0,1610269.0,1,2,split_bootstrap_over_split_means,scenario
yelpchi,noise_edges_uniform,0.2,train_on_variant,heterophily_ratio_after,Heterophily ratio after,,False,non_oracle_controlled_stress,True,heterograph_aware_generation,0.23040692508220673,0.0,0.23040692508220673,0.23040692508220673,1,2,split_bootstrap_over_split_means,scenario
yelpchi,noise_edges_uniform,0.2,train_on_variant,heterophily_ratio_before,Heterophily ratio before,,False,non_oracle_controlled_stress,True,heterograph_aware_generation,0.2268800139427185,0.0,0.2268800139427185,0.2268800139427185,1,2,split_bootstrap_over_split_means,scenario
yelpchi,noise_edges_uniform,0.2,train_on_variant,heterophily_ratio_shift,Heterophily ratio shift,,False,non_oracle_controlled_stress,True,heterograph_aware_generation,0.00352691113948822,0.0,0.00352691113948822,0.00352691113948822,1,2,split_bootstrap_over_split_means,scenario
yelpchi,noise_edges_uniform,0.2,train_on_variant,n_added_edge_pairs_actual,Added edge pairs,edges,False,non_oracle_controlled_stress,True,heterograph_aware_generation,1610269.0,0.0,1610269.0,1610269.0,1,2,split_bootstrap_over_split_means,scenario
yelpchi,noise_edges_uniform,0.2,train_on_variant,realized_change,Realized change,edges_added,False,non_oracle_controlled_stress,True,heterograph_aware_generation,1610269.0,0.0,1610269.0,1610269.0,1,2,split_bootstrap_over_split_means,scenario
yelpchi,noise_edges_uniform,0.2,train_on_variant,requested_change,Requested change,edges_requested,False,non_oracle_controlled_stress,True,heterograph_aware_generation,1610269.0,0.0,1610269.0,1610269.0,1,2,split_bootstrap_over_split_means,scenario
