dataset_id,split_id,scenario_id,severity,model_id,metric,oracle_labels,claim_scope,left_claim_scope,right_claim_scope,operational_ranking_eligible,left_protocol,right_protocol,contrast_definition,left_mean,right_mean,contrast_mean,contrast_std,contrast_ci_lower,contrast_ci_upper,n_pairs,n_training_seeds,n_graph_seeds,ci_method,source
yelpchi,s0,heterophily_rewire_oracle,0.0,mlp,roc_auc,True,oracle_protocol_comparison_diagnostic,oracle_privileged_training_diagnostic,oracle_shift_sensitivity_diagnostic,False,train_on_variant,train_clean_eval_all,train_on_variant - train_clean_eval_all,0.7812706633893618,0.7812706633893618,0.0,0.0,0.0,0.0,3,3,1,paired_protocol_crossed_training_graph_seed_bootstrap,clean
yelpchi,s0,heterophily_rewire_oracle,0.0,mlp,average_precision,True,oracle_protocol_comparison_diagnostic,oracle_privileged_training_diagnostic,oracle_shift_sensitivity_diagnostic,False,train_on_variant,train_clean_eval_all,train_on_variant - train_clean_eval_all,0.39937979216947617,0.39937979216947617,0.0,0.0,0.0,0.0,3,3,1,paired_protocol_crossed_training_graph_seed_bootstrap,clean
yelpchi,s0,heterophily_rewire_oracle,0.0,mlp,f1_macro,True,oracle_protocol_comparison_diagnostic,oracle_privileged_training_diagnostic,oracle_shift_sensitivity_diagnostic,False,train_on_variant,train_clean_eval_all,train_on_variant - train_clean_eval_all,0.6531843309265226,0.6531843309265226,0.0,0.0,0.0,0.0,3,3,1,paired_protocol_crossed_training_graph_seed_bootstrap,clean
yelpchi,s0,heterophily_rewire_oracle,0.0,sage,roc_auc,True,oracle_protocol_comparison_diagnostic,oracle_privileged_training_diagnostic,oracle_shift_sensitivity_diagnostic,False,train_on_variant,train_clean_eval_all,train_on_variant - train_clean_eval_all,0.7917030310560143,0.7909852512071072,0.0007177798489070852,0.0014050221151798179,-0.0001745609786029112,0.0023373568545190793,3,3,1,paired_protocol_crossed_training_graph_seed_bootstrap,clean
yelpchi,s0,heterophily_rewire_oracle,0.0,sage,average_precision,True,oracle_protocol_comparison_diagnostic,oracle_privileged_training_diagnostic,oracle_shift_sensitivity_diagnostic,False,train_on_variant,train_clean_eval_all,train_on_variant - train_clean_eval_all,0.42954172678053837,0.42708999760200883,0.002451729178529575,0.004260400033522313,-3.369709426859213e-05,0.007371125688228619,3,3,1,paired_protocol_crossed_training_graph_seed_bootstrap,clean
yelpchi,s0,heterophily_rewire_oracle,0.0,sage,f1_macro,True,oracle_protocol_comparison_diagnostic,oracle_privileged_training_diagnostic,oracle_shift_sensitivity_diagnostic,False,train_on_variant,train_clean_eval_all,train_on_variant - train_clean_eval_all,0.6708279503970965,0.6697122615898071,0.0011156888072893316,0.0016576217474224858,-1.812723255079085e-05,0.00301809514183915,3,3,1,paired_protocol_crossed_training_graph_seed_bootstrap,clean
yelpchi,s0,heterophily_rewire_oracle,0.0,pmp,roc_auc,True,oracle_protocol_comparison_diagnostic,oracle_privileged_training_diagnostic,oracle_shift_sensitivity_diagnostic,False,train_on_variant,train_clean_eval_all,train_on_variant - train_clean_eval_all,0.849193776874713,0.849193776874713,0.0,0.0,0.0,0.0,3,3,1,paired_protocol_crossed_training_graph_seed_bootstrap,clean
yelpchi,s0,heterophily_rewire_oracle,0.0,pmp,average_precision,True,oracle_protocol_comparison_diagnostic,oracle_privileged_training_diagnostic,oracle_shift_sensitivity_diagnostic,False,train_on_variant,train_clean_eval_all,train_on_variant - train_clean_eval_all,0.5677252637869848,0.5677252637869848,0.0,0.0,0.0,0.0,3,3,1,paired_protocol_crossed_training_graph_seed_bootstrap,clean
yelpchi,s0,heterophily_rewire_oracle,0.0,pmp,f1_macro,True,oracle_protocol_comparison_diagnostic,oracle_privileged_training_diagnostic,oracle_shift_sensitivity_diagnostic,False,train_on_variant,train_clean_eval_all,train_on_variant - train_clean_eval_all,0.719663923941368,0.719663923941368,0.0,0.0,0.0,0.0,3,3,1,paired_protocol_crossed_training_graph_seed_bootstrap,clean
yelpchi,s0,heterophily_rewire_oracle,0.0,secgfd,roc_auc,True,oracle_protocol_comparison_diagnostic,oracle_privileged_training_diagnostic,oracle_shift_sensitivity_diagnostic,False,train_on_variant,train_clean_eval_all,train_on_variant - train_clean_eval_all,0.8125170309203386,0.8140815809826377,-0.0015645500622990527,0.001765183535894405,-0.0035871882126785604,-0.00033511610943082193,3,3,1,paired_protocol_crossed_training_graph_seed_bootstrap,clean
yelpchi,s0,heterophily_rewire_oracle,0.0,secgfd,average_precision,True,oracle_protocol_comparison_diagnostic,oracle_privileged_training_diagnostic,oracle_shift_sensitivity_diagnostic,False,train_on_variant,train_clean_eval_all,train_on_variant - train_clean_eval_all,0.4709483353668929,0.47551589125343435,-0.004567555886541452,0.004180190203645746,-0.007278173839947999,0.0002465683312029565,3,3,1,paired_protocol_crossed_training_graph_seed_bootstrap,clean
yelpchi,s0,heterophily_rewire_oracle,0.0,secgfd,f1_macro,True,oracle_protocol_comparison_diagnostic,oracle_privileged_training_diagnostic,oracle_shift_sensitivity_diagnostic,False,train_on_variant,train_clean_eval_all,train_on_variant - train_clean_eval_all,0.687730212869523,0.6896884499828166,-0.0019582371132937557,0.0022190102414721214,-0.004275963372697755,0.00014673129152831255,3,3,1,paired_protocol_crossed_training_graph_seed_bootstrap,clean
yelpchi,s0,heterophily_rewire_oracle,0.15,mlp,roc_auc,True,oracle_protocol_comparison_diagnostic,oracle_privileged_training_diagnostic,oracle_shift_sensitivity_diagnostic,False,train_on_variant,train_clean_eval_all,train_on_variant - train_clean_eval_all,0.7812706633893618,0.7812706633893618,0.0,0.0,0.0,0.0,6,3,2,paired_protocol_crossed_training_graph_seed_bootstrap,scenario
yelpchi,s0,heterophily_rewire_oracle,0.15,mlp,average_precision,True,oracle_protocol_comparison_diagnostic,oracle_privileged_training_diagnostic,oracle_shift_sensitivity_diagnostic,False,train_on_variant,train_clean_eval_all,train_on_variant - train_clean_eval_all,0.39937979216947617,0.39937979216947617,0.0,0.0,0.0,0.0,6,3,2,paired_protocol_crossed_training_graph_seed_bootstrap,scenario
yelpchi,s0,heterophily_rewire_oracle,0.15,mlp,f1_macro,True,oracle_protocol_comparison_diagnostic,oracle_privileged_training_diagnostic,oracle_shift_sensitivity_diagnostic,False,train_on_variant,train_clean_eval_all,train_on_variant - train_clean_eval_all,0.6531843309265226,0.6531843309265226,0.0,0.0,0.0,0.0,6,3,2,paired_protocol_crossed_training_graph_seed_bootstrap,scenario
yelpchi,s0,heterophily_rewire_oracle,0.15,sage,roc_auc,True,oracle_protocol_comparison_diagnostic,oracle_privileged_training_diagnostic,oracle_shift_sensitivity_diagnostic,False,train_on_variant,train_clean_eval_all,train_on_variant - train_clean_eval_all,0.8213892769609713,0.7759011437092719,0.04548813325169924,0.05329153592921802,-0.021027065014573704,0.07324752901592435,6,3,2,paired_protocol_crossed_training_graph_seed_bootstrap,scenario
yelpchi,s0,heterophily_rewire_oracle,0.15,sage,average_precision,True,oracle_protocol_comparison_diagnostic,oracle_privileged_training_diagnostic,oracle_shift_sensitivity_diagnostic,False,train_on_variant,train_clean_eval_all,train_on_variant - train_clean_eval_all,0.4718365162136094,0.39710705642358857,0.07472945979002078,0.09387438111579996,-0.04123028247303342,0.12098004378097478,6,3,2,paired_protocol_crossed_training_graph_seed_bootstrap,scenario
yelpchi,s0,heterophily_rewire_oracle,0.15,sage,f1_macro,True,oracle_protocol_comparison_diagnostic,oracle_privileged_training_diagnostic,oracle_shift_sensitivity_diagnostic,False,train_on_variant,train_clean_eval_all,train_on_variant - train_clean_eval_all,0.6875419262174621,0.6555459599751057,0.031995966242356365,0.04085245374167328,-0.017698735595707005,0.0503616446415629,6,3,2,paired_protocol_crossed_training_graph_seed_bootstrap,scenario
yelpchi,s0,heterophily_rewire_oracle,0.15,pmp,roc_auc,True,oracle_protocol_comparison_diagnostic,oracle_privileged_training_diagnostic,oracle_shift_sensitivity_diagnostic,False,train_on_variant,train_clean_eval_all,train_on_variant - train_clean_eval_all,0.8763263355226919,0.7876616532083491,0.08866468231434282,0.004345595109270136,0.08510943402464421,0.09342419730295015,6,3,2,paired_protocol_crossed_training_graph_seed_bootstrap,scenario
yelpchi,s0,heterophily_rewire_oracle,0.15,pmp,average_precision,True,oracle_protocol_comparison_diagnostic,oracle_privileged_training_diagnostic,oracle_shift_sensitivity_diagnostic,False,train_on_variant,train_clean_eval_all,train_on_variant - train_clean_eval_all,0.5814031704667683,0.42218755311325357,0.15921561735351483,0.009022564346822652,0.14933776021726927,0.1680428510963977,6,3,2,paired_protocol_crossed_training_graph_seed_bootstrap,scenario
yelpchi,s0,heterophily_rewire_oracle,0.15,pmp,f1_macro,True,oracle_protocol_comparison_diagnostic,oracle_privileged_training_diagnostic,oracle_shift_sensitivity_diagnostic,False,train_on_variant,train_clean_eval_all,train_on_variant - train_clean_eval_all,0.7417404271151775,0.6569437365384474,0.08479669057673017,0.010249132914687762,0.07181295992281955,0.09282365971841955,6,3,2,paired_protocol_crossed_training_graph_seed_bootstrap,scenario
yelpchi,s0,heterophily_rewire_oracle,0.15,secgfd,roc_auc,True,oracle_protocol_comparison_diagnostic,oracle_privileged_training_diagnostic,oracle_shift_sensitivity_diagnostic,False,train_on_variant,train_clean_eval_all,train_on_variant - train_clean_eval_all,0.9967388745135747,0.6820055452200232,0.3147333292935514,0.016763570421085047,0.30091146508218297,0.33606329657068246,6,3,2,paired_protocol_crossed_training_graph_seed_bootstrap,scenario
yelpchi,s0,heterophily_rewire_oracle,0.15,secgfd,average_precision,True,oracle_protocol_comparison_diagnostic,oracle_privileged_training_diagnostic,oracle_shift_sensitivity_diagnostic,False,train_on_variant,train_clean_eval_all,train_on_variant - train_clean_eval_all,0.990172078921867,0.27696661336210054,0.7132054655597665,0.033496815201111745,0.6735961759019116,0.7480121899551969,6,3,2,paired_protocol_crossed_training_graph_seed_bootstrap,scenario
yelpchi,s0,heterophily_rewire_oracle,0.15,secgfd,f1_macro,True,oracle_protocol_comparison_diagnostic,oracle_privileged_training_diagnostic,oracle_shift_sensitivity_diagnostic,False,train_on_variant,train_clean_eval_all,train_on_variant - train_clean_eval_all,0.981481581345827,0.5861292934190979,0.395352287926729,0.023170957904587317,0.3669639519518209,0.4174745662930266,6,3,2,paired_protocol_crossed_training_graph_seed_bootstrap,scenario
yelpchi,s0,heterophily_rewire_oracle,0.3,mlp,roc_auc,True,oracle_protocol_comparison_diagnostic,oracle_privileged_training_diagnostic,oracle_shift_sensitivity_diagnostic,False,train_on_variant,train_clean_eval_all,train_on_variant - train_clean_eval_all,0.7812706633893618,0.7812706633893618,0.0,0.0,0.0,0.0,6,3,2,paired_protocol_crossed_training_graph_seed_bootstrap,scenario
yelpchi,s0,heterophily_rewire_oracle,0.3,mlp,average_precision,True,oracle_protocol_comparison_diagnostic,oracle_privileged_training_diagnostic,oracle_shift_sensitivity_diagnostic,False,train_on_variant,train_clean_eval_all,train_on_variant - train_clean_eval_all,0.39937979216947617,0.39937979216947617,0.0,0.0,0.0,0.0,6,3,2,paired_protocol_crossed_training_graph_seed_bootstrap,scenario
yelpchi,s0,heterophily_rewire_oracle,0.3,mlp,f1_macro,True,oracle_protocol_comparison_diagnostic,oracle_privileged_training_diagnostic,oracle_shift_sensitivity_diagnostic,False,train_on_variant,train_clean_eval_all,train_on_variant - train_clean_eval_all,0.6531843309265226,0.6531843309265226,0.0,0.0,0.0,0.0,6,3,2,paired_protocol_crossed_training_graph_seed_bootstrap,scenario
yelpchi,s0,heterophily_rewire_oracle,0.3,sage,roc_auc,True,oracle_protocol_comparison_diagnostic,oracle_privileged_training_diagnostic,oracle_shift_sensitivity_diagnostic,False,train_on_variant,train_clean_eval_all,train_on_variant - train_clean_eval_all,0.8976080822697781,0.7683475375178869,0.1292605447518913,0.009671486999915054,0.12002210017973225,0.1392771574817523,6,3,2,paired_protocol_crossed_training_graph_seed_bootstrap,scenario
yelpchi,s0,heterophily_rewire_oracle,0.3,sage,average_precision,True,oracle_protocol_comparison_diagnostic,oracle_privileged_training_diagnostic,oracle_shift_sensitivity_diagnostic,False,train_on_variant,train_clean_eval_all,train_on_variant - train_clean_eval_all,0.6518823777305488,0.38381625236041056,0.26806612537013813,0.026955172418861358,0.23956017501533797,0.2984983689288778,6,3,2,paired_protocol_crossed_training_graph_seed_bootstrap,scenario
yelpchi,s0,heterophily_rewire_oracle,0.3,sage,f1_macro,True,oracle_protocol_comparison_diagnostic,oracle_privileged_training_diagnostic,oracle_shift_sensitivity_diagnostic,False,train_on_variant,train_clean_eval_all,train_on_variant - train_clean_eval_all,0.7681224288749106,0.6492862676027499,0.11883616127216058,0.008987567115946272,0.1117287072001939,0.12971269484735348,6,3,2,paired_protocol_crossed_training_graph_seed_bootstrap,scenario
yelpchi,s0,heterophily_rewire_oracle,0.3,pmp,roc_auc,True,oracle_protocol_comparison_diagnostic,oracle_privileged_training_diagnostic,oracle_shift_sensitivity_diagnostic,False,train_on_variant,train_clean_eval_all,train_on_variant - train_clean_eval_all,0.8876986234061918,0.7634662296143456,0.12423239379184607,0.02038325513645733,0.10114615950126227,0.14647951582832308,6,3,2,paired_protocol_crossed_training_graph_seed_bootstrap,scenario
yelpchi,s0,heterophily_rewire_oracle,0.3,pmp,average_precision,True,oracle_protocol_comparison_diagnostic,oracle_privileged_training_diagnostic,oracle_shift_sensitivity_diagnostic,False,train_on_variant,train_clean_eval_all,train_on_variant - train_clean_eval_all,0.6018050284232713,0.3859081744555028,0.21589685396776856,0.04940821754402849,0.15080824201799076,0.26107318046351785,6,3,2,paired_protocol_crossed_training_graph_seed_bootstrap,scenario
yelpchi,s0,heterophily_rewire_oracle,0.3,pmp,f1_macro,True,oracle_protocol_comparison_diagnostic,oracle_privileged_training_diagnostic,oracle_shift_sensitivity_diagnostic,False,train_on_variant,train_clean_eval_all,train_on_variant - train_clean_eval_all,0.7495746020256308,0.6415382934075567,0.108036308618074,0.016900787382108134,0.08797326083439645,0.12683518227024662,6,3,2,paired_protocol_crossed_training_graph_seed_bootstrap,scenario
yelpchi,s0,heterophily_rewire_oracle,0.3,secgfd,roc_auc,True,oracle_protocol_comparison_diagnostic,oracle_privileged_training_diagnostic,oracle_shift_sensitivity_diagnostic,False,train_on_variant,train_clean_eval_all,train_on_variant - train_clean_eval_all,0.9999999086920356,0.523695677239589,0.47630423145244644,0.03498584976081753,0.4493527106936838,0.5211293100852775,6,3,2,paired_protocol_crossed_training_graph_seed_bootstrap,scenario
yelpchi,s0,heterophily_rewire_oracle,0.3,secgfd,average_precision,True,oracle_protocol_comparison_diagnostic,oracle_privileged_training_diagnostic,oracle_shift_sensitivity_diagnostic,False,train_on_variant,train_clean_eval_all,train_on_variant - train_clean_eval_all,0.9999994655961107,0.15700423739924596,0.8429952281968648,0.01702680323515016,0.8271905927885301,0.8641270615844482,6,3,2,paired_protocol_crossed_training_graph_seed_bootstrap,scenario
yelpchi,s0,heterophily_rewire_oracle,0.3,secgfd,f1_macro,True,oracle_protocol_comparison_diagnostic,oracle_privileged_training_diagnostic,oracle_shift_sensitivity_diagnostic,False,train_on_variant,train_clean_eval_all,train_on_variant - train_clean_eval_all,0.9997809266564955,0.5030393890304601,0.4967415376260355,0.012844814772166114,0.4880672589268739,0.513241367900351,6,3,2,paired_protocol_crossed_training_graph_seed_bootstrap,scenario
yelpchi,s0,heterophily_rewire_nonoracle,0.0,mlp,roc_auc,False,non_oracle_controlled_stress,non_oracle_controlled_stress,non_oracle_controlled_stress,True,train_on_variant,train_clean_eval_all,train_on_variant - train_clean_eval_all,0.7812706633893618,0.7812706633893618,0.0,0.0,0.0,0.0,3,3,1,paired_protocol_crossed_training_graph_seed_bootstrap,clean
yelpchi,s0,heterophily_rewire_nonoracle,0.0,mlp,average_precision,False,non_oracle_controlled_stress,non_oracle_controlled_stress,non_oracle_controlled_stress,True,train_on_variant,train_clean_eval_all,train_on_variant - train_clean_eval_all,0.39937979216947617,0.39937979216947617,0.0,0.0,0.0,0.0,3,3,1,paired_protocol_crossed_training_graph_seed_bootstrap,clean
yelpchi,s0,heterophily_rewire_nonoracle,0.0,mlp,f1_macro,False,non_oracle_controlled_stress,non_oracle_controlled_stress,non_oracle_controlled_stress,True,train_on_variant,train_clean_eval_all,train_on_variant - train_clean_eval_all,0.6531843309265226,0.6531843309265226,0.0,0.0,0.0,0.0,3,3,1,paired_protocol_crossed_training_graph_seed_bootstrap,clean
yelpchi,s0,heterophily_rewire_nonoracle,0.0,sage,roc_auc,False,non_oracle_controlled_stress,non_oracle_controlled_stress,non_oracle_controlled_stress,True,train_on_variant,train_clean_eval_all,train_on_variant - train_clean_eval_all,0.7917030310560143,0.7909852512071072,0.0007177798489070852,0.0014050221151798179,-0.0001745609786029112,0.0023373568545190793,3,3,1,paired_protocol_crossed_training_graph_seed_bootstrap,clean
yelpchi,s0,heterophily_rewire_nonoracle,0.0,sage,average_precision,False,non_oracle_controlled_stress,non_oracle_controlled_stress,non_oracle_controlled_stress,True,train_on_variant,train_clean_eval_all,train_on_variant - train_clean_eval_all,0.42954172678053837,0.42708999760200883,0.002451729178529575,0.004260400033522313,-3.369709426859213e-05,0.007371125688228619,3,3,1,paired_protocol_crossed_training_graph_seed_bootstrap,clean
yelpchi,s0,heterophily_rewire_nonoracle,0.0,sage,f1_macro,False,non_oracle_controlled_stress,non_oracle_controlled_stress,non_oracle_controlled_stress,True,train_on_variant,train_clean_eval_all,train_on_variant - train_clean_eval_all,0.6708279503970965,0.6697122615898071,0.0011156888072893316,0.0016576217474224858,-1.812723255079085e-05,0.00301809514183915,3,3,1,paired_protocol_crossed_training_graph_seed_bootstrap,clean
yelpchi,s0,heterophily_rewire_nonoracle,0.0,pmp,roc_auc,False,non_oracle_controlled_stress,non_oracle_controlled_stress,non_oracle_controlled_stress,True,train_on_variant,train_clean_eval_all,train_on_variant - train_clean_eval_all,0.849193776874713,0.849193776874713,0.0,0.0,0.0,0.0,3,3,1,paired_protocol_crossed_training_graph_seed_bootstrap,clean
yelpchi,s0,heterophily_rewire_nonoracle,0.0,pmp,average_precision,False,non_oracle_controlled_stress,non_oracle_controlled_stress,non_oracle_controlled_stress,True,train_on_variant,train_clean_eval_all,train_on_variant - train_clean_eval_all,0.5677252637869848,0.5677252637869848,0.0,0.0,0.0,0.0,3,3,1,paired_protocol_crossed_training_graph_seed_bootstrap,clean
yelpchi,s0,heterophily_rewire_nonoracle,0.0,pmp,f1_macro,False,non_oracle_controlled_stress,non_oracle_controlled_stress,non_oracle_controlled_stress,True,train_on_variant,train_clean_eval_all,train_on_variant - train_clean_eval_all,0.719663923941368,0.719663923941368,0.0,0.0,0.0,0.0,3,3,1,paired_protocol_crossed_training_graph_seed_bootstrap,clean
yelpchi,s0,heterophily_rewire_nonoracle,0.0,secgfd,roc_auc,False,non_oracle_controlled_stress,non_oracle_controlled_stress,non_oracle_controlled_stress,True,train_on_variant,train_clean_eval_all,train_on_variant - train_clean_eval_all,0.8125170309203386,0.8140815809826377,-0.0015645500622990527,0.001765183535894405,-0.0035871882126785604,-0.00033511610943082193,3,3,1,paired_protocol_crossed_training_graph_seed_bootstrap,clean
yelpchi,s0,heterophily_rewire_nonoracle,0.0,secgfd,average_precision,False,non_oracle_controlled_stress,non_oracle_controlled_stress,non_oracle_controlled_stress,True,train_on_variant,train_clean_eval_all,train_on_variant - train_clean_eval_all,0.4709483353668929,0.47551589125343435,-0.004567555886541452,0.004180190203645746,-0.007278173839947999,0.0002465683312029565,3,3,1,paired_protocol_crossed_training_graph_seed_bootstrap,clean
yelpchi,s0,heterophily_rewire_nonoracle,0.0,secgfd,f1_macro,False,non_oracle_controlled_stress,non_oracle_controlled_stress,non_oracle_controlled_stress,True,train_on_variant,train_clean_eval_all,train_on_variant - train_clean_eval_all,0.687730212869523,0.6896884499828166,-0.0019582371132937557,0.0022190102414721214,-0.004275963372697755,0.00014673129152831255,3,3,1,paired_protocol_crossed_training_graph_seed_bootstrap,clean
yelpchi,s0,heterophily_rewire_nonoracle,0.15,mlp,roc_auc,False,non_oracle_controlled_stress,non_oracle_controlled_stress,non_oracle_controlled_stress,True,train_on_variant,train_clean_eval_all,train_on_variant - train_clean_eval_all,0.7812706633893618,0.7812706633893618,0.0,0.0,0.0,0.0,6,3,2,paired_protocol_crossed_training_graph_seed_bootstrap,scenario
yelpchi,s0,heterophily_rewire_nonoracle,0.15,mlp,average_precision,False,non_oracle_controlled_stress,non_oracle_controlled_stress,non_oracle_controlled_stress,True,train_on_variant,train_clean_eval_all,train_on_variant - train_clean_eval_all,0.39937979216947617,0.39937979216947617,0.0,0.0,0.0,0.0,6,3,2,paired_protocol_crossed_training_graph_seed_bootstrap,scenario
yelpchi,s0,heterophily_rewire_nonoracle,0.15,mlp,f1_macro,False,non_oracle_controlled_stress,non_oracle_controlled_stress,non_oracle_controlled_stress,True,train_on_variant,train_clean_eval_all,train_on_variant - train_clean_eval_all,0.6531843309265226,0.6531843309265226,0.0,0.0,0.0,0.0,6,3,2,paired_protocol_crossed_training_graph_seed_bootstrap,scenario
yelpchi,s0,heterophily_rewire_nonoracle,0.15,sage,roc_auc,False,non_oracle_controlled_stress,non_oracle_controlled_stress,non_oracle_controlled_stress,True,train_on_variant,train_clean_eval_all,train_on_variant - train_clean_eval_all,0.7106165068507333,0.7872894759901023,-0.07667296913936893,0.08304911914147728,-0.17055354945340992,-0.0034162597030988895,6,3,2,paired_protocol_crossed_training_graph_seed_bootstrap,scenario
yelpchi,s0,heterophily_rewire_nonoracle,0.15,sage,average_precision,False,non_oracle_controlled_stress,non_oracle_controlled_stress,non_oracle_controlled_stress,True,train_on_variant,train_clean_eval_all,train_on_variant - train_clean_eval_all,0.31960822060683974,0.4188235637818489,-0.09921534317500914,0.09923475227747543,-0.1985562458775232,-0.00499846241853652,6,3,2,paired_protocol_crossed_training_graph_seed_bootstrap,scenario
yelpchi,s0,heterophily_rewire_nonoracle,0.15,sage,f1_macro,False,non_oracle_controlled_stress,non_oracle_controlled_stress,non_oracle_controlled_stress,True,train_on_variant,train_clean_eval_all,train_on_variant - train_clean_eval_all,0.6136183881888814,0.664186191151788,-0.050567802962906604,0.05225269934230966,-0.10624011064780309,-0.0033215677858363657,6,3,2,paired_protocol_crossed_training_graph_seed_bootstrap,scenario
yelpchi,s0,heterophily_rewire_nonoracle,0.15,pmp,roc_auc,False,non_oracle_controlled_stress,non_oracle_controlled_stress,non_oracle_controlled_stress,True,train_on_variant,train_clean_eval_all,train_on_variant - train_clean_eval_all,0.8379391551831419,0.8311466366052264,0.006792518577915445,0.009849841850728656,-0.002232805265233321,0.016173220958795254,6,3,2,paired_protocol_crossed_training_graph_seed_bootstrap,scenario
yelpchi,s0,heterophily_rewire_nonoracle,0.15,pmp,average_precision,False,non_oracle_controlled_stress,non_oracle_controlled_stress,non_oracle_controlled_stress,True,train_on_variant,train_clean_eval_all,train_on_variant - train_clean_eval_all,0.528330597103213,0.5170376965513844,0.011292900551828541,0.02514197411215951,-0.011506205585009291,0.0355854640196146,6,3,2,paired_protocol_crossed_training_graph_seed_bootstrap,scenario
yelpchi,s0,heterophily_rewire_nonoracle,0.15,pmp,f1_macro,False,non_oracle_controlled_stress,non_oracle_controlled_stress,non_oracle_controlled_stress,True,train_on_variant,train_clean_eval_all,train_on_variant - train_clean_eval_all,0.7077804203482714,0.6992997586842612,0.008480661664010033,0.009846452691547504,-0.0005831749814857456,0.0202747369056198,6,3,2,paired_protocol_crossed_training_graph_seed_bootstrap,scenario
yelpchi,s0,heterophily_rewire_nonoracle,0.15,secgfd,roc_auc,False,non_oracle_controlled_stress,non_oracle_controlled_stress,non_oracle_controlled_stress,True,train_on_variant,train_clean_eval_all,train_on_variant - train_clean_eval_all,0.8149415987907078,0.8098922107890889,0.005049388001618971,0.007134830545856055,-0.0010719078645153497,0.011011184733384582,6,3,2,paired_protocol_crossed_training_graph_seed_bootstrap,scenario
yelpchi,s0,heterophily_rewire_nonoracle,0.15,secgfd,average_precision,False,non_oracle_controlled_stress,non_oracle_controlled_stress,non_oracle_controlled_stress,True,train_on_variant,train_clean_eval_all,train_on_variant - train_clean_eval_all,0.4736665624521261,0.4652777077810071,0.008388854671119031,0.014583881929754319,-0.0043984619170551005,0.01979562441889887,6,3,2,paired_protocol_crossed_training_graph_seed_bootstrap,scenario
yelpchi,s0,heterophily_rewire_nonoracle,0.15,secgfd,f1_macro,False,non_oracle_controlled_stress,non_oracle_controlled_stress,non_oracle_controlled_stress,True,train_on_variant,train_clean_eval_all,train_on_variant - train_clean_eval_all,0.6908239013797622,0.6862901349195734,0.004533766460188955,0.00875421168977338,-0.004676082485760791,0.013068845103203497,6,3,2,paired_protocol_crossed_training_graph_seed_bootstrap,scenario
yelpchi,s0,heterophily_rewire_nonoracle,0.3,mlp,roc_auc,False,non_oracle_controlled_stress,non_oracle_controlled_stress,non_oracle_controlled_stress,True,train_on_variant,train_clean_eval_all,train_on_variant - train_clean_eval_all,0.7812706633893618,0.7812706633893618,0.0,0.0,0.0,0.0,6,3,2,paired_protocol_crossed_training_graph_seed_bootstrap,scenario
yelpchi,s0,heterophily_rewire_nonoracle,0.3,mlp,average_precision,False,non_oracle_controlled_stress,non_oracle_controlled_stress,non_oracle_controlled_stress,True,train_on_variant,train_clean_eval_all,train_on_variant - train_clean_eval_all,0.39937979216947617,0.39937979216947617,0.0,0.0,0.0,0.0,6,3,2,paired_protocol_crossed_training_graph_seed_bootstrap,scenario
yelpchi,s0,heterophily_rewire_nonoracle,0.3,mlp,f1_macro,False,non_oracle_controlled_stress,non_oracle_controlled_stress,non_oracle_controlled_stress,True,train_on_variant,train_clean_eval_all,train_on_variant - train_clean_eval_all,0.6531843309265226,0.6531843309265226,0.0,0.0,0.0,0.0,6,3,2,paired_protocol_crossed_training_graph_seed_bootstrap,scenario
yelpchi,s0,heterophily_rewire_nonoracle,0.3,sage,roc_auc,False,non_oracle_controlled_stress,non_oracle_controlled_stress,non_oracle_controlled_stress,True,train_on_variant,train_clean_eval_all,train_on_variant - train_clean_eval_all,0.730661147790976,0.7850275553939219,-0.05436640760294583,0.0781834807910551,-0.15450973768476284,-0.0014345811146292409,6,3,2,paired_protocol_crossed_training_graph_seed_bootstrap,scenario
yelpchi,s0,heterophily_rewire_nonoracle,0.3,sage,average_precision,False,non_oracle_controlled_stress,non_oracle_controlled_stress,non_oracle_controlled_stress,True,train_on_variant,train_clean_eval_all,train_on_variant - train_clean_eval_all,0.3469181594570588,0.41335217392118667,-0.06643401446412783,0.09088408790371044,-0.1830458645039272,0.001987477692735412,6,3,2,paired_protocol_crossed_training_graph_seed_bootstrap,scenario
yelpchi,s0,heterophily_rewire_nonoracle,0.3,sage,f1_macro,False,non_oracle_controlled_stress,non_oracle_controlled_stress,non_oracle_controlled_stress,True,train_on_variant,train_clean_eval_all,train_on_variant - train_clean_eval_all,0.6248505117960184,0.662695114740281,-0.03784460294426267,0.04912891290692293,-0.10094876173049333,-0.0029713360254906007,6,3,2,paired_protocol_crossed_training_graph_seed_bootstrap,scenario
yelpchi,s0,heterophily_rewire_nonoracle,0.3,pmp,roc_auc,False,non_oracle_controlled_stress,non_oracle_controlled_stress,non_oracle_controlled_stress,True,train_on_variant,train_clean_eval_all,train_on_variant - train_clean_eval_all,0.8313938211598697,0.8167873019554069,0.014606519204462765,0.007100970997950117,0.007271012011110171,0.01988121754835548,6,3,2,paired_protocol_crossed_training_graph_seed_bootstrap,scenario
yelpchi,s0,heterophily_rewire_nonoracle,0.3,pmp,average_precision,False,non_oracle_controlled_stress,non_oracle_controlled_stress,non_oracle_controlled_stress,True,train_on_variant,train_clean_eval_all,train_on_variant - train_clean_eval_all,0.5093941442417561,0.4894751373981389,0.019919006843617238,0.013407916742716821,0.009935104132630676,0.03510010791011392,6,3,2,paired_protocol_crossed_training_graph_seed_bootstrap,scenario
yelpchi,s0,heterophily_rewire_nonoracle,0.3,pmp,f1_macro,False,non_oracle_controlled_stress,non_oracle_controlled_stress,non_oracle_controlled_stress,True,train_on_variant,train_clean_eval_all,train_on_variant - train_clean_eval_all,0.7018451910927452,0.6828177749769498,0.019027416115795188,0.011788025045393566,0.005184243432245439,0.029825576257887326,6,3,2,paired_protocol_crossed_training_graph_seed_bootstrap,scenario
yelpchi,s0,heterophily_rewire_nonoracle,0.3,secgfd,roc_auc,False,non_oracle_controlled_stress,non_oracle_controlled_stress,non_oracle_controlled_stress,True,train_on_variant,train_clean_eval_all,train_on_variant - train_clean_eval_all,0.8197554122438677,0.8075255202584901,0.012229891985377475,0.006681825907921516,0.005560279882571906,0.019283718078100365,6,3,2,paired_protocol_crossed_training_graph_seed_bootstrap,scenario
yelpchi,s0,heterophily_rewire_nonoracle,0.3,secgfd,average_precision,False,non_oracle_controlled_stress,non_oracle_controlled_stress,non_oracle_controlled_stress,True,train_on_variant,train_clean_eval_all,train_on_variant - train_clean_eval_all,0.48415101272270133,0.4585782962574556,0.025572716465245726,0.008811799854427288,0.01498395229772137,0.031852098584033206,6,3,2,paired_protocol_crossed_training_graph_seed_bootstrap,scenario
yelpchi,s0,heterophily_rewire_nonoracle,0.3,secgfd,f1_macro,False,non_oracle_controlled_stress,non_oracle_controlled_stress,non_oracle_controlled_stress,True,train_on_variant,train_clean_eval_all,train_on_variant - train_clean_eval_all,0.696367879542732,0.6840325402988744,0.012335339243857657,0.003925599321365441,0.00808292863987011,0.015732282229271477,6,3,2,paired_protocol_crossed_training_graph_seed_bootstrap,scenario
yelpchi,s0,camouflage_feature_oracle,0.0,mlp,roc_auc,True,oracle_protocol_comparison_diagnostic,oracle_privileged_training_diagnostic,oracle_shift_sensitivity_diagnostic,False,train_on_variant,train_clean_eval_all,train_on_variant - train_clean_eval_all,0.7812706633893618,0.7812706633893618,0.0,0.0,0.0,0.0,3,3,1,paired_protocol_crossed_training_graph_seed_bootstrap,clean
yelpchi,s0,camouflage_feature_oracle,0.0,mlp,average_precision,True,oracle_protocol_comparison_diagnostic,oracle_privileged_training_diagnostic,oracle_shift_sensitivity_diagnostic,False,train_on_variant,train_clean_eval_all,train_on_variant - train_clean_eval_all,0.39937979216947617,0.39937979216947617,0.0,0.0,0.0,0.0,3,3,1,paired_protocol_crossed_training_graph_seed_bootstrap,clean
yelpchi,s0,camouflage_feature_oracle,0.0,mlp,f1_macro,True,oracle_protocol_comparison_diagnostic,oracle_privileged_training_diagnostic,oracle_shift_sensitivity_diagnostic,False,train_on_variant,train_clean_eval_all,train_on_variant - train_clean_eval_all,0.6531843309265226,0.6531843309265226,0.0,0.0,0.0,0.0,3,3,1,paired_protocol_crossed_training_graph_seed_bootstrap,clean
yelpchi,s0,camouflage_feature_oracle,0.0,sage,roc_auc,True,oracle_protocol_comparison_diagnostic,oracle_privileged_training_diagnostic,oracle_shift_sensitivity_diagnostic,False,train_on_variant,train_clean_eval_all,train_on_variant - train_clean_eval_all,0.7917030310560143,0.7909852512071072,0.0007177798489070852,0.0014050221151798179,-0.0001745609786029112,0.0023373568545190793,3,3,1,paired_protocol_crossed_training_graph_seed_bootstrap,clean
yelpchi,s0,camouflage_feature_oracle,0.0,sage,average_precision,True,oracle_protocol_comparison_diagnostic,oracle_privileged_training_diagnostic,oracle_shift_sensitivity_diagnostic,False,train_on_variant,train_clean_eval_all,train_on_variant - train_clean_eval_all,0.42954172678053837,0.42708999760200883,0.002451729178529575,0.004260400033522313,-3.369709426859213e-05,0.007371125688228619,3,3,1,paired_protocol_crossed_training_graph_seed_bootstrap,clean
yelpchi,s0,camouflage_feature_oracle,0.0,sage,f1_macro,True,oracle_protocol_comparison_diagnostic,oracle_privileged_training_diagnostic,oracle_shift_sensitivity_diagnostic,False,train_on_variant,train_clean_eval_all,train_on_variant - train_clean_eval_all,0.6708279503970965,0.6697122615898071,0.0011156888072893316,0.0016576217474224858,-1.812723255079085e-05,0.00301809514183915,3,3,1,paired_protocol_crossed_training_graph_seed_bootstrap,clean
yelpchi,s0,camouflage_feature_oracle,0.0,pmp,roc_auc,True,oracle_protocol_comparison_diagnostic,oracle_privileged_training_diagnostic,oracle_shift_sensitivity_diagnostic,False,train_on_variant,train_clean_eval_all,train_on_variant - train_clean_eval_all,0.849193776874713,0.849193776874713,0.0,0.0,0.0,0.0,3,3,1,paired_protocol_crossed_training_graph_seed_bootstrap,clean
yelpchi,s0,camouflage_feature_oracle,0.0,pmp,average_precision,True,oracle_protocol_comparison_diagnostic,oracle_privileged_training_diagnostic,oracle_shift_sensitivity_diagnostic,False,train_on_variant,train_clean_eval_all,train_on_variant - train_clean_eval_all,0.5677252637869848,0.5677252637869848,0.0,0.0,0.0,0.0,3,3,1,paired_protocol_crossed_training_graph_seed_bootstrap,clean
yelpchi,s0,camouflage_feature_oracle,0.0,pmp,f1_macro,True,oracle_protocol_comparison_diagnostic,oracle_privileged_training_diagnostic,oracle_shift_sensitivity_diagnostic,False,train_on_variant,train_clean_eval_all,train_on_variant - train_clean_eval_all,0.719663923941368,0.719663923941368,0.0,0.0,0.0,0.0,3,3,1,paired_protocol_crossed_training_graph_seed_bootstrap,clean
yelpchi,s0,camouflage_feature_oracle,0.0,secgfd,roc_auc,True,oracle_protocol_comparison_diagnostic,oracle_privileged_training_diagnostic,oracle_shift_sensitivity_diagnostic,False,train_on_variant,train_clean_eval_all,train_on_variant - train_clean_eval_all,0.8125170309203386,0.8140815809826377,-0.0015645500622990527,0.001765183535894405,-0.0035871882126785604,-0.00033511610943082193,3,3,1,paired_protocol_crossed_training_graph_seed_bootstrap,clean
yelpchi,s0,camouflage_feature_oracle,0.0,secgfd,average_precision,True,oracle_protocol_comparison_diagnostic,oracle_privileged_training_diagnostic,oracle_shift_sensitivity_diagnostic,False,train_on_variant,train_clean_eval_all,train_on_variant - train_clean_eval_all,0.4709483353668929,0.47551589125343435,-0.004567555886541452,0.004180190203645746,-0.007278173839947999,0.0002465683312029565,3,3,1,paired_protocol_crossed_training_graph_seed_bootstrap,clean
yelpchi,s0,camouflage_feature_oracle,0.0,secgfd,f1_macro,True,oracle_protocol_comparison_diagnostic,oracle_privileged_training_diagnostic,oracle_shift_sensitivity_diagnostic,False,train_on_variant,train_clean_eval_all,train_on_variant - train_clean_eval_all,0.687730212869523,0.6896884499828166,-0.0019582371132937557,0.0022190102414721214,-0.004275963372697755,0.00014673129152831255,3,3,1,paired_protocol_crossed_training_graph_seed_bootstrap,clean
yelpchi,s0,camouflage_feature_oracle,0.15,mlp,roc_auc,True,oracle_protocol_comparison_diagnostic,oracle_privileged_training_diagnostic,oracle_shift_sensitivity_diagnostic,False,train_on_variant,train_clean_eval_all,train_on_variant - train_clean_eval_all,0.7389589258029258,0.7416447555341202,-0.0026858297311944113,0.0018079556910026793,-0.004118251213967139,-0.0005898970897308583,6,3,2,paired_protocol_crossed_training_graph_seed_bootstrap,scenario
yelpchi,s0,camouflage_feature_oracle,0.15,mlp,average_precision,True,oracle_protocol_comparison_diagnostic,oracle_privileged_training_diagnostic,oracle_shift_sensitivity_diagnostic,False,train_on_variant,train_clean_eval_all,train_on_variant - train_clean_eval_all,0.3569698934145437,0.3612137698106763,-0.0042438763961326065,0.004061681541705482,-0.007348637723275227,0.0003210469779348542,6,3,2,paired_protocol_crossed_training_graph_seed_bootstrap,scenario
yelpchi,s0,camouflage_feature_oracle,0.15,mlp,f1_macro,True,oracle_protocol_comparison_diagnostic,oracle_privileged_training_diagnostic,oracle_shift_sensitivity_diagnostic,False,train_on_variant,train_clean_eval_all,train_on_variant - train_clean_eval_all,0.6345085909181479,0.6348070088510053,-0.0002984179328573792,0.0015877547955197217,-0.002139076718763603,0.0013609294091952255,6,3,2,paired_protocol_crossed_training_graph_seed_bootstrap,scenario
yelpchi,s0,camouflage_feature_oracle,0.15,sage,roc_auc,True,oracle_protocol_comparison_diagnostic,oracle_privileged_training_diagnostic,oracle_shift_sensitivity_diagnostic,False,train_on_variant,train_clean_eval_all,train_on_variant - train_clean_eval_all,0.7268125706803045,0.7512939787590044,-0.02448140807870003,0.06434576931377621,-0.10468592315115184,0.0063492461995561245,6,3,2,paired_protocol_crossed_training_graph_seed_bootstrap,scenario
yelpchi,s0,camouflage_feature_oracle,0.15,sage,average_precision,True,oracle_protocol_comparison_diagnostic,oracle_privileged_training_diagnostic,oracle_shift_sensitivity_diagnostic,False,train_on_variant,train_clean_eval_all,train_on_variant - train_clean_eval_all,0.35444768943767896,0.3852250124165162,-0.030777322978837156,0.0768143681510755,-0.12816540531352114,0.0073837030189314685,6,3,2,paired_protocol_crossed_training_graph_seed_bootstrap,scenario
yelpchi,s0,camouflage_feature_oracle,0.15,sage,f1_macro,True,oracle_protocol_comparison_diagnostic,oracle_privileged_training_diagnostic,oracle_shift_sensitivity_diagnostic,False,train_on_variant,train_clean_eval_all,train_on_variant - train_clean_eval_all,0.6307640768779369,0.6488096458499042,-0.01804556897196728,0.04406996100091127,-0.07259835645750849,0.002179428246576539,6,3,2,paired_protocol_crossed_training_graph_seed_bootstrap,scenario
yelpchi,s0,camouflage_feature_oracle,0.15,pmp,roc_auc,True,oracle_protocol_comparison_diagnostic,oracle_privileged_training_diagnostic,oracle_shift_sensitivity_diagnostic,False,train_on_variant,train_clean_eval_all,train_on_variant - train_clean_eval_all,0.8020201799811781,0.8064787439187308,-0.004458563937552618,0.007971997295237716,-0.014296000666691086,0.0031099294219605333,6,3,2,paired_protocol_crossed_training_graph_seed_bootstrap,scenario
yelpchi,s0,camouflage_feature_oracle,0.15,pmp,average_precision,True,oracle_protocol_comparison_diagnostic,oracle_privileged_training_diagnostic,oracle_shift_sensitivity_diagnostic,False,train_on_variant,train_clean_eval_all,train_on_variant - train_clean_eval_all,0.49981937268939675,0.5126851280227783,-0.012865755333381607,0.012246293920389067,-0.0236847166015756,0.0033671079149639738,6,3,2,paired_protocol_crossed_training_graph_seed_bootstrap,scenario
yelpchi,s0,camouflage_feature_oracle,0.15,pmp,f1_macro,True,oracle_protocol_comparison_diagnostic,oracle_privileged_training_diagnostic,oracle_shift_sensitivity_diagnostic,False,train_on_variant,train_clean_eval_all,train_on_variant - train_clean_eval_all,0.6957062171337126,0.6954209554808578,0.00028526165285464034,0.006578993651052901,-0.00666177152002323,0.0069237819751884295,6,3,2,paired_protocol_crossed_training_graph_seed_bootstrap,scenario
yelpchi,s0,camouflage_feature_oracle,0.15,secgfd,roc_auc,True,oracle_protocol_comparison_diagnostic,oracle_privileged_training_diagnostic,oracle_shift_sensitivity_diagnostic,False,train_on_variant,train_clean_eval_all,train_on_variant - train_clean_eval_all,0.7715303426052681,0.7696239295689425,0.001906413036325531,0.01039801448315775,-0.009955233928146734,0.011493477371885552,6,3,2,paired_protocol_crossed_training_graph_seed_bootstrap,scenario
yelpchi,s0,camouflage_feature_oracle,0.15,secgfd,average_precision,True,oracle_protocol_comparison_diagnostic,oracle_privileged_training_diagnostic,oracle_shift_sensitivity_diagnostic,False,train_on_variant,train_clean_eval_all,train_on_variant - train_clean_eval_all,0.4245539731786245,0.4296514766514656,-0.005097503472841093,0.0169937875488358,-0.022645574401203128,0.009166865655979795,6,3,2,paired_protocol_crossed_training_graph_seed_bootstrap,scenario
yelpchi,s0,camouflage_feature_oracle,0.15,secgfd,f1_macro,True,oracle_protocol_comparison_diagnostic,oracle_privileged_training_diagnostic,oracle_shift_sensitivity_diagnostic,False,train_on_variant,train_clean_eval_all,train_on_variant - train_clean_eval_all,0.6677599311717136,0.6674235015119797,0.00033642965973399813,0.00890553950396682,-0.008147794539891673,0.008950045452121413,6,3,2,paired_protocol_crossed_training_graph_seed_bootstrap,scenario
yelpchi,s0,camouflage_feature_oracle,0.3,mlp,roc_auc,True,oracle_protocol_comparison_diagnostic,oracle_privileged_training_diagnostic,oracle_shift_sensitivity_diagnostic,False,train_on_variant,train_clean_eval_all,train_on_variant - train_clean_eval_all,0.6998875669454118,0.6986283487315084,0.001259218213903161,0.01540611354793238,-0.005738646021348363,0.020288955248870904,6,3,2,paired_protocol_crossed_training_graph_seed_bootstrap,scenario
yelpchi,s0,camouflage_feature_oracle,0.3,mlp,average_precision,True,oracle_protocol_comparison_diagnostic,oracle_privileged_training_diagnostic,oracle_shift_sensitivity_diagnostic,False,train_on_variant,train_clean_eval_all,train_on_variant - train_clean_eval_all,0.3213149900893049,0.31697205988075333,0.004342930208551606,0.02848394208241664,-0.008821744441410798,0.03896244248934446,6,3,2,paired_protocol_crossed_training_graph_seed_bootstrap,scenario
yelpchi,s0,camouflage_feature_oracle,0.3,mlp,f1_macro,True,oracle_protocol_comparison_diagnostic,oracle_privileged_training_diagnostic,oracle_shift_sensitivity_diagnostic,False,train_on_variant,train_clean_eval_all,train_on_variant - train_clean_eval_all,0.6165957513076381,0.6125329397078096,0.004062811599828409,0.01310438710753276,-0.002813843601333965,0.020498341089307925,6,3,2,paired_protocol_crossed_training_graph_seed_bootstrap,scenario
yelpchi,s0,camouflage_feature_oracle,0.3,sage,roc_auc,True,oracle_protocol_comparison_diagnostic,oracle_privileged_training_diagnostic,oracle_shift_sensitivity_diagnostic,False,train_on_variant,train_clean_eval_all,train_on_variant - train_clean_eval_all,0.6874635859867587,0.7072266609538053,-0.019763074967046584,0.04749882572969339,-0.07910479797787313,0.003856475249602568,6,3,2,paired_protocol_crossed_training_graph_seed_bootstrap,scenario
yelpchi,s0,camouflage_feature_oracle,0.3,sage,average_precision,True,oracle_protocol_comparison_diagnostic,oracle_privileged_training_diagnostic,oracle_shift_sensitivity_diagnostic,False,train_on_variant,train_clean_eval_all,train_on_variant - train_clean_eval_all,0.31190344316894864,0.3351581222076212,-0.02325467903867257,0.05699750144811981,-0.09327032590113594,0.004920274484923344,6,3,2,paired_protocol_crossed_training_graph_seed_bootstrap,scenario
yelpchi,s0,camouflage_feature_oracle,0.3,sage,f1_macro,True,oracle_protocol_comparison_diagnostic,oracle_privileged_training_diagnostic,oracle_shift_sensitivity_diagnostic,False,train_on_variant,train_clean_eval_all,train_on_variant - train_clean_eval_all,0.6118221074520379,0.6249419543574873,-0.013119846905449373,0.03271564666895475,-0.053170201219821266,0.0011220655467777767,6,3,2,paired_protocol_crossed_training_graph_seed_bootstrap,scenario
yelpchi,s0,camouflage_feature_oracle,0.3,pmp,roc_auc,True,oracle_protocol_comparison_diagnostic,oracle_privileged_training_diagnostic,oracle_shift_sensitivity_diagnostic,False,train_on_variant,train_clean_eval_all,train_on_variant - train_clean_eval_all,0.7597981365902361,0.7631364609757064,-0.0033383243854704,0.007859028924460948,-0.011059474736880626,0.0062399862952303336,6,3,2,paired_protocol_crossed_training_graph_seed_bootstrap,scenario
yelpchi,s0,camouflage_feature_oracle,0.3,pmp,average_precision,True,oracle_protocol_comparison_diagnostic,oracle_privileged_training_diagnostic,oracle_shift_sensitivity_diagnostic,False,train_on_variant,train_clean_eval_all,train_on_variant - train_clean_eval_all,0.41739097019771393,0.4471068248245944,-0.029715854626880433,0.01622992723595419,-0.04900563880377862,-0.01556919830552452,6,3,2,paired_protocol_crossed_training_graph_seed_bootstrap,scenario
yelpchi,s0,camouflage_feature_oracle,0.3,pmp,f1_macro,True,oracle_protocol_comparison_diagnostic,oracle_privileged_training_diagnostic,oracle_shift_sensitivity_diagnostic,False,train_on_variant,train_clean_eval_all,train_on_variant - train_clean_eval_all,0.6612018980252039,0.665228898659338,-0.004027000634134081,0.006199038387940706,-0.009761959072836779,0.002113517309585644,6,3,2,paired_protocol_crossed_training_graph_seed_bootstrap,scenario
yelpchi,s0,camouflage_feature_oracle,0.3,secgfd,roc_auc,True,oracle_protocol_comparison_diagnostic,oracle_privileged_training_diagnostic,oracle_shift_sensitivity_diagnostic,False,train_on_variant,train_clean_eval_all,train_on_variant - train_clean_eval_all,0.7479654779195428,0.7236584740079414,0.024307003911601437,0.019109547043062693,0.0012899870129902864,0.04104787656103274,6,3,2,paired_protocol_crossed_training_graph_seed_bootstrap,scenario
yelpchi,s0,camouflage_feature_oracle,0.3,secgfd,average_precision,True,oracle_protocol_comparison_diagnostic,oracle_privileged_training_diagnostic,oracle_shift_sensitivity_diagnostic,False,train_on_variant,train_clean_eval_all,train_on_variant - train_clean_eval_all,0.3936440073403322,0.3732428030586242,0.02040120428170807,0.024711918775329206,-0.008602043903236193,0.043278568820720065,6,3,2,paired_protocol_crossed_training_graph_seed_bootstrap,scenario
yelpchi,s0,camouflage_feature_oracle,0.3,secgfd,f1_macro,True,oracle_protocol_comparison_diagnostic,oracle_privileged_training_diagnostic,oracle_shift_sensitivity_diagnostic,False,train_on_variant,train_clean_eval_all,train_on_variant - train_clean_eval_all,0.6512861378957135,0.6424996958312883,0.008786442064425212,0.010388088279901578,-0.004620835916918494,0.018095823811277095,6,3,2,paired_protocol_crossed_training_graph_seed_bootstrap,scenario
yelpchi,s0,camouflage_relation_oracle,0.0,mlp,roc_auc,True,oracle_protocol_comparison_diagnostic,oracle_privileged_training_diagnostic,oracle_shift_sensitivity_diagnostic,False,train_on_variant,train_clean_eval_all,train_on_variant - train_clean_eval_all,0.7812706633893618,0.7812706633893618,0.0,0.0,0.0,0.0,3,3,1,paired_protocol_crossed_training_graph_seed_bootstrap,clean
yelpchi,s0,camouflage_relation_oracle,0.0,mlp,average_precision,True,oracle_protocol_comparison_diagnostic,oracle_privileged_training_diagnostic,oracle_shift_sensitivity_diagnostic,False,train_on_variant,train_clean_eval_all,train_on_variant - train_clean_eval_all,0.39937979216947617,0.39937979216947617,0.0,0.0,0.0,0.0,3,3,1,paired_protocol_crossed_training_graph_seed_bootstrap,clean
yelpchi,s0,camouflage_relation_oracle,0.0,mlp,f1_macro,True,oracle_protocol_comparison_diagnostic,oracle_privileged_training_diagnostic,oracle_shift_sensitivity_diagnostic,False,train_on_variant,train_clean_eval_all,train_on_variant - train_clean_eval_all,0.6531843309265226,0.6531843309265226,0.0,0.0,0.0,0.0,3,3,1,paired_protocol_crossed_training_graph_seed_bootstrap,clean
yelpchi,s0,camouflage_relation_oracle,0.0,sage,roc_auc,True,oracle_protocol_comparison_diagnostic,oracle_privileged_training_diagnostic,oracle_shift_sensitivity_diagnostic,False,train_on_variant,train_clean_eval_all,train_on_variant - train_clean_eval_all,0.7917030310560143,0.7909852512071072,0.0007177798489070852,0.0014050221151798179,-0.0001745609786029112,0.0023373568545190793,3,3,1,paired_protocol_crossed_training_graph_seed_bootstrap,clean
yelpchi,s0,camouflage_relation_oracle,0.0,sage,average_precision,True,oracle_protocol_comparison_diagnostic,oracle_privileged_training_diagnostic,oracle_shift_sensitivity_diagnostic,False,train_on_variant,train_clean_eval_all,train_on_variant - train_clean_eval_all,0.42954172678053837,0.42708999760200883,0.002451729178529575,0.004260400033522313,-3.369709426859213e-05,0.007371125688228619,3,3,1,paired_protocol_crossed_training_graph_seed_bootstrap,clean
yelpchi,s0,camouflage_relation_oracle,0.0,sage,f1_macro,True,oracle_protocol_comparison_diagnostic,oracle_privileged_training_diagnostic,oracle_shift_sensitivity_diagnostic,False,train_on_variant,train_clean_eval_all,train_on_variant - train_clean_eval_all,0.6708279503970965,0.6697122615898071,0.0011156888072893316,0.0016576217474224858,-1.812723255079085e-05,0.00301809514183915,3,3,1,paired_protocol_crossed_training_graph_seed_bootstrap,clean
yelpchi,s0,camouflage_relation_oracle,0.0,pmp,roc_auc,True,oracle_protocol_comparison_diagnostic,oracle_privileged_training_diagnostic,oracle_shift_sensitivity_diagnostic,False,train_on_variant,train_clean_eval_all,train_on_variant - train_clean_eval_all,0.849193776874713,0.849193776874713,0.0,0.0,0.0,0.0,3,3,1,paired_protocol_crossed_training_graph_seed_bootstrap,clean
yelpchi,s0,camouflage_relation_oracle,0.0,pmp,average_precision,True,oracle_protocol_comparison_diagnostic,oracle_privileged_training_diagnostic,oracle_shift_sensitivity_diagnostic,False,train_on_variant,train_clean_eval_all,train_on_variant - train_clean_eval_all,0.5677252637869848,0.5677252637869848,0.0,0.0,0.0,0.0,3,3,1,paired_protocol_crossed_training_graph_seed_bootstrap,clean
yelpchi,s0,camouflage_relation_oracle,0.0,pmp,f1_macro,True,oracle_protocol_comparison_diagnostic,oracle_privileged_training_diagnostic,oracle_shift_sensitivity_diagnostic,False,train_on_variant,train_clean_eval_all,train_on_variant - train_clean_eval_all,0.719663923941368,0.719663923941368,0.0,0.0,0.0,0.0,3,3,1,paired_protocol_crossed_training_graph_seed_bootstrap,clean
yelpchi,s0,camouflage_relation_oracle,0.0,secgfd,roc_auc,True,oracle_protocol_comparison_diagnostic,oracle_privileged_training_diagnostic,oracle_shift_sensitivity_diagnostic,False,train_on_variant,train_clean_eval_all,train_on_variant - train_clean_eval_all,0.8125170309203386,0.8140815809826377,-0.0015645500622990527,0.001765183535894405,-0.0035871882126785604,-0.00033511610943082193,3,3,1,paired_protocol_crossed_training_graph_seed_bootstrap,clean
yelpchi,s0,camouflage_relation_oracle,0.0,secgfd,average_precision,True,oracle_protocol_comparison_diagnostic,oracle_privileged_training_diagnostic,oracle_shift_sensitivity_diagnostic,False,train_on_variant,train_clean_eval_all,train_on_variant - train_clean_eval_all,0.4709483353668929,0.47551589125343435,-0.004567555886541452,0.004180190203645746,-0.007278173839947999,0.0002465683312029565,3,3,1,paired_protocol_crossed_training_graph_seed_bootstrap,clean
yelpchi,s0,camouflage_relation_oracle,0.0,secgfd,f1_macro,True,oracle_protocol_comparison_diagnostic,oracle_privileged_training_diagnostic,oracle_shift_sensitivity_diagnostic,False,train_on_variant,train_clean_eval_all,train_on_variant - train_clean_eval_all,0.687730212869523,0.6896884499828166,-0.0019582371132937557,0.0022190102414721214,-0.004275963372697755,0.00014673129152831255,3,3,1,paired_protocol_crossed_training_graph_seed_bootstrap,clean
yelpchi,s0,camouflage_relation_oracle,0.15,mlp,roc_auc,True,oracle_protocol_comparison_diagnostic,oracle_privileged_training_diagnostic,oracle_shift_sensitivity_diagnostic,False,train_on_variant,train_clean_eval_all,train_on_variant - train_clean_eval_all,0.7812706633893618,0.7812706633893618,0.0,0.0,0.0,0.0,6,3,2,paired_protocol_crossed_training_graph_seed_bootstrap,scenario
yelpchi,s0,camouflage_relation_oracle,0.15,mlp,average_precision,True,oracle_protocol_comparison_diagnostic,oracle_privileged_training_diagnostic,oracle_shift_sensitivity_diagnostic,False,train_on_variant,train_clean_eval_all,train_on_variant - train_clean_eval_all,0.39937979216947617,0.39937979216947617,0.0,0.0,0.0,0.0,6,3,2,paired_protocol_crossed_training_graph_seed_bootstrap,scenario
yelpchi,s0,camouflage_relation_oracle,0.15,mlp,f1_macro,True,oracle_protocol_comparison_diagnostic,oracle_privileged_training_diagnostic,oracle_shift_sensitivity_diagnostic,False,train_on_variant,train_clean_eval_all,train_on_variant - train_clean_eval_all,0.6531843309265226,0.6531843309265226,0.0,0.0,0.0,0.0,6,3,2,paired_protocol_crossed_training_graph_seed_bootstrap,scenario
yelpchi,s0,camouflage_relation_oracle,0.15,sage,roc_auc,True,oracle_protocol_comparison_diagnostic,oracle_privileged_training_diagnostic,oracle_shift_sensitivity_diagnostic,False,train_on_variant,train_clean_eval_all,train_on_variant - train_clean_eval_all,0.7248600491068524,0.7908886473806461,-0.06602859827379355,0.07690575663864838,-0.1536935953385998,0.0018068814001324836,6,3,2,paired_protocol_crossed_training_graph_seed_bootstrap,scenario
yelpchi,s0,camouflage_relation_oracle,0.15,sage,average_precision,True,oracle_protocol_comparison_diagnostic,oracle_privileged_training_diagnostic,oracle_shift_sensitivity_diagnostic,False,train_on_variant,train_clean_eval_all,train_on_variant - train_clean_eval_all,0.3291626181470558,0.42694597497253856,-0.09778335682548271,0.11032701707417465,-0.20857153252346025,0.003694601328258477,6,3,2,paired_protocol_crossed_training_graph_seed_bootstrap,scenario
yelpchi,s0,camouflage_relation_oracle,0.15,sage,f1_macro,True,oracle_protocol_comparison_diagnostic,oracle_privileged_training_diagnostic,oracle_shift_sensitivity_diagnostic,False,train_on_variant,train_clean_eval_all,train_on_variant - train_clean_eval_all,0.6212445209430275,0.669703864954839,-0.04845934401181157,0.055626987301668325,-0.10904080461221528,0.002614120100023561,6,3,2,paired_protocol_crossed_training_graph_seed_bootstrap,scenario
yelpchi,s0,camouflage_relation_oracle,0.15,pmp,roc_auc,True,oracle_protocol_comparison_diagnostic,oracle_privileged_training_diagnostic,oracle_shift_sensitivity_diagnostic,False,train_on_variant,train_clean_eval_all,train_on_variant - train_clean_eval_all,0.8463191123481143,0.8491436150579443,-0.002824502709829831,0.0032599195088540696,-0.0047572838983438075,0.0013185902253537811,6,3,2,paired_protocol_crossed_training_graph_seed_bootstrap,scenario
yelpchi,s0,camouflage_relation_oracle,0.15,pmp,average_precision,True,oracle_protocol_comparison_diagnostic,oracle_privileged_training_diagnostic,oracle_shift_sensitivity_diagnostic,False,train_on_variant,train_clean_eval_all,train_on_variant - train_clean_eval_all,0.5552203226155087,0.5652118779477563,-0.009991555332247659,0.01693509605168421,-0.02909369788369483,0.010264871558630243,6,3,2,paired_protocol_crossed_training_graph_seed_bootstrap,scenario
yelpchi,s0,camouflage_relation_oracle,0.15,pmp,f1_macro,True,oracle_protocol_comparison_diagnostic,oracle_privileged_training_diagnostic,oracle_shift_sensitivity_diagnostic,False,train_on_variant,train_clean_eval_all,train_on_variant - train_clean_eval_all,0.7190103950597649,0.7179520192831625,0.0010583757766023198,0.008072033617997828,-0.005109057132001327,0.011561583404054332,6,3,2,paired_protocol_crossed_training_graph_seed_bootstrap,scenario
yelpchi,s0,camouflage_relation_oracle,0.15,secgfd,roc_auc,True,oracle_protocol_comparison_diagnostic,oracle_privileged_training_diagnostic,oracle_shift_sensitivity_diagnostic,False,train_on_variant,train_clean_eval_all,train_on_variant - train_clean_eval_all,0.8129728045500141,0.8141906642259015,-0.0012178596758875375,0.0027458240746445375,-0.0032760424288896806,0.002043972454784974,6,3,2,paired_protocol_crossed_training_graph_seed_bootstrap,scenario
yelpchi,s0,camouflage_relation_oracle,0.15,secgfd,average_precision,True,oracle_protocol_comparison_diagnostic,oracle_privileged_training_diagnostic,oracle_shift_sensitivity_diagnostic,False,train_on_variant,train_clean_eval_all,train_on_variant - train_clean_eval_all,0.46987946326723584,0.47574454112262804,-0.005865077855392291,0.005628274035704299,-0.00977689380797179,0.0016728496141975209,6,3,2,paired_protocol_crossed_training_graph_seed_bootstrap,scenario
yelpchi,s0,camouflage_relation_oracle,0.15,secgfd,f1_macro,True,oracle_protocol_comparison_diagnostic,oracle_privileged_training_diagnostic,oracle_shift_sensitivity_diagnostic,False,train_on_variant,train_clean_eval_all,train_on_variant - train_clean_eval_all,0.6896871125670537,0.6899167085931777,-0.00022959602612389793,0.0032857265961423344,-0.0039006462922312655,0.0033604423686384908,6,3,2,paired_protocol_crossed_training_graph_seed_bootstrap,scenario
yelpchi,s0,camouflage_relation_oracle,0.3,mlp,roc_auc,True,oracle_protocol_comparison_diagnostic,oracle_privileged_training_diagnostic,oracle_shift_sensitivity_diagnostic,False,train_on_variant,train_clean_eval_all,train_on_variant - train_clean_eval_all,0.7812706633893618,0.7812706633893618,0.0,0.0,0.0,0.0,6,3,2,paired_protocol_crossed_training_graph_seed_bootstrap,scenario
yelpchi,s0,camouflage_relation_oracle,0.3,mlp,average_precision,True,oracle_protocol_comparison_diagnostic,oracle_privileged_training_diagnostic,oracle_shift_sensitivity_diagnostic,False,train_on_variant,train_clean_eval_all,train_on_variant - train_clean_eval_all,0.39937979216947617,0.39937979216947617,0.0,0.0,0.0,0.0,6,3,2,paired_protocol_crossed_training_graph_seed_bootstrap,scenario
yelpchi,s0,camouflage_relation_oracle,0.3,mlp,f1_macro,True,oracle_protocol_comparison_diagnostic,oracle_privileged_training_diagnostic,oracle_shift_sensitivity_diagnostic,False,train_on_variant,train_clean_eval_all,train_on_variant - train_clean_eval_all,0.6531843309265226,0.6531843309265226,0.0,0.0,0.0,0.0,6,3,2,paired_protocol_crossed_training_graph_seed_bootstrap,scenario
yelpchi,s0,camouflage_relation_oracle,0.3,sage,roc_auc,True,oracle_protocol_comparison_diagnostic,oracle_privileged_training_diagnostic,oracle_shift_sensitivity_diagnostic,False,train_on_variant,train_clean_eval_all,train_on_variant - train_clean_eval_all,0.7618980768573596,0.7907692106081878,-0.028871133750828264,0.0712763731535506,-0.1155809284244647,0.003014326013197658,6,3,2,paired_protocol_crossed_training_graph_seed_bootstrap,scenario
yelpchi,s0,camouflage_relation_oracle,0.3,sage,average_precision,True,oracle_protocol_comparison_diagnostic,oracle_privileged_training_diagnostic,oracle_shift_sensitivity_diagnostic,False,train_on_variant,train_clean_eval_all,train_on_variant - train_clean_eval_all,0.390588980021428,0.42682665538272274,-0.03623767536129479,0.08959882046273951,-0.1449944030337528,0.0039988331560449715,6,3,2,paired_protocol_crossed_training_graph_seed_bootstrap,scenario
yelpchi,s0,camouflage_relation_oracle,0.3,sage,f1_macro,True,oracle_protocol_comparison_diagnostic,oracle_privileged_training_diagnostic,oracle_shift_sensitivity_diagnostic,False,train_on_variant,train_clean_eval_all,train_on_variant - train_clean_eval_all,0.649268894216403,0.6695241861016011,-0.0202552918851982,0.04793699206884815,-0.07861429046166253,0.0010478366586788024,6,3,2,paired_protocol_crossed_training_graph_seed_bootstrap,scenario
yelpchi,s0,camouflage_relation_oracle,0.3,pmp,roc_auc,True,oracle_protocol_comparison_diagnostic,oracle_privileged_training_diagnostic,oracle_shift_sensitivity_diagnostic,False,train_on_variant,train_clean_eval_all,train_on_variant - train_clean_eval_all,0.8460377091412897,0.8499097881280463,-0.003872078986756622,0.006012801074712619,-0.00925795668718569,0.0022809880811188363,6,3,2,paired_protocol_crossed_training_graph_seed_bootstrap,scenario
yelpchi,s0,camouflage_relation_oracle,0.3,pmp,average_precision,True,oracle_protocol_comparison_diagnostic,oracle_privileged_training_diagnostic,oracle_shift_sensitivity_diagnostic,False,train_on_variant,train_clean_eval_all,train_on_variant - train_clean_eval_all,0.5490791677585565,0.5684362323347804,-0.01935706457622388,0.015330536951581491,-0.03075609140728704,-0.005853270585065314,6,3,2,paired_protocol_crossed_training_graph_seed_bootstrap,scenario
yelpchi,s0,camouflage_relation_oracle,0.3,pmp,f1_macro,True,oracle_protocol_comparison_diagnostic,oracle_privileged_training_diagnostic,oracle_shift_sensitivity_diagnostic,False,train_on_variant,train_clean_eval_all,train_on_variant - train_clean_eval_all,0.7175585036410932,0.7191034909928122,-0.001544987351719133,0.006010327463462175,-0.009202319456420102,0.002135245388617091,6,3,2,paired_protocol_crossed_training_graph_seed_bootstrap,scenario
yelpchi,s0,camouflage_relation_oracle,0.3,secgfd,roc_auc,True,oracle_protocol_comparison_diagnostic,oracle_privileged_training_diagnostic,oracle_shift_sensitivity_diagnostic,False,train_on_variant,train_clean_eval_all,train_on_variant - train_clean_eval_all,0.8135487732052443,0.8143417550877116,-0.0007929818824672363,0.0024653747799850533,-0.003702533991335022,0.0015912000782040692,6,3,2,paired_protocol_crossed_training_graph_seed_bootstrap,scenario
yelpchi,s0,camouflage_relation_oracle,0.3,secgfd,average_precision,True,oracle_protocol_comparison_diagnostic,oracle_privileged_training_diagnostic,oracle_shift_sensitivity_diagnostic,False,train_on_variant,train_clean_eval_all,train_on_variant - train_clean_eval_all,0.4719988223753278,0.47597699323536186,-0.003978170860034029,0.007158195001471434,-0.012501927732025936,0.0025912383633435176,6,3,2,paired_protocol_crossed_training_graph_seed_bootstrap,scenario
yelpchi,s0,camouflage_relation_oracle,0.3,secgfd,f1_macro,True,oracle_protocol_comparison_diagnostic,oracle_privileged_training_diagnostic,oracle_shift_sensitivity_diagnostic,False,train_on_variant,train_clean_eval_all,train_on_variant - train_clean_eval_all,0.688491299272726,0.6902540219145298,-0.001762722641803956,0.0028793009055235654,-0.0040913081228989845,0.0005541481562124639,6,3,2,paired_protocol_crossed_training_graph_seed_bootstrap,scenario
yelpchi,s0,noise_edges_uniform,0.0,mlp,roc_auc,False,non_oracle_controlled_stress,non_oracle_controlled_stress,non_oracle_controlled_stress,True,train_on_variant,train_clean_eval_all,train_on_variant - train_clean_eval_all,0.7812706633893618,0.7812706633893618,0.0,0.0,0.0,0.0,3,3,1,paired_protocol_crossed_training_graph_seed_bootstrap,clean
yelpchi,s0,noise_edges_uniform,0.0,mlp,average_precision,False,non_oracle_controlled_stress,non_oracle_controlled_stress,non_oracle_controlled_stress,True,train_on_variant,train_clean_eval_all,train_on_variant - train_clean_eval_all,0.39937979216947617,0.39937979216947617,0.0,0.0,0.0,0.0,3,3,1,paired_protocol_crossed_training_graph_seed_bootstrap,clean
yelpchi,s0,noise_edges_uniform,0.0,mlp,f1_macro,False,non_oracle_controlled_stress,non_oracle_controlled_stress,non_oracle_controlled_stress,True,train_on_variant,train_clean_eval_all,train_on_variant - train_clean_eval_all,0.6531843309265226,0.6531843309265226,0.0,0.0,0.0,0.0,3,3,1,paired_protocol_crossed_training_graph_seed_bootstrap,clean
yelpchi,s0,noise_edges_uniform,0.0,sage,roc_auc,False,non_oracle_controlled_stress,non_oracle_controlled_stress,non_oracle_controlled_stress,True,train_on_variant,train_clean_eval_all,train_on_variant - train_clean_eval_all,0.7917030310560143,0.7909852512071072,0.0007177798489070852,0.0014050221151798179,-0.0001745609786029112,0.0023373568545190793,3,3,1,paired_protocol_crossed_training_graph_seed_bootstrap,clean
yelpchi,s0,noise_edges_uniform,0.0,sage,average_precision,False,non_oracle_controlled_stress,non_oracle_controlled_stress,non_oracle_controlled_stress,True,train_on_variant,train_clean_eval_all,train_on_variant - train_clean_eval_all,0.42954172678053837,0.42708999760200883,0.002451729178529575,0.004260400033522313,-3.369709426859213e-05,0.007371125688228619,3,3,1,paired_protocol_crossed_training_graph_seed_bootstrap,clean
yelpchi,s0,noise_edges_uniform,0.0,sage,f1_macro,False,non_oracle_controlled_stress,non_oracle_controlled_stress,non_oracle_controlled_stress,True,train_on_variant,train_clean_eval_all,train_on_variant - train_clean_eval_all,0.6708279503970965,0.6697122615898071,0.0011156888072893316,0.0016576217474224858,-1.812723255079085e-05,0.00301809514183915,3,3,1,paired_protocol_crossed_training_graph_seed_bootstrap,clean
yelpchi,s0,noise_edges_uniform,0.0,pmp,roc_auc,False,non_oracle_controlled_stress,non_oracle_controlled_stress,non_oracle_controlled_stress,True,train_on_variant,train_clean_eval_all,train_on_variant - train_clean_eval_all,0.849193776874713,0.849193776874713,0.0,0.0,0.0,0.0,3,3,1,paired_protocol_crossed_training_graph_seed_bootstrap,clean
yelpchi,s0,noise_edges_uniform,0.0,pmp,average_precision,False,non_oracle_controlled_stress,non_oracle_controlled_stress,non_oracle_controlled_stress,True,train_on_variant,train_clean_eval_all,train_on_variant - train_clean_eval_all,0.5677252637869848,0.5677252637869848,0.0,0.0,0.0,0.0,3,3,1,paired_protocol_crossed_training_graph_seed_bootstrap,clean
yelpchi,s0,noise_edges_uniform,0.0,pmp,f1_macro,False,non_oracle_controlled_stress,non_oracle_controlled_stress,non_oracle_controlled_stress,True,train_on_variant,train_clean_eval_all,train_on_variant - train_clean_eval_all,0.719663923941368,0.719663923941368,0.0,0.0,0.0,0.0,3,3,1,paired_protocol_crossed_training_graph_seed_bootstrap,clean
yelpchi,s0,noise_edges_uniform,0.0,secgfd,roc_auc,False,non_oracle_controlled_stress,non_oracle_controlled_stress,non_oracle_controlled_stress,True,train_on_variant,train_clean_eval_all,train_on_variant - train_clean_eval_all,0.8125170309203386,0.8140815809826377,-0.0015645500622990527,0.001765183535894405,-0.0035871882126785604,-0.00033511610943082193,3,3,1,paired_protocol_crossed_training_graph_seed_bootstrap,clean
yelpchi,s0,noise_edges_uniform,0.0,secgfd,average_precision,False,non_oracle_controlled_stress,non_oracle_controlled_stress,non_oracle_controlled_stress,True,train_on_variant,train_clean_eval_all,train_on_variant - train_clean_eval_all,0.4709483353668929,0.47551589125343435,-0.004567555886541452,0.004180190203645746,-0.007278173839947999,0.0002465683312029565,3,3,1,paired_protocol_crossed_training_graph_seed_bootstrap,clean
yelpchi,s0,noise_edges_uniform,0.0,secgfd,f1_macro,False,non_oracle_controlled_stress,non_oracle_controlled_stress,non_oracle_controlled_stress,True,train_on_variant,train_clean_eval_all,train_on_variant - train_clean_eval_all,0.687730212869523,0.6896884499828166,-0.0019582371132937557,0.0022190102414721214,-0.004275963372697755,0.00014673129152831255,3,3,1,paired_protocol_crossed_training_graph_seed_bootstrap,clean
yelpchi,s0,noise_edges_uniform,0.1,mlp,roc_auc,False,non_oracle_controlled_stress,non_oracle_controlled_stress,non_oracle_controlled_stress,True,train_on_variant,train_clean_eval_all,train_on_variant - train_clean_eval_all,0.7812706633893618,0.7812706633893618,0.0,0.0,0.0,0.0,6,3,2,paired_protocol_crossed_training_graph_seed_bootstrap,scenario
yelpchi,s0,noise_edges_uniform,0.1,mlp,average_precision,False,non_oracle_controlled_stress,non_oracle_controlled_stress,non_oracle_controlled_stress,True,train_on_variant,train_clean_eval_all,train_on_variant - train_clean_eval_all,0.39937979216947617,0.39937979216947617,0.0,0.0,0.0,0.0,6,3,2,paired_protocol_crossed_training_graph_seed_bootstrap,scenario
yelpchi,s0,noise_edges_uniform,0.1,mlp,f1_macro,False,non_oracle_controlled_stress,non_oracle_controlled_stress,non_oracle_controlled_stress,True,train_on_variant,train_clean_eval_all,train_on_variant - train_clean_eval_all,0.6531843309265226,0.6531843309265226,0.0,0.0,0.0,0.0,6,3,2,paired_protocol_crossed_training_graph_seed_bootstrap,scenario
yelpchi,s0,noise_edges_uniform,0.1,sage,roc_auc,False,non_oracle_controlled_stress,non_oracle_controlled_stress,non_oracle_controlled_stress,True,train_on_variant,train_clean_eval_all,train_on_variant - train_clean_eval_all,0.6947743010827886,0.7891239959141035,-0.09434969483131499,0.07541494743946614,-0.17062118483564948,-0.0038132826124736563,6,3,2,paired_protocol_crossed_training_graph_seed_bootstrap,scenario
yelpchi,s0,noise_edges_uniform,0.1,sage,average_precision,False,non_oracle_controlled_stress,non_oracle_controlled_stress,non_oracle_controlled_stress,True,train_on_variant,train_clean_eval_all,train_on_variant - train_clean_eval_all,0.29471324932779164,0.4218193719821681,-0.12710612265437657,0.09651039305914333,-0.2030290460513526,-0.0036063274920991595,6,3,2,paired_protocol_crossed_training_graph_seed_bootstrap,scenario
yelpchi,s0,noise_edges_uniform,0.1,sage,f1_macro,False,non_oracle_controlled_stress,non_oracle_controlled_stress,non_oracle_controlled_stress,True,train_on_variant,train_clean_eval_all,train_on_variant - train_clean_eval_all,0.5995519299077532,0.6658234360538939,-0.06627150614614079,0.04898393146564545,-0.11057383640895035,-0.005076739012825682,6,3,2,paired_protocol_crossed_training_graph_seed_bootstrap,scenario
yelpchi,s0,noise_edges_uniform,0.1,pmp,roc_auc,False,non_oracle_controlled_stress,non_oracle_controlled_stress,non_oracle_controlled_stress,True,train_on_variant,train_clean_eval_all,train_on_variant - train_clean_eval_all,0.8414178099852992,0.8392473204208946,0.0021704895644047983,0.005611184078613162,-0.0028416983814956534,0.009344167285337676,6,3,2,paired_protocol_crossed_training_graph_seed_bootstrap,scenario
yelpchi,s0,noise_edges_uniform,0.1,pmp,average_precision,False,non_oracle_controlled_stress,non_oracle_controlled_stress,non_oracle_controlled_stress,True,train_on_variant,train_clean_eval_all,train_on_variant - train_clean_eval_all,0.5362906869903737,0.5336137088030459,0.0026769781873279643,0.025581201548084985,-0.02125110429830479,0.034950666363760395,6,3,2,paired_protocol_crossed_training_graph_seed_bootstrap,scenario
yelpchi,s0,noise_edges_uniform,0.1,pmp,f1_macro,False,non_oracle_controlled_stress,non_oracle_controlled_stress,non_oracle_controlled_stress,True,train_on_variant,train_clean_eval_all,train_on_variant - train_clean_eval_all,0.7091592609752503,0.7060612784134691,0.003097982561781213,0.008046223080888057,-0.007518045742639738,0.010712569794129415,6,3,2,paired_protocol_crossed_training_graph_seed_bootstrap,scenario
yelpchi,s0,noise_edges_uniform,0.1,secgfd,roc_auc,False,non_oracle_controlled_stress,non_oracle_controlled_stress,non_oracle_controlled_stress,True,train_on_variant,train_clean_eval_all,train_on_variant - train_clean_eval_all,0.8153040259063085,0.8118175880926538,0.0034864378136547636,0.0041347843499860105,0.0006986309807828217,0.008538013236510747,6,3,2,paired_protocol_crossed_training_graph_seed_bootstrap,scenario
yelpchi,s0,noise_edges_uniform,0.1,secgfd,average_precision,False,non_oracle_controlled_stress,non_oracle_controlled_stress,non_oracle_controlled_stress,True,train_on_variant,train_clean_eval_all,train_on_variant - train_clean_eval_all,0.47412442384934667,0.46871773730537325,0.005406686543973434,0.011701535956282223,-0.0049283106848991565,0.019455195518882324,6,3,2,paired_protocol_crossed_training_graph_seed_bootstrap,scenario
yelpchi,s0,noise_edges_uniform,0.1,secgfd,f1_macro,False,non_oracle_controlled_stress,non_oracle_controlled_stress,non_oracle_controlled_stress,True,train_on_variant,train_clean_eval_all,train_on_variant - train_clean_eval_all,0.692724432921322,0.68875172564042,0.003972707280902025,0.0038741007906482982,0.0010272452857437904,0.008091855261093017,6,3,2,paired_protocol_crossed_training_graph_seed_bootstrap,scenario
yelpchi,s0,noise_edges_uniform,0.2,mlp,roc_auc,False,non_oracle_controlled_stress,non_oracle_controlled_stress,non_oracle_controlled_stress,True,train_on_variant,train_clean_eval_all,train_on_variant - train_clean_eval_all,0.7812706633893618,0.7812706633893618,0.0,0.0,0.0,0.0,6,3,2,paired_protocol_crossed_training_graph_seed_bootstrap,scenario
yelpchi,s0,noise_edges_uniform,0.2,mlp,average_precision,False,non_oracle_controlled_stress,non_oracle_controlled_stress,non_oracle_controlled_stress,True,train_on_variant,train_clean_eval_all,train_on_variant - train_clean_eval_all,0.39937979216947617,0.39937979216947617,0.0,0.0,0.0,0.0,6,3,2,paired_protocol_crossed_training_graph_seed_bootstrap,scenario
yelpchi,s0,noise_edges_uniform,0.2,mlp,f1_macro,False,non_oracle_controlled_stress,non_oracle_controlled_stress,non_oracle_controlled_stress,True,train_on_variant,train_clean_eval_all,train_on_variant - train_clean_eval_all,0.6531843309265226,0.6531843309265226,0.0,0.0,0.0,0.0,6,3,2,paired_protocol_crossed_training_graph_seed_bootstrap,scenario
yelpchi,s0,noise_edges_uniform,0.2,sage,roc_auc,False,non_oracle_controlled_stress,non_oracle_controlled_stress,non_oracle_controlled_stress,True,train_on_variant,train_clean_eval_all,train_on_variant - train_clean_eval_all,0.6947155265430188,0.7877402237118177,-0.0930246971687989,0.07388453960325603,-0.16790568200094214,-0.004415135090689304,6,3,2,paired_protocol_crossed_training_graph_seed_bootstrap,scenario
yelpchi,s0,noise_edges_uniform,0.2,sage,average_precision,False,non_oracle_controlled_stress,non_oracle_controlled_stress,non_oracle_controlled_stress,True,train_on_variant,train_clean_eval_all,train_on_variant - train_clean_eval_all,0.2973490300687383,0.4185808171619915,-0.1212317870932532,0.09186925337593667,-0.19468051241655573,-0.0038646968939231585,6,3,2,paired_protocol_crossed_training_graph_seed_bootstrap,scenario
yelpchi,s0,noise_edges_uniform,0.2,sage,f1_macro,False,non_oracle_controlled_stress,non_oracle_controlled_stress,non_oracle_controlled_stress,True,train_on_variant,train_clean_eval_all,train_on_variant - train_clean_eval_all,0.6021319559351259,0.6642600376324136,-0.06212808169728754,0.046701186047578815,-0.1047618245171949,-0.003902934547425463,6,3,2,paired_protocol_crossed_training_graph_seed_bootstrap,scenario
yelpchi,s0,noise_edges_uniform,0.2,pmp,roc_auc,False,non_oracle_controlled_stress,non_oracle_controlled_stress,non_oracle_controlled_stress,True,train_on_variant,train_clean_eval_all,train_on_variant - train_clean_eval_all,0.8376276461524507,0.8331443119520888,0.004483334200361992,0.007549951600251748,-0.0018295019558642507,0.010444551325048512,6,3,2,paired_protocol_crossed_training_graph_seed_bootstrap,scenario
yelpchi,s0,noise_edges_uniform,0.2,pmp,average_precision,False,non_oracle_controlled_stress,non_oracle_controlled_stress,non_oracle_controlled_stress,True,train_on_variant,train_clean_eval_all,train_on_variant - train_clean_eval_all,0.522771982451381,0.5178104655013964,0.004961516949984442,0.02011556249148948,-0.014029712200747224,0.027699600257929242,6,3,2,paired_protocol_crossed_training_graph_seed_bootstrap,scenario
yelpchi,s0,noise_edges_uniform,0.2,pmp,f1_macro,False,non_oracle_controlled_stress,non_oracle_controlled_stress,non_oracle_controlled_stress,True,train_on_variant,train_clean_eval_all,train_on_variant - train_clean_eval_all,0.7087632848419512,0.7010917824084179,0.007671502433533428,0.009676629816506892,-0.001864498261407388,0.017058842801717173,6,3,2,paired_protocol_crossed_training_graph_seed_bootstrap,scenario
yelpchi,s0,noise_edges_uniform,0.2,secgfd,roc_auc,False,non_oracle_controlled_stress,non_oracle_controlled_stress,non_oracle_controlled_stress,True,train_on_variant,train_clean_eval_all,train_on_variant - train_clean_eval_all,0.8173073027982984,0.8104065564930476,0.006900746305251004,0.010572540554372036,-0.002728293889563027,0.018731392230813326,6,3,2,paired_protocol_crossed_training_graph_seed_bootstrap,scenario
yelpchi,s0,noise_edges_uniform,0.2,secgfd,average_precision,False,non_oracle_controlled_stress,non_oracle_controlled_stress,non_oracle_controlled_stress,True,train_on_variant,train_clean_eval_all,train_on_variant - train_clean_eval_all,0.47827497282361525,0.46505944132283666,0.013215531500778532,0.02017732312707074,-0.006429487737312649,0.032623230034862616,6,3,2,paired_protocol_crossed_training_graph_seed_bootstrap,scenario
yelpchi,s0,noise_edges_uniform,0.2,secgfd,f1_macro,False,non_oracle_controlled_stress,non_oracle_controlled_stress,non_oracle_controlled_stress,True,train_on_variant,train_clean_eval_all,train_on_variant - train_clean_eval_all,0.6929278677698546,0.6872208156632357,0.005707052106618908,0.007780072944092074,-0.0005701400616776967,0.014294887862908556,6,3,2,paired_protocol_crossed_training_graph_seed_bootstrap,scenario
