dataset_id,split_id,scenario_id,model_id,protocol,metric,oracle_labels,claim_scope,operational_ranking_eligible,robustness_auc_mean,robustness_auc_std,robustness_auc_ci_lower,robustness_auc_ci_upper,robustness_avg_metric_mean,robustness_avg_metric_std,robustness_avg_metric_ci_lower,robustness_avg_metric_ci_upper,min_n_runs_per_severity,n_paired_seed_cells,n_training_seeds,n_graph_seeds,ci_method
yelpchi,s0,heterophily_rewire_oracle,mlp,train_clean_eval_all,roc_auc,True,oracle_shift_sensitivity_diagnostic,False,0.23438119901680854,0.007723272590080766,0.22441138280973694,0.2394812069629834,0.7812706633893618,0.025744241966935883,0.7480379426991232,0.7982706898766113,3,6,3,2,paired_curve_crossed_training_graph_seed_bootstrap
yelpchi,s0,heterophily_rewire_oracle,sage,train_clean_eval_all,roc_auc,True,oracle_shift_sensitivity_diagnostic,False,0.2333351307107653,0.0024933739790459417,0.23036504494471788,0.23587969253067184,0.7777837690358845,0.00831124659681983,0.7678834831490596,0.7862656417689061,3,6,3,2,paired_curve_crossed_training_graph_seed_bootstrap
yelpchi,s0,heterophily_rewire_oracle,pmp,train_clean_eval_all,roc_auc,True,oracle_shift_sensitivity_diagnostic,False,0.23909874846793175,0.0006189588355189633,0.23860964246881744,0.2398104884934814,0.7969958282264392,0.002063196118396514,0.7953654748960582,0.7993682949782714,3,6,3,2,paired_curve_crossed_training_graph_seed_bootstrap
yelpchi,s0,heterophily_rewire_oracle,secgfd,train_clean_eval_all,roc_auc,True,oracle_shift_sensitivity_diagnostic,False,0.20263412614967047,0.004640520652109924,0.19670684943599306,0.20634367035960535,0.6754470871655682,0.015468402173699748,0.655689498119977,0.687812234532018,3,6,3,2,paired_curve_crossed_training_graph_seed_bootstrap
yelpchi,s0,heterophily_rewire_oracle,mlp,train_clean_eval_all,average_precision,True,oracle_shift_sensitivity_diagnostic,False,0.11981393765084285,0.01467344952346291,0.10087472831431187,0.12962619874661327,0.39937979216947617,0.04891149841154304,0.3362490943810395,0.43208732915537756,3,6,3,2,paired_curve_crossed_training_graph_seed_bootstrap
yelpchi,s0,heterophily_rewire_oracle,sage,train_clean_eval_all,average_precision,True,oracle_shift_sensitivity_diagnostic,False,0.12038402721071974,0.005128346124827811,0.11434976233410936,0.1257432089362135,0.40128009070239923,0.01709448708275937,0.3811658744470312,0.41914402978737825,3,6,3,2,paired_curve_crossed_training_graph_seed_bootstrap
yelpchi,s0,heterophily_rewire_oracle,pmp,train_clean_eval_all,average_precision,True,oracle_shift_sensitivity_diagnostic,False,0.1348506408351746,0.002506414619553367,0.13199483966482178,0.13742570299890836,0.4495021361172487,0.008354715398511228,0.4399827988827392,0.45808567666302796,3,6,3,2,paired_curve_crossed_training_graph_seed_bootstrap
yelpchi,s0,heterophily_rewire_oracle,secgfd,train_clean_eval_all,average_precision,True,oracle_shift_sensitivity_diagnostic,False,0.0889840016532661,0.004666047470072424,0.08341192666337156,0.09375198607966033,0.2966133388442204,0.015553491566908093,0.27803975554457194,0.31250662026553444,3,6,3,2,paired_curve_crossed_training_graph_seed_bootstrap
yelpchi,s0,heterophily_rewire_oracle,mlp,train_clean_eval_all,f1_macro,True,oracle_shift_sensitivity_diagnostic,False,0.19595529927795677,0.006321795399285108,0.18779390881159982,0.20004826560608316,0.6531843309265226,0.02107265133095037,0.625979696038666,0.6668275520202772,3,6,3,2,paired_curve_crossed_training_graph_seed_bootstrap
yelpchi,s0,heterophily_rewire_oracle,sage,train_clean_eval_all,f1_macro,True,oracle_shift_sensitivity_diagnostic,False,0.19725678368570762,0.0015089254109689199,0.19535769019998506,0.1985389800765094,0.6575226122856921,0.005029751369896408,0.6511923006666169,0.6617966002550314,3,6,3,2,paired_curve_crossed_training_graph_seed_bootstrap
yelpchi,s0,heterophily_rewire_oracle,pmp,train_clean_eval_all,f1_macro,True,oracle_shift_sensitivity_diagnostic,False,0.20063172678193644,0.0025821749388244834,0.1976612438423113,0.20336015819982353,0.6687724226064549,0.008607249796081618,0.6588708128077042,0.6778671939994118,3,6,3,2,paired_curve_crossed_training_graph_seed_bootstrap
yelpchi,s0,heterophily_rewire_oracle,secgfd,train_clean_eval_all,f1_macro,True,oracle_shift_sensitivity_diagnostic,False,0.17737398193886045,0.0024582534041527877,0.1742432623971467,0.1793881358664684,0.5912466064628682,0.008194178013842604,0.5808108746571556,0.597960452888228,3,6,3,2,paired_curve_crossed_training_graph_seed_bootstrap
yelpchi,s0,heterophily_rewire_nonoracle,mlp,train_clean_eval_all,roc_auc,False,non_oracle_controlled_stress,True,0.23438119901680854,0.007723272590080766,0.22441138280973694,0.2394812069629834,0.7812706633893618,0.025744241966935883,0.7480379426991232,0.7982706898766113,3,6,3,2,paired_curve_crossed_training_graph_seed_bootstrap
yelpchi,s0,heterophily_rewire_nonoracle,sage,train_clean_eval_all,roc_auc,False,non_oracle_controlled_stress,True,0.2362943818935925,0.0016046903167557382,0.23428056324897936,0.23772079962957868,0.7876479396453083,0.005348967722519127,0.7809352108299312,0.7924026654319288,3,6,3,2,paired_curve_crossed_training_graph_seed_bootstrap
yelpchi,s0,heterophily_rewire_nonoracle,pmp,train_clean_eval_all,roc_auc,False,non_oracle_controlled_stress,True,0.24962057640304294,0.0008630888567079588,0.2489124655713395,0.2505879304451973,0.8320685880101432,0.0028769628556931915,0.8297082185711316,0.8352931014839909,3,6,3,2,paired_curve_crossed_training_graph_seed_bootstrap
yelpchi,s0,heterophily_rewire_nonoracle,secgfd,train_clean_eval_all,roc_auc,False,non_oracle_controlled_stress,True,0.24310436421144788,0.0011832981645214366,0.24166621389826,0.2442467868846383,0.8103478807048264,0.003944327215071417,0.8055540463275336,0.8141559562821277,3,6,3,2,paired_curve_crossed_training_graph_seed_bootstrap
yelpchi,s0,heterophily_rewire_nonoracle,mlp,train_clean_eval_all,average_precision,False,non_oracle_controlled_stress,True,0.11981393765084285,0.01467344952346291,0.10087472831431187,0.12962619874661327,0.39937979216947617,0.04891149841154304,0.3362490943810395,0.43208732915537756,3,6,3,2,paired_curve_crossed_training_graph_seed_bootstrap
yelpchi,s0,heterophily_rewire_nonoracle,sage,train_clean_eval_all,average_precision,False,non_oracle_controlled_stress,True,0.12585669743151698,0.0033829106426810926,0.12150078987786152,0.12830268539839743,0.4195223247717233,0.01127636880893698,0.4050026329262051,0.427675617994658,3,6,3,2,paired_curve_crossed_training_graph_seed_bootstrap
yelpchi,s0,heterophily_rewire_nonoracle,pmp,train_clean_eval_all,average_precision,False,non_oracle_controlled_stress,True,0.1568456845715919,0.0024088929506836934,0.15404798716335988,0.1594028374392126,0.5228189485719731,0.008029643168945664,0.513493290544533,0.5313427914640422,3,6,3,2,paired_curve_crossed_training_graph_seed_bootstrap
yelpchi,s0,heterophily_rewire_nonoracle,secgfd,train_clean_eval_all,average_precision,False,non_oracle_controlled_stress,True,0.1398487202304678,0.0013975447336411087,0.13876021445004988,0.14151978584287142,0.46616240076822607,0.0046584824454703536,0.46253404816683297,0.4717326194762382,3,6,3,2,paired_curve_crossed_training_graph_seed_bootstrap
yelpchi,s0,heterophily_rewire_nonoracle,mlp,train_clean_eval_all,f1_macro,False,non_oracle_controlled_stress,True,0.19595529927795677,0.006321795399285108,0.18779390881159982,0.20004826560608316,0.6531843309265226,0.02107265133095037,0.625979696038666,0.6668275520202772,3,6,3,2,paired_curve_crossed_training_graph_seed_bootstrap
yelpchi,s0,heterophily_rewire_nonoracle,sage,train_clean_eval_all,f1_macro,False,non_oracle_controlled_stress,True,0.1995584818975248,0.0010889882001724122,0.1983741946420902,0.20079222498115912,0.665194939658416,0.0036299606672413848,0.661247315473634,0.6693074166038637,3,6,3,2,paired_curve_crossed_training_graph_seed_bootstrap
yelpchi,s0,heterophily_rewire_nonoracle,pmp,train_clean_eval_all,f1_macro,False,non_oracle_controlled_stress,True,0.210081091221513,0.001252237171730584,0.20861206201673502,0.21146212137217635,0.7002703040717102,0.004174123905768628,0.6953735400557833,0.7048737379072546,3,6,3,2,paired_curve_crossed_training_graph_seed_bootstrap
yelpchi,s0,heterophily_rewire_nonoracle,secgfd,train_clean_eval_all,f1_macro,False,non_oracle_controlled_stress,True,0.20597259450906283,0.0012888484710346898,0.20508298965822355,0.20747513806487952,0.6865753150302094,0.004296161570115641,0.6836099655274118,0.6915837935495984,3,6,3,2,paired_curve_crossed_training_graph_seed_bootstrap
yelpchi,s0,camouflage_feature_oracle,mlp,train_clean_eval_all,roc_auc,True,oracle_shift_sensitivity_diagnostic,False,0.2222391392391833,0.006719568000993219,0.21472782004886606,0.22793656477618848,0.7407971307972776,0.022398560003310728,0.715759400162887,0.7597885492539614,3,6,3,2,paired_curve_crossed_training_graph_seed_bootstrap
yelpchi,s0,camouflage_feature_oracle,sage,train_clean_eval_all,roc_auc,True,oracle_shift_sensitivity_diagnostic,False,0.22505999022591908,0.0021998502756570668,0.2225324227039175,0.22758529340964836,0.7501999674197304,0.0073328342521902425,0.7417747423463917,0.7586176446988279,3,6,3,2,paired_curve_crossed_training_graph_seed_bootstrap
yelpchi,s0,camouflage_feature_oracle,pmp,train_clean_eval_all,roc_auc,True,oracle_shift_sensitivity_diagnostic,False,0.24189657942659107,0.0013312476826325883,0.24059496662701838,0.2433181896493736,0.8063219314219702,0.004437492275441972,0.8019832220900612,0.8110606321645788,3,6,3,2,paired_curve_crossed_training_graph_seed_bootstrap
yelpchi,s0,camouflage_feature_oracle,secgfd,train_clean_eval_all,roc_auc,True,oracle_shift_sensitivity_diagnostic,False,0.23077409355963482,0.0017560874715758675,0.22876899060760225,0.2327286149760052,0.7692469785321161,0.005853624905252893,0.7625633020253408,0.7757620499200174,3,6,3,2,paired_curve_crossed_training_graph_seed_bootstrap
yelpchi,s0,camouflage_feature_oracle,mlp,train_clean_eval_all,average_precision,True,oracle_shift_sensitivity_diagnostic,False,0.10790845437536865,0.01251139390901685,0.09297918475200327,0.11755739733769854,0.3596948479178956,0.04170464636338952,0.30993061584001086,0.3918579911256619,3,6,3,2,paired_curve_crossed_training_graph_seed_bootstrap
yelpchi,s0,camouflage_feature_oracle,sage,train_clean_eval_all,average_precision,True,oracle_shift_sensitivity_diagnostic,False,0.11495236084819967,0.0035562821917189315,0.11097277573613744,0.11867600954622663,0.38317453616066555,0.011854273972396431,0.36990925245379147,0.3955866984874221,3,6,3,2,paired_curve_crossed_training_graph_seed_bootstrap
yelpchi,s0,camouflage_feature_oracle,pmp,train_clean_eval_all,average_precision,True,oracle_shift_sensitivity_diagnostic,False,0.15301517584928517,0.0032504336959504254,0.14924170819186586,0.15630582901123327,0.510050586164284,0.010834778986501441,0.49747236063955286,0.5210194300374443,3,6,3,2,paired_curve_crossed_training_graph_seed_bootstrap
yelpchi,s0,camouflage_feature_oracle,secgfd,train_clean_eval_all,average_precision,True,oracle_shift_sensitivity_diagnostic,False,0.1281046235711242,0.0015589454389693287,0.1265407926513992,0.12959309438949873,0.4270154119037474,0.00519648479656443,0.42180264217133073,0.4319769812983292,3,6,3,2,paired_curve_crossed_training_graph_seed_bootstrap
yelpchi,s0,camouflage_feature_oracle,mlp,train_clean_eval_all,f1_macro,True,oracle_shift_sensitivity_diagnostic,False,0.19014984662522572,0.005530563659000385,0.1833944862550585,0.19454690787297158,0.6338328220840858,0.01843521219666795,0.6113149541835283,0.6484896929099052,3,6,3,2,paired_curve_crossed_training_graph_seed_bootstrap
yelpchi,s0,camouflage_feature_oracle,sage,train_clean_eval_all,f1_macro,True,oracle_shift_sensitivity_diagnostic,False,0.1944205130735327,0.00147972208273639,0.19267935415167503,0.1961444419200075,0.6480683769117758,0.0049324069424546224,0.6422645138389168,0.6538148064000251,3,6,3,2,paired_curve_crossed_training_graph_seed_bootstrap
yelpchi,s0,camouflage_feature_oracle,pmp,train_clean_eval_all,f1_macro,True,oracle_shift_sensitivity_diagnostic,False,0.20818010501718162,0.0008187769997600638,0.20726280491906246,0.20913950320729854,0.6939336833906053,0.002729256665866877,0.6908760163968748,0.6971316773576618,3,6,3,2,paired_curve_crossed_training_graph_seed_bootstrap
yelpchi,s0,camouflage_feature_oracle,secgfd,train_clean_eval_all,f1_macro,True,oracle_shift_sensitivity_diagnostic,False,0.20002763616285482,0.0011531443124568183,0.1987637846240329,0.20131743070087185,0.666758787209516,0.003843814374856043,0.6625459487467764,0.6710581023362395,3,6,3,2,paired_curve_crossed_training_graph_seed_bootstrap
yelpchi,s0,camouflage_relation_oracle,mlp,train_clean_eval_all,roc_auc,True,oracle_shift_sensitivity_diagnostic,False,0.23438119901680854,0.007723272590080766,0.22441138280973694,0.2394812069629834,0.7812706633893618,0.025744241966935883,0.7480379426991232,0.7982706898766113,3,6,3,2,paired_curve_crossed_training_graph_seed_bootstrap
yelpchi,s0,camouflage_relation_oracle,sage,train_clean_eval_all,roc_auc,True,oracle_shift_sensitivity_diagnostic,False,0.23726488174324403,0.0018483534786896232,0.23496467834760723,0.23896480831853983,0.7908829391441469,0.0061611782622987355,0.7832155944920242,0.7965493610617994,3,6,3,2,paired_curve_crossed_training_graph_seed_bootstrap
yelpchi,s0,camouflage_relation_oracle,pmp,train_clean_eval_all,roc_auc,True,oracle_shift_sensitivity_diagnostic,False,0.2548043096338986,0.0008793784819512806,0.25389862747217506,0.25570313893438934,0.8493476987796619,0.0029312616065042727,0.8463287582405837,0.8523437964479647,3,6,3,2,paired_curve_crossed_training_graph_seed_bootstrap
yelpchi,s0,camouflage_relation_oracle,secgfd,train_clean_eval_all,roc_auc,True,oracle_shift_sensitivity_diagnostic,False,0.24426034983916142,0.000994326074984627,0.24298374390912358,0.24501506078228283,0.8142011661305381,0.0033144202499487516,0.8099458130304119,0.8167168692742761,3,6,3,2,paired_curve_crossed_training_graph_seed_bootstrap
yelpchi,s0,camouflage_relation_oracle,mlp,train_clean_eval_all,average_precision,True,oracle_shift_sensitivity_diagnostic,False,0.11981393765084285,0.01467344952346291,0.10087472831431187,0.12962619874661327,0.39937979216947617,0.04891149841154304,0.3362490943810395,0.43208732915537756,3,6,3,2,paired_curve_crossed_training_graph_seed_bootstrap
yelpchi,s0,camouflage_relation_oracle,sage,train_clean_eval_all,average_precision,True,oracle_shift_sensitivity_diagnostic,False,0.12808564521973564,0.00359417903909399,0.12348097682731078,0.13088338041891132,0.42695215073245213,0.011980596796979963,0.41160325609103604,0.43627793472970433,3,6,3,2,paired_curve_crossed_training_graph_seed_bootstrap
yelpchi,s0,camouflage_relation_oracle,pmp,train_clean_eval_all,average_precision,True,oracle_shift_sensitivity_diagnostic,False,0.16999389390129582,0.004132071750897783,0.16480964111361546,0.17351493190176306,0.5666463130043194,0.013773572502992586,0.5493654703787183,0.5783831063392103,3,6,3,2,paired_curve_crossed_training_graph_seed_bootstrap
yelpchi,s0,camouflage_relation_oracle,secgfd,train_clean_eval_all,average_precision,True,oracle_shift_sensitivity_diagnostic,False,0.14272364750505392,0.00014837695066990568,0.14261717925054337,0.1429071897558326,0.4757454916835131,0.0004945898355663476,0.4753905975018112,0.47635729918610875,3,6,3,2,paired_curve_crossed_training_graph_seed_bootstrap
yelpchi,s0,camouflage_relation_oracle,mlp,train_clean_eval_all,f1_macro,True,oracle_shift_sensitivity_diagnostic,False,0.19595529927795677,0.006321795399285108,0.18779390881159982,0.20004826560608316,0.6531843309265226,0.02107265133095037,0.625979696038666,0.6668275520202772,3,6,3,2,paired_curve_crossed_training_graph_seed_bootstrap
yelpchi,s0,camouflage_relation_oracle,sage,train_clean_eval_all,f1_macro,True,oracle_shift_sensitivity_diagnostic,False,0.20089831332008146,0.001360863551591709,0.19943818178787157,0.20247439482381424,0.6696610444002715,0.0045362118386390255,0.6647939392929053,0.6749146494127141,3,6,3,2,paired_curve_crossed_training_graph_seed_bootstrap
yelpchi,s0,camouflage_relation_oracle,pmp,train_clean_eval_all,f1_macro,True,oracle_shift_sensitivity_diagnostic,False,0.21560035901253793,0.001022617282248665,0.2145522113530466,0.21653099185209998,0.7186678633751264,0.0034087242741622295,0.7151740378434889,0.7217699728403333,3,6,3,2,paired_curve_crossed_training_graph_seed_bootstrap
yelpchi,s0,camouflage_relation_oracle,secgfd,train_clean_eval_all,f1_macro,True,oracle_shift_sensitivity_diagnostic,False,0.20698319168127766,0.001053835219358574,0.20626072647990515,0.20832147996601913,0.6899439722709255,0.003512784064528577,0.6875357549330173,0.6944049332200638,3,6,3,2,paired_curve_crossed_training_graph_seed_bootstrap
yelpchi,s0,noise_edges_uniform,mlp,train_clean_eval_all,roc_auc,False,non_oracle_controlled_stress,True,0.15625413267787236,0.005148848393387175,0.14960758853982467,0.15965413797532227,0.7812706633893618,0.025744241966935883,0.7480379426991232,0.7982706898766113,3,6,3,2,paired_curve_crossed_training_graph_seed_bootstrap
yelpchi,s0,noise_edges_uniform,sage,train_clean_eval_all,roc_auc,False,non_oracle_controlled_stress,True,0.1578486733373566,0.0011325320600293941,0.15642109197068566,0.1588359252210637,0.789243366686783,0.005662660300146965,0.7821054598534283,0.7941796261053186,3,6,3,2,paired_curve_crossed_training_graph_seed_bootstrap
yelpchi,s0,noise_edges_uniform,pmp,train_clean_eval_all,roc_auc,False,non_oracle_controlled_stress,True,0.16804163648342954,0.000477193865072524,0.16753392708203121,0.16858163863369238,0.8402081824171477,0.0023859693253626066,0.837669635410156,0.842908193168462,3,6,3,2,paired_curve_crossed_training_graph_seed_bootstrap
yelpchi,s0,noise_edges_uniform,secgfd,train_clean_eval_all,roc_auc,False,non_oracle_controlled_stress,True,0.16240616568304964,0.0007339461303359627,0.16148365987999183,0.16304721716667225,0.8120308284152483,0.0036697306516798064,0.8074182993999592,0.8152360858333613,3,6,3,2,paired_curve_crossed_training_graph_seed_bootstrap
yelpchi,s0,noise_edges_uniform,mlp,train_clean_eval_all,average_precision,False,non_oracle_controlled_stress,True,0.07987595843389524,0.009782299682308614,0.0672498188762079,0.08641746583107553,0.39937979216947617,0.048911498411543054,0.3362490943810395,0.4320873291553777,3,6,3,2,paired_curve_crossed_training_graph_seed_bootstrap
yelpchi,s0,noise_edges_uniform,sage,train_clean_eval_all,average_precision,False,non_oracle_controlled_stress,True,0.08446547793641684,0.002336206319393013,0.08146045803701547,0.0861896462834863,0.4223273896820841,0.011681031596965069,0.4073022901850774,0.4309482314174314,3,6,3,2,paired_curve_crossed_training_graph_seed_bootstrap
yelpchi,s0,noise_edges_uniform,pmp,train_clean_eval_all,average_precision,False,non_oracle_controlled_stress,True,0.10763815734472366,0.0022869671805977494,0.10483275635771577,0.10972816889571307,0.5381907867236183,0.011434835902988754,0.5241637817885789,0.5486408444785653,3,6,3,2,paired_curve_crossed_training_graph_seed_bootstrap
yelpchi,s0,noise_edges_uniform,secgfd,train_clean_eval_all,average_precision,False,non_oracle_controlled_stress,True,0.09390054035935086,0.0007158765413192334,0.09332915779110741,0.09480065596929771,0.4695027017967544,0.0035793827065961807,0.4666457889555371,0.47400327984648855,3,6,3,2,paired_curve_crossed_training_graph_seed_bootstrap
yelpchi,s0,noise_edges_uniform,mlp,train_clean_eval_all,f1_macro,False,non_oracle_controlled_stress,True,0.13063686618530457,0.004214530266190077,0.12519593920773323,0.13336551040405545,0.6531843309265226,0.02107265133095037,0.625979696038666,0.6668275520202772,3,6,3,2,paired_curve_crossed_training_graph_seed_bootstrap
yelpchi,s0,noise_edges_uniform,sage,train_clean_eval_all,f1_macro,False,non_oracle_controlled_stress,True,0.13328095856650043,0.0007800715577706541,0.13235771133687285,0.13408105721094532,0.6664047928325021,0.0039003577888532684,0.6617885566843642,0.6704052860547266,3,6,3,2,paired_curve_crossed_training_graph_seed_bootstrap
yelpchi,s0,noise_edges_uniform,pmp,train_clean_eval_all,f1_macro,False,non_oracle_controlled_stress,True,0.1416439131588362,0.0004271554981595039,0.14118122841442943,0.14210750720832446,0.708219565794181,0.00213577749079751,0.7059061420721471,0.7105375360416222,3,6,3,2,paired_curve_crossed_training_graph_seed_bootstrap
yelpchi,s0,noise_edges_uniform,secgfd,train_clean_eval_all,f1_macro,False,non_oracle_controlled_stress,True,0.13772063584634464,0.0008146468313866784,0.13705144798608881,0.1387284529503419,0.6886031792317232,0.004073234156933377,0.6852572399304441,0.6936422647517095,3,6,3,2,paired_curve_crossed_training_graph_seed_bootstrap
yelpchi,s0,heterophily_rewire_oracle,mlp,train_on_variant,roc_auc,True,oracle_privileged_training_diagnostic,False,0.23438119901680854,0.007723272590080766,0.22441138280973694,0.2394812069629834,0.7812706633893618,0.025744241966935883,0.7480379426991232,0.7982706898766113,3,6,3,2,paired_curve_crossed_training_graph_seed_bootstrap
yelpchi,s0,heterophily_rewire_oracle,sage,train_on_variant,roc_auc,True,oracle_privileged_training_diagnostic,False,0.2499067250435801,0.009434361942924442,0.23884776182979636,0.2551653849450094,0.8330224168119336,0.031447873143081485,0.7961592060993211,0.8505512831500314,3,6,3,2,paired_curve_crossed_training_graph_seed_bootstrap
yelpchi,s0,heterophily_rewire_oracle,pmp,train_on_variant,roc_auc,True,oracle_privileged_training_diagnostic,False,0.26171588034947163,0.001675882570202431,0.2598577408415095,0.2636859984564031,0.8723862678315721,0.005586275234008108,0.8661924694716981,0.8789533281880103,3,6,3,2,paired_curve_crossed_training_graph_seed_bootstrap
yelpchi,s0,heterophily_rewire_oracle,secgfd,train_on_variant,roc_auc,True,oracle_privileged_training_diagnostic,False,0.28544960164796424,0.0008751926815636244,0.28432375300792256,0.286083526147965,0.9514986721598807,0.0029173089385454297,0.9477458433597419,0.9536117538265501,3,6,3,2,paired_curve_crossed_training_graph_seed_bootstrap
yelpchi,s0,heterophily_rewire_oracle,mlp,train_on_variant,average_precision,True,oracle_privileged_training_diagnostic,False,0.11981393765084285,0.01467344952346291,0.10087472831431187,0.12962619874661327,0.39937979216947617,0.04891149841154304,0.3362490943810395,0.43208732915537756,3,6,3,2,paired_curve_crossed_training_graph_seed_bootstrap
yelpchi,s0,heterophily_rewire_oracle,sage,train_on_variant,average_precision,True,oracle_privileged_training_diagnostic,False,0.15188228527037295,0.01749759969960497,0.13222244973552058,0.16193118138708248,0.5062742842345765,0.05832533233201659,0.44074149911840194,0.5397706046236083,3,6,3,2,paired_curve_crossed_training_graph_seed_bootstrap
yelpchi,s0,heterophily_rewire_oracle,pmp,train_on_variant,average_precision,True,oracle_privileged_training_diagnostic,False,0.17492524748578445,0.0040593114429032275,0.17106917908506403,0.1802787471450351,0.5830841582859482,0.013531038143010736,0.5702305969502134,0.6009291571501171,3,6,3,2,paired_curve_crossed_training_graph_seed_bootstrap
yelpchi,s0,heterophily_rewire_oracle,secgfd,train_on_variant,average_precision,True,oracle_privileged_training_diagnostic,False,0.25884689691050533,0.001962562422591045,0.25633037726277086,0.2602816436942211,0.8628229897016845,0.006541874741970143,0.8544345908759029,0.8676054789807369,3,6,3,2,paired_curve_crossed_training_graph_seed_bootstrap
yelpchi,s0,heterophily_rewire_oracle,mlp,train_on_variant,f1_macro,True,oracle_privileged_training_diagnostic,False,0.19595529927795677,0.006321795399285108,0.18779390881159982,0.20004826560608316,0.6531843309265226,0.02107265133095037,0.625979696038666,0.6668275520202772,3,6,3,2,paired_curve_crossed_training_graph_seed_bootstrap
yelpchi,s0,heterophily_rewire_oracle,sage,train_on_variant,f1_macro,True,oracle_privileged_training_diagnostic,False,0.2110525673780198,0.0073546967688869775,0.20255939737607562,0.21496764038639982,0.7035085579267327,0.02451565589628993,0.6751979912535854,0.7165588012879995,3,6,3,2,paired_curve_crossed_training_graph_seed_bootstrap
yelpchi,s0,heterophily_rewire_oracle,pmp,train_on_variant,f1_macro,True,oracle_privileged_training_diagnostic,False,0.22145395351480154,0.002084550458962187,0.21924041795029722,0.22391345835659573,0.7381798450493385,0.006948501529873953,0.7308013931676575,0.746378194521986,3,6,3,2,paired_curve_crossed_training_graph_seed_bootstrap
yelpchi,s0,heterophily_rewire_oracle,secgfd,train_on_variant,f1_macro,True,oracle_privileged_training_diagnostic,False,0.2737855726663254,0.0023821948277349438,0.2707194166057505,0.2755009459077991,0.9126185755544179,0.00794064942578316,0.9023980553525016,0.9183364863593306,3,6,3,2,paired_curve_crossed_training_graph_seed_bootstrap
yelpchi,s0,heterophily_rewire_nonoracle,mlp,train_on_variant,roc_auc,False,non_oracle_controlled_stress,True,0.23438119901680854,0.007723272590080766,0.22441138280973694,0.2394812069629834,0.7812706633893618,0.025744241966935883,0.7480379426991232,0.7982706898766113,3,6,3,2,paired_curve_crossed_training_graph_seed_bootstrap
yelpchi,s0,heterophily_rewire_nonoracle,sage,train_on_variant,roc_auc,False,non_oracle_controlled_stress,True,0.22076978944113426,0.01943197427285135,0.19710859127992109,0.23708767501712144,0.7358992981371143,0.06477324757617114,0.657028637599737,0.7902922500570714,3,6,3,2,paired_curve_crossed_training_graph_seed_bootstrap
yelpchi,s0,heterophily_rewire_nonoracle,pmp,train_on_variant,roc_auc,False,non_oracle_controlled_stress,True,0.251734943130065,0.0012981590796697189,0.25066629783806876,0.25297048965491875,0.8391164771002168,0.00432719693223238,0.8355543261268958,0.843234965516396,3,6,3,2,paired_curve_crossed_training_graph_seed_bootstrap
yelpchi,s0,heterophily_rewire_nonoracle,secgfd,train_on_variant,roc_auc,False,non_oracle_controlled_stress,True,0.2446616730559216,0.0024355310166498246,0.24259006361560864,0.2471347587530832,0.8155389101864055,0.008118436722166068,0.8086335453853621,0.823782529176944,3,6,3,2,paired_curve_crossed_training_graph_seed_bootstrap
yelpchi,s0,heterophily_rewire_nonoracle,mlp,train_on_variant,average_precision,False,non_oracle_controlled_stress,True,0.11981393765084285,0.01467344952346291,0.10087472831431187,0.12962619874661327,0.39937979216947617,0.04891149841154304,0.3362490943810395,0.43208732915537756,3,6,3,2,paired_curve_crossed_training_graph_seed_bootstrap
yelpchi,s0,heterophily_rewire_nonoracle,sage,train_on_variant,average_precision,False,non_oracle_controlled_stress,True,0.10617572455884576,0.023960205198278104,0.07798638587636834,0.12770330878319425,0.35391908186281923,0.07986735066092701,0.2599546195878945,0.4256776959439808,3,6,3,2,paired_curve_crossed_training_graph_seed_bootstrap
yelpchi,s0,heterophily_rewire_nonoracle,pmp,train_on_variant,average_precision,False,non_oracle_controlled_stress,True,0.1600335451676375,0.0050310524418074815,0.15522155289466139,0.1652500339902495,0.5334451505587916,0.01677017480602493,0.517405176315538,0.5508334466341651,3,6,3,2,paired_curve_crossed_training_graph_seed_bootstrap
yelpchi,s0,heterophily_rewire_nonoracle,secgfd,train_on_variant,average_precision,False,non_oracle_controlled_stress,True,0.1426824354745385,0.004381936950693447,0.1388437222448828,0.14689652952434895,0.47560811824846166,0.014606456502311481,0.4628124074829428,0.4896550984144965,3,6,3,2,paired_curve_crossed_training_graph_seed_bootstrap
yelpchi,s0,heterophily_rewire_nonoracle,mlp,train_on_variant,f1_macro,False,non_oracle_controlled_stress,True,0.19595529927795677,0.006321795399285108,0.18779390881159982,0.20004826560608316,0.6531843309265226,0.02107265133095037,0.625979696038666,0.6668275520202772,3,6,3,2,paired_curve_crossed_training_graph_seed_bootstrap
yelpchi,s0,heterophily_rewire_nonoracle,sage,train_on_variant,f1_macro,False,non_oracle_controlled_stress,True,0.18921864289281584,0.012189992685369215,0.17486566137269144,0.20009717199981528,0.6307288096427194,0.04063330895123072,0.5828855379089715,0.6669905733327176,3,6,3,2,paired_curve_crossed_training_graph_seed_bootstrap
yelpchi,s0,heterophily_rewire_nonoracle,pmp,train_on_variant,f1_macro,False,non_oracle_controlled_stress,True,0.2127802466797992,0.0012583482477975876,0.2117051521203134,0.21410482301771241,0.7092674889326641,0.0041944941593253186,0.7056838404010447,0.7136827433923747,3,6,3,2,paired_curve_crossed_training_graph_seed_bootstrap
yelpchi,s0,heterophily_rewire_nonoracle,secgfd,train_on_variant,f1_macro,False,non_oracle_controlled_stress,True,0.20743094213788346,0.0027374153953244646,0.20528965397962862,0.2105900832722585,0.6914364737929449,0.009124717984414867,0.6842988465987623,0.7019669442408617,3,6,3,2,paired_curve_crossed_training_graph_seed_bootstrap
yelpchi,s0,camouflage_feature_oracle,mlp,train_on_variant,roc_auc,True,oracle_privileged_training_diagnostic,False,0.22193070614554686,0.0057624365448577086,0.21479615840318475,0.22699594734363374,0.7397690204851562,0.019208121816192365,0.7159871946772824,0.7566531578121126,3,6,3,2,paired_curve_crossed_training_graph_seed_bootstrap
yelpchi,s0,camouflage_feature_oracle,sage,train_on_variant,roc_auc,True,oracle_privileged_training_diagnostic,False,0.21995938188025363,0.014974184108886863,0.20131627249177178,0.228276319727208,0.7331979396008453,0.049913947029622874,0.6710542416392394,0.7609210657573601,3,6,3,2,paired_curve_crossed_training_graph_seed_bootstrap
yelpchi,s0,camouflage_feature_oracle,pmp,train_on_variant,roc_auc,True,oracle_privileged_training_diagnostic,False,0.24097742050704787,0.00231120905446646,0.23807080826651814,0.24315526716106992,0.8032580683568263,0.0077040301815548716,0.7935693608883937,0.8105175572035664,3,6,3,2,paired_curve_crossed_training_graph_seed_bootstrap
yelpchi,s0,camouflage_feature_oracle,secgfd,train_on_variant,roc_auc,True,oracle_privileged_training_diagnostic,False,0.2327657395537813,0.00295706438451939,0.22995940102515186,0.23586845897134578,0.7758857985126043,0.009856881281731277,0.7665313367505062,0.7862281965711526,3,6,3,2,paired_curve_crossed_training_graph_seed_bootstrap
yelpchi,s0,camouflage_feature_oracle,mlp,train_on_variant,average_precision,True,oracle_privileged_training_diagnostic,False,0.10759759268159012,0.010567915467287366,0.09506187189527704,0.11609300617626905,0.3586586422719671,0.0352263848909579,0.31687290631759013,0.3869766872542302,3,6,3,2,paired_curve_crossed_training_graph_seed_bootstrap
yelpchi,s0,camouflage_feature_oracle,sage,train_on_variant,average_precision,True,oracle_privileged_training_diagnostic,False,0.10877554116186339,0.01866903844886122,0.08525436352442327,0.11899255766115491,0.36258513720621127,0.06223012816287074,0.2841812117480776,0.39664185887051645,3,6,3,2,paired_curve_crossed_training_graph_seed_bootstrap
yelpchi,s0,camouflage_feature_oracle,pmp,train_on_variant,average_precision,True,oracle_privileged_training_diagnostic,False,0.14885662345226192,0.0036664221541745255,0.14421058190638977,0.15254500359218257,0.49618874484087305,0.012221407180581753,0.48070193968796593,0.5084833453072751,3,6,3,2,paired_curve_crossed_training_graph_seed_bootstrap
yelpchi,s0,camouflage_feature_oracle,secgfd,train_on_variant,average_precision,True,oracle_privileged_training_diagnostic,False,0.12852752167983553,0.004264754861264842,0.12411145767445803,0.13272416012115362,0.42842507226611853,0.014215849537549475,0.41370485891486014,0.44241386707051206,3,6,3,2,paired_curve_crossed_training_graph_seed_bootstrap
yelpchi,s0,camouflage_feature_oracle,mlp,train_on_variant,f1_macro,True,oracle_privileged_training_diagnostic,False,0.19040979480528422,0.00496787391414013,0.18462257415599345,0.19451096294285505,0.6346993160176142,0.01655957971380042,0.6154085805199782,0.6483698764761835,3,6,3,2,paired_curve_crossed_training_graph_seed_bootstrap
yelpchi,s0,camouflage_feature_oracle,sage,train_on_variant,f1_macro,True,oracle_privileged_training_diagnostic,False,0.1908133658703756,0.010227128735249964,0.17799279215082067,0.19592775767859674,0.6360445529012521,0.03409042911749987,0.5933093071694023,0.6530925255953225,3,6,3,2,paired_curve_crossed_training_graph_seed_bootstrap
yelpchi,s0,camouflage_feature_oracle,pmp,train_on_variant,f1_macro,True,oracle_privileged_training_diagnostic,False,0.2079208692175498,0.0015005948602772694,0.2061321190013583,0.20957892234328698,0.6930695640584993,0.005001982867590904,0.6871070633378612,0.6985964078109567,3,6,3,2,paired_curve_crossed_training_graph_seed_bootstrap
yelpchi,s0,camouflage_feature_oracle,secgfd,train_on_variant,f1_macro,True,oracle_privileged_training_diagnostic,False,0.20059021598314977,0.0027074765441325965,0.19835720693992287,0.20375808069173287,0.6686340532771659,0.009024921813775321,0.6611906897997428,0.6791936023057762,3,6,3,2,paired_curve_crossed_training_graph_seed_bootstrap
yelpchi,s0,camouflage_relation_oracle,mlp,train_on_variant,roc_auc,True,oracle_privileged_training_diagnostic,False,0.23438119901680854,0.007723272590080766,0.22441138280973694,0.2394812069629834,0.7812706633893618,0.025744241966935883,0.7480379426991232,0.7982706898766113,3,6,3,2,paired_curve_crossed_training_graph_seed_bootstrap
yelpchi,s0,camouflage_relation_oracle,sage,train_on_variant,roc_auc,True,oracle_privileged_training_diagnostic,False,0.22524909045953093,0.016678885033924215,0.2043144796717982,0.23916897883244773,0.7508303015317698,0.055596283446414055,0.6810482655726607,0.7972299294414925,3,6,3,2,paired_curve_crossed_training_graph_seed_bootstrap
yelpchi,s0,camouflage_relation_oracle,pmp,train_on_variant,roc_auc,True,oracle_privileged_training_diagnostic,False,0.2540902283034174,0.001076971064701858,0.2528238769525295,0.2548388834442876,0.8469674276780578,0.0035899035490061866,0.8427462565084318,0.8494629448142921,3,6,3,2,paired_curve_crossed_training_graph_seed_bootstrap
yelpchi,s0,camouflage_relation_oracle,secgfd,train_on_variant,roc_auc,True,oracle_privileged_training_diagnostic,False,0.24390085599192082,0.0005902648150083265,0.2432536735754719,0.24433544741442526,0.8130028533064028,0.0019675493833610884,0.8108455785849062,0.8144514913814175,3,6,3,2,paired_curve_crossed_training_graph_seed_bootstrap
yelpchi,s0,camouflage_relation_oracle,mlp,train_on_variant,average_precision,True,oracle_privileged_training_diagnostic,False,0.11981393765084285,0.01467344952346291,0.10087472831431187,0.12962619874661327,0.39937979216947617,0.04891149841154304,0.3362490943810395,0.43208732915537756,3,6,3,2,paired_curve_crossed_training_graph_seed_bootstrap
yelpchi,s0,camouflage_relation_oracle,sage,train_on_variant,average_precision,True,oracle_privileged_training_diagnostic,False,0.11088419573220583,0.022357273050851636,0.08364068027578715,0.13123270610415425,0.3696139857740195,0.07452424350283877,0.2788022675859572,0.4374423536805141,3,6,3,2,paired_curve_crossed_training_graph_seed_bootstrap
yelpchi,s0,camouflage_relation_oracle,pmp,train_on_variant,average_precision,True,oracle_privileged_training_diagnostic,False,0.16704338075824188,0.004176343008675733,0.16209685465292648,0.17115352396268904,0.5568112691941397,0.013921143362252432,0.5403228488430882,0.5705117465422967,3,6,3,2,paired_curve_crossed_training_graph_seed_bootstrap
yelpchi,s0,camouflage_relation_oracle,secgfd,train_on_variant,average_precision,True,oracle_privileged_training_diagnostic,False,0.1412029563207519,0.0013332148590500673,0.1397390921591928,0.14272484708704958,0.470676521069173,0.004444049530166896,0.46579697386397617,0.47574949029016533,3,6,3,2,paired_curve_crossed_training_graph_seed_bootstrap
yelpchi,s0,camouflage_relation_oracle,mlp,train_on_variant,f1_macro,True,oracle_privileged_training_diagnostic,False,0.19595529927795677,0.006321795399285108,0.18779390881159982,0.20004826560608316,0.6531843309265226,0.02107265133095037,0.625979696038666,0.6668275520202772,3,6,3,2,paired_curve_crossed_training_graph_seed_bootstrap
yelpchi,s0,camouflage_relation_oracle,sage,train_on_variant,f1_macro,True,oracle_privileged_training_diagnostic,False,0.19219394148746657,0.011739547584341162,0.17769993549842109,0.2024758205984781,0.6406464716248886,0.03913182528113721,0.5923331183280703,0.6749194019949271,3,6,3,2,paired_curve_crossed_training_graph_seed_bootstrap
yelpchi,s0,camouflage_relation_oracle,pmp,train_on_variant,f1_macro,True,oracle_privileged_training_diagnostic,False,0.2156432413276493,0.0012714951885459008,0.21423194164701895,0.21703121857021865,0.7188108044254978,0.004238317295153001,0.7141064721567298,0.7234373952340621,3,6,3,2,paired_curve_crossed_training_graph_seed_bootstrap
yelpchi,s0,camouflage_relation_oracle,secgfd,train_on_variant,f1_macro,True,oracle_privileged_training_diagnostic,False,0.20666968029572672,0.0011337046739541838,0.20591673454065762,0.2078728012010677,0.6888989343190891,0.0037790155798472897,0.6863891151355254,0.6929093373368923,3,6,3,2,paired_curve_crossed_training_graph_seed_bootstrap
yelpchi,s0,noise_edges_uniform,mlp,train_on_variant,roc_auc,False,non_oracle_controlled_stress,True,0.15625413267787236,0.005148848393387175,0.14960758853982467,0.15965413797532227,0.7812706633893618,0.025744241966935883,0.7480379426991232,0.7982706898766113,3,6,3,2,paired_curve_crossed_training_graph_seed_bootstrap
yelpchi,s0,noise_edges_uniform,sage,train_on_variant,roc_auc,False,non_oracle_controlled_stress,True,0.1437983579882305,0.012254208138187735,0.13096321657061388,0.15822511215635174,0.7189917899411525,0.06127104069093868,0.6548160828530692,0.7911255607817586,3,6,3,2,paired_curve_crossed_training_graph_seed_bootstrap
yelpchi,s0,noise_edges_uniform,pmp,train_on_variant,roc_auc,False,non_oracle_controlled_stress,True,0.16848285214988812,0.0006332095476399525,0.16796316631947408,0.1693436276155683,0.8424142607494406,0.0031660477381997626,0.8398158315973706,0.8467181380778412,3,6,3,2,paired_curve_crossed_training_graph_seed_bootstrap
yelpchi,s0,noise_edges_uniform,secgfd,train_on_variant,roc_auc,False,non_oracle_controlled_stress,True,0.16302161927656272,0.0013623274642896258,0.16192222989817845,0.16426922857600743,0.8151080963828137,0.006811637321448133,0.8096111494908923,0.8213461428800369,3,6,3,2,paired_curve_crossed_training_graph_seed_bootstrap
yelpchi,s0,noise_edges_uniform,mlp,train_on_variant,average_precision,False,non_oracle_controlled_stress,True,0.07987595843389524,0.009782299682308614,0.0672498188762079,0.08641746583107553,0.39937979216947617,0.048911498411543054,0.3362490943810395,0.4320873291553777,3,6,3,2,paired_curve_crossed_training_graph_seed_bootstrap
yelpchi,s0,noise_edges_uniform,sage,train_on_variant,average_precision,False,non_oracle_controlled_stress,True,0.065815862775243,0.015868808792857507,0.05142184295633901,0.08563666663666164,0.329079313876215,0.0793440439642875,0.2571092147816951,0.4281833331833082,3,6,3,2,paired_curve_crossed_training_graph_seed_bootstrap
yelpchi,s0,noise_edges_uniform,pmp,train_on_variant,average_precision,False,non_oracle_controlled_stress,True,0.10815393101095568,0.0029717137099411106,0.10539885125934863,0.11209518174568199,0.5407696550547784,0.014858568549705539,0.5269942562967432,0.56047590872841,3,6,3,2,paired_curve_crossed_training_graph_seed_bootstrap
yelpchi,s0,noise_edges_uniform,secgfd,train_on_variant,average_precision,False,non_oracle_controlled_stress,True,0.09487360779446008,0.0027842978563067376,0.09241379580891401,0.09753949763061774,0.47436803897230034,0.013921489281533686,0.46206897904457006,0.4876974881530886,3,6,3,2,paired_curve_crossed_training_graph_seed_bootstrap
yelpchi,s0,noise_edges_uniform,mlp,train_on_variant,f1_macro,False,non_oracle_controlled_stress,True,0.13063686618530457,0.004214530266190077,0.12519593920773323,0.13336551040405545,0.6531843309265226,0.02107265133095037,0.625979696038666,0.6668275520202772,3,6,3,2,paired_curve_crossed_training_graph_seed_bootstrap
yelpchi,s0,noise_edges_uniform,sage,train_on_variant,f1_macro,False,non_oracle_controlled_stress,True,0.12360318830738644,0.007947097520294863,0.11606133010849051,0.13339559150792046,0.6180159415369322,0.03973548760147433,0.5803066505424526,0.6669779575396023,3,6,3,2,paired_curve_crossed_training_graph_seed_bootstrap
yelpchi,s0,noise_edges_uniform,pmp,train_on_variant,f1_macro,False,non_oracle_controlled_stress,True,0.14233728653669098,0.0007421862990453419,0.14154684123914404,0.1432413267896334,0.711686432683455,0.0037109314952267084,0.7077342061957203,0.716206633948167,3,6,3,2,paired_curve_crossed_training_graph_seed_bootstrap
yelpchi,s0,noise_edges_uniform,secgfd,train_on_variant,f1_macro,False,non_oracle_controlled_stress,True,0.13830534732410107,0.0015614368715955941,0.13713202199063756,0.13994385381295682,0.6915267366205055,0.007807184357977966,0.6856601099531878,0.6997192690647841,3,6,3,2,paired_curve_crossed_training_graph_seed_bootstrap
