dataset_id,scenario_id,model_id,protocol,metric,oracle_labels,claim_scope,operational_ranking_eligible,robustness_auc_mean,robustness_auc_std,robustness_auc_ci_lower,robustness_auc_ci_upper,robustness_avg_metric_mean,robustness_avg_metric_std,robustness_avg_metric_ci_lower,robustness_avg_metric_ci_upper,n_splits,min_training_seeds_per_split,min_graph_seeds_per_split,ci_method
yelpchi,camouflage_feature_oracle,mlp,train_clean_eval_all,average_precision,True,oracle_shift_sensitivity_diagnostic,False,0.10790845437536865,0.0,0.10790845437536865,0.10790845437536865,0.3596948479178956,0.0,0.3596948479178956,0.3596948479178956,1,3,2,split_bootstrap_over_split_means
yelpchi,camouflage_feature_oracle,mlp,train_clean_eval_all,f1_macro,True,oracle_shift_sensitivity_diagnostic,False,0.19014984662522572,0.0,0.19014984662522572,0.19014984662522572,0.6338328220840858,0.0,0.6338328220840858,0.6338328220840858,1,3,2,split_bootstrap_over_split_means
yelpchi,camouflage_feature_oracle,mlp,train_clean_eval_all,roc_auc,True,oracle_shift_sensitivity_diagnostic,False,0.2222391392391833,0.0,0.2222391392391833,0.2222391392391833,0.7407971307972776,0.0,0.7407971307972776,0.7407971307972776,1,3,2,split_bootstrap_over_split_means
yelpchi,camouflage_feature_oracle,mlp,train_on_variant,average_precision,True,oracle_privileged_training_diagnostic,False,0.10759759268159012,0.0,0.10759759268159012,0.10759759268159012,0.3586586422719671,0.0,0.3586586422719671,0.3586586422719671,1,3,2,split_bootstrap_over_split_means
yelpchi,camouflage_feature_oracle,mlp,train_on_variant,f1_macro,True,oracle_privileged_training_diagnostic,False,0.19040979480528422,0.0,0.19040979480528422,0.19040979480528422,0.6346993160176142,0.0,0.6346993160176142,0.6346993160176142,1,3,2,split_bootstrap_over_split_means
yelpchi,camouflage_feature_oracle,mlp,train_on_variant,roc_auc,True,oracle_privileged_training_diagnostic,False,0.22193070614554686,0.0,0.22193070614554686,0.22193070614554686,0.7397690204851562,0.0,0.7397690204851562,0.7397690204851562,1,3,2,split_bootstrap_over_split_means
yelpchi,camouflage_feature_oracle,pmp,train_clean_eval_all,average_precision,True,oracle_shift_sensitivity_diagnostic,False,0.15301517584928517,0.0,0.15301517584928517,0.15301517584928517,0.510050586164284,0.0,0.510050586164284,0.510050586164284,1,3,2,split_bootstrap_over_split_means
yelpchi,camouflage_feature_oracle,pmp,train_clean_eval_all,f1_macro,True,oracle_shift_sensitivity_diagnostic,False,0.20818010501718162,0.0,0.20818010501718162,0.20818010501718162,0.6939336833906053,0.0,0.6939336833906053,0.6939336833906053,1,3,2,split_bootstrap_over_split_means
yelpchi,camouflage_feature_oracle,pmp,train_clean_eval_all,roc_auc,True,oracle_shift_sensitivity_diagnostic,False,0.24189657942659107,0.0,0.24189657942659107,0.24189657942659107,0.8063219314219702,0.0,0.8063219314219702,0.8063219314219702,1,3,2,split_bootstrap_over_split_means
yelpchi,camouflage_feature_oracle,pmp,train_on_variant,average_precision,True,oracle_privileged_training_diagnostic,False,0.14885662345226192,0.0,0.14885662345226192,0.14885662345226192,0.49618874484087305,0.0,0.49618874484087305,0.49618874484087305,1,3,2,split_bootstrap_over_split_means
yelpchi,camouflage_feature_oracle,pmp,train_on_variant,f1_macro,True,oracle_privileged_training_diagnostic,False,0.2079208692175498,0.0,0.2079208692175498,0.2079208692175498,0.6930695640584993,0.0,0.6930695640584993,0.6930695640584993,1,3,2,split_bootstrap_over_split_means
yelpchi,camouflage_feature_oracle,pmp,train_on_variant,roc_auc,True,oracle_privileged_training_diagnostic,False,0.24097742050704787,0.0,0.24097742050704787,0.24097742050704787,0.8032580683568263,0.0,0.8032580683568263,0.8032580683568263,1,3,2,split_bootstrap_over_split_means
yelpchi,camouflage_feature_oracle,sage,train_clean_eval_all,average_precision,True,oracle_shift_sensitivity_diagnostic,False,0.11495236084819967,0.0,0.11495236084819967,0.11495236084819967,0.38317453616066555,0.0,0.38317453616066555,0.38317453616066555,1,3,2,split_bootstrap_over_split_means
yelpchi,camouflage_feature_oracle,sage,train_clean_eval_all,f1_macro,True,oracle_shift_sensitivity_diagnostic,False,0.1944205130735327,0.0,0.1944205130735327,0.1944205130735327,0.6480683769117758,0.0,0.6480683769117758,0.6480683769117758,1,3,2,split_bootstrap_over_split_means
yelpchi,camouflage_feature_oracle,sage,train_clean_eval_all,roc_auc,True,oracle_shift_sensitivity_diagnostic,False,0.22505999022591908,0.0,0.22505999022591908,0.22505999022591908,0.7501999674197304,0.0,0.7501999674197304,0.7501999674197304,1,3,2,split_bootstrap_over_split_means
yelpchi,camouflage_feature_oracle,sage,train_on_variant,average_precision,True,oracle_privileged_training_diagnostic,False,0.10877554116186339,0.0,0.10877554116186339,0.10877554116186339,0.36258513720621127,0.0,0.36258513720621127,0.36258513720621127,1,3,2,split_bootstrap_over_split_means
yelpchi,camouflage_feature_oracle,sage,train_on_variant,f1_macro,True,oracle_privileged_training_diagnostic,False,0.1908133658703756,0.0,0.1908133658703756,0.1908133658703756,0.6360445529012521,0.0,0.6360445529012521,0.6360445529012521,1,3,2,split_bootstrap_over_split_means
yelpchi,camouflage_feature_oracle,sage,train_on_variant,roc_auc,True,oracle_privileged_training_diagnostic,False,0.21995938188025363,0.0,0.21995938188025363,0.21995938188025363,0.7331979396008453,0.0,0.7331979396008453,0.7331979396008453,1,3,2,split_bootstrap_over_split_means
yelpchi,camouflage_feature_oracle,secgfd,train_clean_eval_all,average_precision,True,oracle_shift_sensitivity_diagnostic,False,0.1281046235711242,0.0,0.1281046235711242,0.1281046235711242,0.4270154119037474,0.0,0.4270154119037474,0.4270154119037474,1,3,2,split_bootstrap_over_split_means
yelpchi,camouflage_feature_oracle,secgfd,train_clean_eval_all,f1_macro,True,oracle_shift_sensitivity_diagnostic,False,0.20002763616285482,0.0,0.20002763616285482,0.20002763616285482,0.666758787209516,0.0,0.666758787209516,0.666758787209516,1,3,2,split_bootstrap_over_split_means
yelpchi,camouflage_feature_oracle,secgfd,train_clean_eval_all,roc_auc,True,oracle_shift_sensitivity_diagnostic,False,0.23077409355963482,0.0,0.23077409355963482,0.23077409355963482,0.7692469785321161,0.0,0.7692469785321161,0.7692469785321161,1,3,2,split_bootstrap_over_split_means
yelpchi,camouflage_feature_oracle,secgfd,train_on_variant,average_precision,True,oracle_privileged_training_diagnostic,False,0.12852752167983553,0.0,0.12852752167983553,0.12852752167983553,0.42842507226611853,0.0,0.42842507226611853,0.42842507226611853,1,3,2,split_bootstrap_over_split_means
yelpchi,camouflage_feature_oracle,secgfd,train_on_variant,f1_macro,True,oracle_privileged_training_diagnostic,False,0.20059021598314977,0.0,0.20059021598314977,0.20059021598314977,0.6686340532771659,0.0,0.6686340532771659,0.6686340532771659,1,3,2,split_bootstrap_over_split_means
yelpchi,camouflage_feature_oracle,secgfd,train_on_variant,roc_auc,True,oracle_privileged_training_diagnostic,False,0.2327657395537813,0.0,0.2327657395537813,0.2327657395537813,0.7758857985126043,0.0,0.7758857985126043,0.7758857985126043,1,3,2,split_bootstrap_over_split_means
yelpchi,camouflage_relation_oracle,mlp,train_clean_eval_all,average_precision,True,oracle_shift_sensitivity_diagnostic,False,0.11981393765084285,0.0,0.11981393765084285,0.11981393765084285,0.39937979216947617,0.0,0.39937979216947617,0.39937979216947617,1,3,2,split_bootstrap_over_split_means
yelpchi,camouflage_relation_oracle,mlp,train_clean_eval_all,f1_macro,True,oracle_shift_sensitivity_diagnostic,False,0.19595529927795677,0.0,0.19595529927795677,0.19595529927795677,0.6531843309265226,0.0,0.6531843309265226,0.6531843309265226,1,3,2,split_bootstrap_over_split_means
yelpchi,camouflage_relation_oracle,mlp,train_clean_eval_all,roc_auc,True,oracle_shift_sensitivity_diagnostic,False,0.23438119901680854,0.0,0.23438119901680854,0.23438119901680854,0.7812706633893618,0.0,0.7812706633893618,0.7812706633893618,1,3,2,split_bootstrap_over_split_means
yelpchi,camouflage_relation_oracle,mlp,train_on_variant,average_precision,True,oracle_privileged_training_diagnostic,False,0.11981393765084285,0.0,0.11981393765084285,0.11981393765084285,0.39937979216947617,0.0,0.39937979216947617,0.39937979216947617,1,3,2,split_bootstrap_over_split_means
yelpchi,camouflage_relation_oracle,mlp,train_on_variant,f1_macro,True,oracle_privileged_training_diagnostic,False,0.19595529927795677,0.0,0.19595529927795677,0.19595529927795677,0.6531843309265226,0.0,0.6531843309265226,0.6531843309265226,1,3,2,split_bootstrap_over_split_means
yelpchi,camouflage_relation_oracle,mlp,train_on_variant,roc_auc,True,oracle_privileged_training_diagnostic,False,0.23438119901680854,0.0,0.23438119901680854,0.23438119901680854,0.7812706633893618,0.0,0.7812706633893618,0.7812706633893618,1,3,2,split_bootstrap_over_split_means
yelpchi,camouflage_relation_oracle,pmp,train_clean_eval_all,average_precision,True,oracle_shift_sensitivity_diagnostic,False,0.16999389390129582,0.0,0.16999389390129582,0.16999389390129582,0.5666463130043194,0.0,0.5666463130043194,0.5666463130043194,1,3,2,split_bootstrap_over_split_means
yelpchi,camouflage_relation_oracle,pmp,train_clean_eval_all,f1_macro,True,oracle_shift_sensitivity_diagnostic,False,0.21560035901253793,0.0,0.21560035901253793,0.21560035901253793,0.7186678633751264,0.0,0.7186678633751264,0.7186678633751264,1,3,2,split_bootstrap_over_split_means
yelpchi,camouflage_relation_oracle,pmp,train_clean_eval_all,roc_auc,True,oracle_shift_sensitivity_diagnostic,False,0.2548043096338986,0.0,0.2548043096338986,0.2548043096338986,0.8493476987796619,0.0,0.8493476987796619,0.8493476987796619,1,3,2,split_bootstrap_over_split_means
yelpchi,camouflage_relation_oracle,pmp,train_on_variant,average_precision,True,oracle_privileged_training_diagnostic,False,0.16704338075824188,0.0,0.16704338075824188,0.16704338075824188,0.5568112691941397,0.0,0.5568112691941397,0.5568112691941397,1,3,2,split_bootstrap_over_split_means
yelpchi,camouflage_relation_oracle,pmp,train_on_variant,f1_macro,True,oracle_privileged_training_diagnostic,False,0.2156432413276493,0.0,0.2156432413276493,0.2156432413276493,0.7188108044254978,0.0,0.7188108044254978,0.7188108044254978,1,3,2,split_bootstrap_over_split_means
yelpchi,camouflage_relation_oracle,pmp,train_on_variant,roc_auc,True,oracle_privileged_training_diagnostic,False,0.2540902283034174,0.0,0.2540902283034174,0.2540902283034174,0.8469674276780578,0.0,0.8469674276780578,0.8469674276780578,1,3,2,split_bootstrap_over_split_means
yelpchi,camouflage_relation_oracle,sage,train_clean_eval_all,average_precision,True,oracle_shift_sensitivity_diagnostic,False,0.12808564521973564,0.0,0.12808564521973564,0.12808564521973564,0.42695215073245213,0.0,0.42695215073245213,0.42695215073245213,1,3,2,split_bootstrap_over_split_means
yelpchi,camouflage_relation_oracle,sage,train_clean_eval_all,f1_macro,True,oracle_shift_sensitivity_diagnostic,False,0.20089831332008146,0.0,0.20089831332008146,0.20089831332008146,0.6696610444002715,0.0,0.6696610444002715,0.6696610444002715,1,3,2,split_bootstrap_over_split_means
yelpchi,camouflage_relation_oracle,sage,train_clean_eval_all,roc_auc,True,oracle_shift_sensitivity_diagnostic,False,0.23726488174324403,0.0,0.23726488174324403,0.23726488174324403,0.7908829391441469,0.0,0.7908829391441469,0.7908829391441469,1,3,2,split_bootstrap_over_split_means
yelpchi,camouflage_relation_oracle,sage,train_on_variant,average_precision,True,oracle_privileged_training_diagnostic,False,0.11088419573220583,0.0,0.11088419573220583,0.11088419573220583,0.3696139857740195,0.0,0.3696139857740195,0.3696139857740195,1,3,2,split_bootstrap_over_split_means
yelpchi,camouflage_relation_oracle,sage,train_on_variant,f1_macro,True,oracle_privileged_training_diagnostic,False,0.19219394148746657,0.0,0.19219394148746657,0.19219394148746657,0.6406464716248886,0.0,0.6406464716248886,0.6406464716248886,1,3,2,split_bootstrap_over_split_means
yelpchi,camouflage_relation_oracle,sage,train_on_variant,roc_auc,True,oracle_privileged_training_diagnostic,False,0.22524909045953093,0.0,0.22524909045953093,0.22524909045953093,0.7508303015317698,0.0,0.7508303015317698,0.7508303015317698,1,3,2,split_bootstrap_over_split_means
yelpchi,camouflage_relation_oracle,secgfd,train_clean_eval_all,average_precision,True,oracle_shift_sensitivity_diagnostic,False,0.14272364750505392,0.0,0.14272364750505392,0.14272364750505392,0.4757454916835131,0.0,0.4757454916835131,0.4757454916835131,1,3,2,split_bootstrap_over_split_means
yelpchi,camouflage_relation_oracle,secgfd,train_clean_eval_all,f1_macro,True,oracle_shift_sensitivity_diagnostic,False,0.20698319168127766,0.0,0.20698319168127766,0.20698319168127766,0.6899439722709255,0.0,0.6899439722709255,0.6899439722709255,1,3,2,split_bootstrap_over_split_means
yelpchi,camouflage_relation_oracle,secgfd,train_clean_eval_all,roc_auc,True,oracle_shift_sensitivity_diagnostic,False,0.24426034983916142,0.0,0.24426034983916142,0.24426034983916142,0.8142011661305381,0.0,0.8142011661305381,0.8142011661305381,1,3,2,split_bootstrap_over_split_means
yelpchi,camouflage_relation_oracle,secgfd,train_on_variant,average_precision,True,oracle_privileged_training_diagnostic,False,0.1412029563207519,0.0,0.1412029563207519,0.1412029563207519,0.470676521069173,0.0,0.470676521069173,0.470676521069173,1,3,2,split_bootstrap_over_split_means
yelpchi,camouflage_relation_oracle,secgfd,train_on_variant,f1_macro,True,oracle_privileged_training_diagnostic,False,0.20666968029572672,0.0,0.20666968029572672,0.20666968029572672,0.6888989343190891,0.0,0.6888989343190891,0.6888989343190891,1,3,2,split_bootstrap_over_split_means
yelpchi,camouflage_relation_oracle,secgfd,train_on_variant,roc_auc,True,oracle_privileged_training_diagnostic,False,0.24390085599192082,0.0,0.24390085599192082,0.24390085599192082,0.8130028533064028,0.0,0.8130028533064028,0.8130028533064028,1,3,2,split_bootstrap_over_split_means
yelpchi,heterophily_rewire_nonoracle,mlp,train_clean_eval_all,average_precision,False,non_oracle_controlled_stress,True,0.11981393765084285,0.0,0.11981393765084285,0.11981393765084285,0.39937979216947617,0.0,0.39937979216947617,0.39937979216947617,1,3,2,split_bootstrap_over_split_means
yelpchi,heterophily_rewire_nonoracle,mlp,train_clean_eval_all,f1_macro,False,non_oracle_controlled_stress,True,0.19595529927795677,0.0,0.19595529927795677,0.19595529927795677,0.6531843309265226,0.0,0.6531843309265226,0.6531843309265226,1,3,2,split_bootstrap_over_split_means
yelpchi,heterophily_rewire_nonoracle,mlp,train_clean_eval_all,roc_auc,False,non_oracle_controlled_stress,True,0.23438119901680854,0.0,0.23438119901680854,0.23438119901680854,0.7812706633893618,0.0,0.7812706633893618,0.7812706633893618,1,3,2,split_bootstrap_over_split_means
yelpchi,heterophily_rewire_nonoracle,mlp,train_on_variant,average_precision,False,non_oracle_controlled_stress,True,0.11981393765084285,0.0,0.11981393765084285,0.11981393765084285,0.39937979216947617,0.0,0.39937979216947617,0.39937979216947617,1,3,2,split_bootstrap_over_split_means
yelpchi,heterophily_rewire_nonoracle,mlp,train_on_variant,f1_macro,False,non_oracle_controlled_stress,True,0.19595529927795677,0.0,0.19595529927795677,0.19595529927795677,0.6531843309265226,0.0,0.6531843309265226,0.6531843309265226,1,3,2,split_bootstrap_over_split_means
yelpchi,heterophily_rewire_nonoracle,mlp,train_on_variant,roc_auc,False,non_oracle_controlled_stress,True,0.23438119901680854,0.0,0.23438119901680854,0.23438119901680854,0.7812706633893618,0.0,0.7812706633893618,0.7812706633893618,1,3,2,split_bootstrap_over_split_means
yelpchi,heterophily_rewire_nonoracle,pmp,train_clean_eval_all,average_precision,False,non_oracle_controlled_stress,True,0.1568456845715919,0.0,0.1568456845715919,0.1568456845715919,0.5228189485719731,0.0,0.5228189485719731,0.5228189485719731,1,3,2,split_bootstrap_over_split_means
yelpchi,heterophily_rewire_nonoracle,pmp,train_clean_eval_all,f1_macro,False,non_oracle_controlled_stress,True,0.210081091221513,0.0,0.210081091221513,0.210081091221513,0.7002703040717102,0.0,0.7002703040717102,0.7002703040717102,1,3,2,split_bootstrap_over_split_means
yelpchi,heterophily_rewire_nonoracle,pmp,train_clean_eval_all,roc_auc,False,non_oracle_controlled_stress,True,0.24962057640304294,0.0,0.24962057640304294,0.24962057640304294,0.8320685880101432,0.0,0.8320685880101432,0.8320685880101432,1,3,2,split_bootstrap_over_split_means
yelpchi,heterophily_rewire_nonoracle,pmp,train_on_variant,average_precision,False,non_oracle_controlled_stress,True,0.1600335451676375,0.0,0.1600335451676375,0.1600335451676375,0.5334451505587916,0.0,0.5334451505587916,0.5334451505587916,1,3,2,split_bootstrap_over_split_means
yelpchi,heterophily_rewire_nonoracle,pmp,train_on_variant,f1_macro,False,non_oracle_controlled_stress,True,0.2127802466797992,0.0,0.2127802466797992,0.2127802466797992,0.7092674889326641,0.0,0.7092674889326641,0.7092674889326641,1,3,2,split_bootstrap_over_split_means
yelpchi,heterophily_rewire_nonoracle,pmp,train_on_variant,roc_auc,False,non_oracle_controlled_stress,True,0.251734943130065,0.0,0.251734943130065,0.251734943130065,0.8391164771002168,0.0,0.8391164771002168,0.8391164771002168,1,3,2,split_bootstrap_over_split_means
yelpchi,heterophily_rewire_nonoracle,sage,train_clean_eval_all,average_precision,False,non_oracle_controlled_stress,True,0.12585669743151698,0.0,0.12585669743151698,0.12585669743151698,0.4195223247717233,0.0,0.4195223247717233,0.4195223247717233,1,3,2,split_bootstrap_over_split_means
yelpchi,heterophily_rewire_nonoracle,sage,train_clean_eval_all,f1_macro,False,non_oracle_controlled_stress,True,0.1995584818975248,0.0,0.1995584818975248,0.1995584818975248,0.665194939658416,0.0,0.665194939658416,0.665194939658416,1,3,2,split_bootstrap_over_split_means
yelpchi,heterophily_rewire_nonoracle,sage,train_clean_eval_all,roc_auc,False,non_oracle_controlled_stress,True,0.2362943818935925,0.0,0.2362943818935925,0.2362943818935925,0.7876479396453083,0.0,0.7876479396453083,0.7876479396453083,1,3,2,split_bootstrap_over_split_means
yelpchi,heterophily_rewire_nonoracle,sage,train_on_variant,average_precision,False,non_oracle_controlled_stress,True,0.10617572455884576,0.0,0.10617572455884576,0.10617572455884576,0.35391908186281923,0.0,0.35391908186281923,0.35391908186281923,1,3,2,split_bootstrap_over_split_means
yelpchi,heterophily_rewire_nonoracle,sage,train_on_variant,f1_macro,False,non_oracle_controlled_stress,True,0.18921864289281584,0.0,0.18921864289281584,0.18921864289281584,0.6307288096427194,0.0,0.6307288096427194,0.6307288096427194,1,3,2,split_bootstrap_over_split_means
yelpchi,heterophily_rewire_nonoracle,sage,train_on_variant,roc_auc,False,non_oracle_controlled_stress,True,0.22076978944113426,0.0,0.22076978944113426,0.22076978944113426,0.7358992981371143,0.0,0.7358992981371143,0.7358992981371143,1,3,2,split_bootstrap_over_split_means
yelpchi,heterophily_rewire_nonoracle,secgfd,train_clean_eval_all,average_precision,False,non_oracle_controlled_stress,True,0.1398487202304678,0.0,0.1398487202304678,0.1398487202304678,0.46616240076822607,0.0,0.46616240076822607,0.46616240076822607,1,3,2,split_bootstrap_over_split_means
yelpchi,heterophily_rewire_nonoracle,secgfd,train_clean_eval_all,f1_macro,False,non_oracle_controlled_stress,True,0.20597259450906283,0.0,0.20597259450906283,0.20597259450906283,0.6865753150302094,0.0,0.6865753150302094,0.6865753150302094,1,3,2,split_bootstrap_over_split_means
yelpchi,heterophily_rewire_nonoracle,secgfd,train_clean_eval_all,roc_auc,False,non_oracle_controlled_stress,True,0.24310436421144788,0.0,0.24310436421144788,0.24310436421144788,0.8103478807048264,0.0,0.8103478807048264,0.8103478807048264,1,3,2,split_bootstrap_over_split_means
yelpchi,heterophily_rewire_nonoracle,secgfd,train_on_variant,average_precision,False,non_oracle_controlled_stress,True,0.1426824354745385,0.0,0.1426824354745385,0.1426824354745385,0.47560811824846166,0.0,0.47560811824846166,0.47560811824846166,1,3,2,split_bootstrap_over_split_means
yelpchi,heterophily_rewire_nonoracle,secgfd,train_on_variant,f1_macro,False,non_oracle_controlled_stress,True,0.20743094213788346,0.0,0.20743094213788346,0.20743094213788346,0.6914364737929449,0.0,0.6914364737929449,0.6914364737929449,1,3,2,split_bootstrap_over_split_means
yelpchi,heterophily_rewire_nonoracle,secgfd,train_on_variant,roc_auc,False,non_oracle_controlled_stress,True,0.2446616730559216,0.0,0.2446616730559216,0.2446616730559216,0.8155389101864055,0.0,0.8155389101864055,0.8155389101864055,1,3,2,split_bootstrap_over_split_means
yelpchi,heterophily_rewire_oracle,mlp,train_clean_eval_all,average_precision,True,oracle_shift_sensitivity_diagnostic,False,0.11981393765084285,0.0,0.11981393765084285,0.11981393765084285,0.39937979216947617,0.0,0.39937979216947617,0.39937979216947617,1,3,2,split_bootstrap_over_split_means
yelpchi,heterophily_rewire_oracle,mlp,train_clean_eval_all,f1_macro,True,oracle_shift_sensitivity_diagnostic,False,0.19595529927795677,0.0,0.19595529927795677,0.19595529927795677,0.6531843309265226,0.0,0.6531843309265226,0.6531843309265226,1,3,2,split_bootstrap_over_split_means
yelpchi,heterophily_rewire_oracle,mlp,train_clean_eval_all,roc_auc,True,oracle_shift_sensitivity_diagnostic,False,0.23438119901680854,0.0,0.23438119901680854,0.23438119901680854,0.7812706633893618,0.0,0.7812706633893618,0.7812706633893618,1,3,2,split_bootstrap_over_split_means
yelpchi,heterophily_rewire_oracle,mlp,train_on_variant,average_precision,True,oracle_privileged_training_diagnostic,False,0.11981393765084285,0.0,0.11981393765084285,0.11981393765084285,0.39937979216947617,0.0,0.39937979216947617,0.39937979216947617,1,3,2,split_bootstrap_over_split_means
yelpchi,heterophily_rewire_oracle,mlp,train_on_variant,f1_macro,True,oracle_privileged_training_diagnostic,False,0.19595529927795677,0.0,0.19595529927795677,0.19595529927795677,0.6531843309265226,0.0,0.6531843309265226,0.6531843309265226,1,3,2,split_bootstrap_over_split_means
yelpchi,heterophily_rewire_oracle,mlp,train_on_variant,roc_auc,True,oracle_privileged_training_diagnostic,False,0.23438119901680854,0.0,0.23438119901680854,0.23438119901680854,0.7812706633893618,0.0,0.7812706633893618,0.7812706633893618,1,3,2,split_bootstrap_over_split_means
yelpchi,heterophily_rewire_oracle,pmp,train_clean_eval_all,average_precision,True,oracle_shift_sensitivity_diagnostic,False,0.1348506408351746,0.0,0.1348506408351746,0.1348506408351746,0.4495021361172487,0.0,0.4495021361172487,0.4495021361172487,1,3,2,split_bootstrap_over_split_means
yelpchi,heterophily_rewire_oracle,pmp,train_clean_eval_all,f1_macro,True,oracle_shift_sensitivity_diagnostic,False,0.20063172678193644,0.0,0.20063172678193644,0.20063172678193644,0.6687724226064549,0.0,0.6687724226064549,0.6687724226064549,1,3,2,split_bootstrap_over_split_means
yelpchi,heterophily_rewire_oracle,pmp,train_clean_eval_all,roc_auc,True,oracle_shift_sensitivity_diagnostic,False,0.23909874846793175,0.0,0.23909874846793175,0.23909874846793175,0.7969958282264392,0.0,0.7969958282264392,0.7969958282264392,1,3,2,split_bootstrap_over_split_means
yelpchi,heterophily_rewire_oracle,pmp,train_on_variant,average_precision,True,oracle_privileged_training_diagnostic,False,0.17492524748578445,0.0,0.17492524748578445,0.17492524748578445,0.5830841582859482,0.0,0.5830841582859482,0.5830841582859482,1,3,2,split_bootstrap_over_split_means
yelpchi,heterophily_rewire_oracle,pmp,train_on_variant,f1_macro,True,oracle_privileged_training_diagnostic,False,0.22145395351480154,0.0,0.22145395351480154,0.22145395351480154,0.7381798450493385,0.0,0.7381798450493385,0.7381798450493385,1,3,2,split_bootstrap_over_split_means
yelpchi,heterophily_rewire_oracle,pmp,train_on_variant,roc_auc,True,oracle_privileged_training_diagnostic,False,0.26171588034947163,0.0,0.26171588034947163,0.26171588034947163,0.8723862678315721,0.0,0.8723862678315721,0.8723862678315721,1,3,2,split_bootstrap_over_split_means
yelpchi,heterophily_rewire_oracle,sage,train_clean_eval_all,average_precision,True,oracle_shift_sensitivity_diagnostic,False,0.12038402721071974,0.0,0.12038402721071974,0.12038402721071974,0.40128009070239923,0.0,0.40128009070239923,0.40128009070239923,1,3,2,split_bootstrap_over_split_means
yelpchi,heterophily_rewire_oracle,sage,train_clean_eval_all,f1_macro,True,oracle_shift_sensitivity_diagnostic,False,0.19725678368570762,0.0,0.19725678368570762,0.19725678368570762,0.6575226122856921,0.0,0.6575226122856921,0.6575226122856921,1,3,2,split_bootstrap_over_split_means
yelpchi,heterophily_rewire_oracle,sage,train_clean_eval_all,roc_auc,True,oracle_shift_sensitivity_diagnostic,False,0.2333351307107653,0.0,0.2333351307107653,0.2333351307107653,0.7777837690358845,0.0,0.7777837690358845,0.7777837690358845,1,3,2,split_bootstrap_over_split_means
yelpchi,heterophily_rewire_oracle,sage,train_on_variant,average_precision,True,oracle_privileged_training_diagnostic,False,0.15188228527037295,0.0,0.15188228527037295,0.15188228527037295,0.5062742842345765,0.0,0.5062742842345765,0.5062742842345765,1,3,2,split_bootstrap_over_split_means
yelpchi,heterophily_rewire_oracle,sage,train_on_variant,f1_macro,True,oracle_privileged_training_diagnostic,False,0.2110525673780198,0.0,0.2110525673780198,0.2110525673780198,0.7035085579267327,0.0,0.7035085579267327,0.7035085579267327,1,3,2,split_bootstrap_over_split_means
yelpchi,heterophily_rewire_oracle,sage,train_on_variant,roc_auc,True,oracle_privileged_training_diagnostic,False,0.2499067250435801,0.0,0.2499067250435801,0.2499067250435801,0.8330224168119336,0.0,0.8330224168119336,0.8330224168119336,1,3,2,split_bootstrap_over_split_means
yelpchi,heterophily_rewire_oracle,secgfd,train_clean_eval_all,average_precision,True,oracle_shift_sensitivity_diagnostic,False,0.0889840016532661,0.0,0.0889840016532661,0.0889840016532661,0.2966133388442204,0.0,0.2966133388442204,0.2966133388442204,1,3,2,split_bootstrap_over_split_means
yelpchi,heterophily_rewire_oracle,secgfd,train_clean_eval_all,f1_macro,True,oracle_shift_sensitivity_diagnostic,False,0.17737398193886045,0.0,0.17737398193886045,0.17737398193886045,0.5912466064628682,0.0,0.5912466064628682,0.5912466064628682,1,3,2,split_bootstrap_over_split_means
yelpchi,heterophily_rewire_oracle,secgfd,train_clean_eval_all,roc_auc,True,oracle_shift_sensitivity_diagnostic,False,0.20263412614967047,0.0,0.20263412614967047,0.20263412614967047,0.6754470871655682,0.0,0.6754470871655682,0.6754470871655682,1,3,2,split_bootstrap_over_split_means
yelpchi,heterophily_rewire_oracle,secgfd,train_on_variant,average_precision,True,oracle_privileged_training_diagnostic,False,0.25884689691050533,0.0,0.25884689691050533,0.25884689691050533,0.8628229897016845,0.0,0.8628229897016845,0.8628229897016845,1,3,2,split_bootstrap_over_split_means
yelpchi,heterophily_rewire_oracle,secgfd,train_on_variant,f1_macro,True,oracle_privileged_training_diagnostic,False,0.2737855726663254,0.0,0.2737855726663254,0.2737855726663254,0.9126185755544179,0.0,0.9126185755544179,0.9126185755544179,1,3,2,split_bootstrap_over_split_means
yelpchi,heterophily_rewire_oracle,secgfd,train_on_variant,roc_auc,True,oracle_privileged_training_diagnostic,False,0.28544960164796424,0.0,0.28544960164796424,0.28544960164796424,0.9514986721598807,0.0,0.9514986721598807,0.9514986721598807,1,3,2,split_bootstrap_over_split_means
yelpchi,noise_edges_uniform,mlp,train_clean_eval_all,average_precision,False,non_oracle_controlled_stress,True,0.07987595843389524,0.0,0.07987595843389524,0.07987595843389524,0.39937979216947617,0.0,0.39937979216947617,0.39937979216947617,1,3,2,split_bootstrap_over_split_means
yelpchi,noise_edges_uniform,mlp,train_clean_eval_all,f1_macro,False,non_oracle_controlled_stress,True,0.13063686618530457,0.0,0.13063686618530457,0.13063686618530457,0.6531843309265226,0.0,0.6531843309265226,0.6531843309265226,1,3,2,split_bootstrap_over_split_means
yelpchi,noise_edges_uniform,mlp,train_clean_eval_all,roc_auc,False,non_oracle_controlled_stress,True,0.15625413267787236,0.0,0.15625413267787236,0.15625413267787236,0.7812706633893618,0.0,0.7812706633893618,0.7812706633893618,1,3,2,split_bootstrap_over_split_means
yelpchi,noise_edges_uniform,mlp,train_on_variant,average_precision,False,non_oracle_controlled_stress,True,0.07987595843389524,0.0,0.07987595843389524,0.07987595843389524,0.39937979216947617,0.0,0.39937979216947617,0.39937979216947617,1,3,2,split_bootstrap_over_split_means
yelpchi,noise_edges_uniform,mlp,train_on_variant,f1_macro,False,non_oracle_controlled_stress,True,0.13063686618530457,0.0,0.13063686618530457,0.13063686618530457,0.6531843309265226,0.0,0.6531843309265226,0.6531843309265226,1,3,2,split_bootstrap_over_split_means
yelpchi,noise_edges_uniform,mlp,train_on_variant,roc_auc,False,non_oracle_controlled_stress,True,0.15625413267787236,0.0,0.15625413267787236,0.15625413267787236,0.7812706633893618,0.0,0.7812706633893618,0.7812706633893618,1,3,2,split_bootstrap_over_split_means
yelpchi,noise_edges_uniform,pmp,train_clean_eval_all,average_precision,False,non_oracle_controlled_stress,True,0.10763815734472366,0.0,0.10763815734472366,0.10763815734472366,0.5381907867236183,0.0,0.5381907867236183,0.5381907867236183,1,3,2,split_bootstrap_over_split_means
yelpchi,noise_edges_uniform,pmp,train_clean_eval_all,f1_macro,False,non_oracle_controlled_stress,True,0.1416439131588362,0.0,0.1416439131588362,0.1416439131588362,0.708219565794181,0.0,0.708219565794181,0.708219565794181,1,3,2,split_bootstrap_over_split_means
yelpchi,noise_edges_uniform,pmp,train_clean_eval_all,roc_auc,False,non_oracle_controlled_stress,True,0.16804163648342954,0.0,0.16804163648342954,0.16804163648342954,0.8402081824171477,0.0,0.8402081824171477,0.8402081824171477,1,3,2,split_bootstrap_over_split_means
yelpchi,noise_edges_uniform,pmp,train_on_variant,average_precision,False,non_oracle_controlled_stress,True,0.10815393101095568,0.0,0.10815393101095568,0.10815393101095568,0.5407696550547784,0.0,0.5407696550547784,0.5407696550547784,1,3,2,split_bootstrap_over_split_means
yelpchi,noise_edges_uniform,pmp,train_on_variant,f1_macro,False,non_oracle_controlled_stress,True,0.14233728653669098,0.0,0.14233728653669098,0.14233728653669098,0.711686432683455,0.0,0.711686432683455,0.711686432683455,1,3,2,split_bootstrap_over_split_means
yelpchi,noise_edges_uniform,pmp,train_on_variant,roc_auc,False,non_oracle_controlled_stress,True,0.16848285214988812,0.0,0.16848285214988812,0.16848285214988812,0.8424142607494406,0.0,0.8424142607494406,0.8424142607494406,1,3,2,split_bootstrap_over_split_means
yelpchi,noise_edges_uniform,sage,train_clean_eval_all,average_precision,False,non_oracle_controlled_stress,True,0.08446547793641684,0.0,0.08446547793641684,0.08446547793641684,0.4223273896820841,0.0,0.4223273896820841,0.4223273896820841,1,3,2,split_bootstrap_over_split_means
yelpchi,noise_edges_uniform,sage,train_clean_eval_all,f1_macro,False,non_oracle_controlled_stress,True,0.13328095856650043,0.0,0.13328095856650043,0.13328095856650043,0.6664047928325021,0.0,0.6664047928325021,0.6664047928325021,1,3,2,split_bootstrap_over_split_means
yelpchi,noise_edges_uniform,sage,train_clean_eval_all,roc_auc,False,non_oracle_controlled_stress,True,0.1578486733373566,0.0,0.1578486733373566,0.1578486733373566,0.789243366686783,0.0,0.789243366686783,0.789243366686783,1,3,2,split_bootstrap_over_split_means
yelpchi,noise_edges_uniform,sage,train_on_variant,average_precision,False,non_oracle_controlled_stress,True,0.065815862775243,0.0,0.065815862775243,0.065815862775243,0.329079313876215,0.0,0.329079313876215,0.329079313876215,1,3,2,split_bootstrap_over_split_means
yelpchi,noise_edges_uniform,sage,train_on_variant,f1_macro,False,non_oracle_controlled_stress,True,0.12360318830738644,0.0,0.12360318830738644,0.12360318830738644,0.6180159415369322,0.0,0.6180159415369322,0.6180159415369322,1,3,2,split_bootstrap_over_split_means
yelpchi,noise_edges_uniform,sage,train_on_variant,roc_auc,False,non_oracle_controlled_stress,True,0.1437983579882305,0.0,0.1437983579882305,0.1437983579882305,0.7189917899411525,0.0,0.7189917899411525,0.7189917899411525,1,3,2,split_bootstrap_over_split_means
yelpchi,noise_edges_uniform,secgfd,train_clean_eval_all,average_precision,False,non_oracle_controlled_stress,True,0.09390054035935086,0.0,0.09390054035935086,0.09390054035935086,0.4695027017967544,0.0,0.4695027017967544,0.4695027017967544,1,3,2,split_bootstrap_over_split_means
yelpchi,noise_edges_uniform,secgfd,train_clean_eval_all,f1_macro,False,non_oracle_controlled_stress,True,0.13772063584634464,0.0,0.13772063584634464,0.13772063584634464,0.6886031792317232,0.0,0.6886031792317232,0.6886031792317232,1,3,2,split_bootstrap_over_split_means
yelpchi,noise_edges_uniform,secgfd,train_clean_eval_all,roc_auc,False,non_oracle_controlled_stress,True,0.16240616568304964,0.0,0.16240616568304964,0.16240616568304964,0.8120308284152483,0.0,0.8120308284152483,0.8120308284152483,1,3,2,split_bootstrap_over_split_means
yelpchi,noise_edges_uniform,secgfd,train_on_variant,average_precision,False,non_oracle_controlled_stress,True,0.09487360779446008,0.0,0.09487360779446008,0.09487360779446008,0.47436803897230034,0.0,0.47436803897230034,0.47436803897230034,1,3,2,split_bootstrap_over_split_means
yelpchi,noise_edges_uniform,secgfd,train_on_variant,f1_macro,False,non_oracle_controlled_stress,True,0.13830534732410107,0.0,0.13830534732410107,0.13830534732410107,0.6915267366205055,0.0,0.6915267366205055,0.6915267366205055,1,3,2,split_bootstrap_over_split_means
yelpchi,noise_edges_uniform,secgfd,train_on_variant,roc_auc,False,non_oracle_controlled_stress,True,0.16302161927656272,0.0,0.16302161927656272,0.16302161927656272,0.8151080963828137,0.0,0.8151080963828137,0.8151080963828137,1,3,2,split_bootstrap_over_split_means
