dataset_id,scenario_id,severity,model_id,protocol,metric,oracle_labels,claim_scope,operational_ranking_eligible,mean,std,ci_lower,ci_upper,n_splits,min_training_seeds_per_split,min_graph_seeds_per_split,ci_method,source
yelpchi,camouflage_feature_oracle,0.0,mlp,train_clean_eval_all,average_precision,True,oracle_shift_sensitivity_diagnostic,False,0.39937979216947617,0.0,0.39937979216947617,0.39937979216947617,1,3,1,split_bootstrap_over_split_means,clean
yelpchi,camouflage_feature_oracle,0.0,mlp,train_clean_eval_all,f1_macro,True,oracle_shift_sensitivity_diagnostic,False,0.6531843309265226,0.0,0.6531843309265226,0.6531843309265226,1,3,1,split_bootstrap_over_split_means,clean
yelpchi,camouflage_feature_oracle,0.0,mlp,train_clean_eval_all,roc_auc,True,oracle_shift_sensitivity_diagnostic,False,0.7812706633893618,0.0,0.7812706633893618,0.7812706633893618,1,3,1,split_bootstrap_over_split_means,clean
yelpchi,camouflage_feature_oracle,0.0,mlp,train_on_variant,average_precision,True,oracle_privileged_training_diagnostic,False,0.39937979216947617,0.0,0.39937979216947617,0.39937979216947617,1,3,1,split_bootstrap_over_split_means,clean
yelpchi,camouflage_feature_oracle,0.0,mlp,train_on_variant,f1_macro,True,oracle_privileged_training_diagnostic,False,0.6531843309265226,0.0,0.6531843309265226,0.6531843309265226,1,3,1,split_bootstrap_over_split_means,clean
yelpchi,camouflage_feature_oracle,0.0,mlp,train_on_variant,roc_auc,True,oracle_privileged_training_diagnostic,False,0.7812706633893618,0.0,0.7812706633893618,0.7812706633893618,1,3,1,split_bootstrap_over_split_means,clean
yelpchi,camouflage_feature_oracle,0.0,pmp,train_clean_eval_all,average_precision,True,oracle_shift_sensitivity_diagnostic,False,0.5677252637869848,0.0,0.5677252637869848,0.5677252637869848,1,3,1,split_bootstrap_over_split_means,clean
yelpchi,camouflage_feature_oracle,0.0,pmp,train_clean_eval_all,f1_macro,True,oracle_shift_sensitivity_diagnostic,False,0.719663923941368,0.0,0.719663923941368,0.719663923941368,1,3,1,split_bootstrap_over_split_means,clean
yelpchi,camouflage_feature_oracle,0.0,pmp,train_clean_eval_all,roc_auc,True,oracle_shift_sensitivity_diagnostic,False,0.849193776874713,0.0,0.849193776874713,0.849193776874713,1,3,1,split_bootstrap_over_split_means,clean
yelpchi,camouflage_feature_oracle,0.0,pmp,train_on_variant,average_precision,True,oracle_privileged_training_diagnostic,False,0.5677252637869848,0.0,0.5677252637869848,0.5677252637869848,1,3,1,split_bootstrap_over_split_means,clean
yelpchi,camouflage_feature_oracle,0.0,pmp,train_on_variant,f1_macro,True,oracle_privileged_training_diagnostic,False,0.719663923941368,0.0,0.719663923941368,0.719663923941368,1,3,1,split_bootstrap_over_split_means,clean
yelpchi,camouflage_feature_oracle,0.0,pmp,train_on_variant,roc_auc,True,oracle_privileged_training_diagnostic,False,0.849193776874713,0.0,0.849193776874713,0.849193776874713,1,3,1,split_bootstrap_over_split_means,clean
yelpchi,camouflage_feature_oracle,0.0,sage,train_clean_eval_all,average_precision,True,oracle_shift_sensitivity_diagnostic,False,0.42708999760200883,0.0,0.42708999760200883,0.42708999760200883,1,3,1,split_bootstrap_over_split_means,clean
yelpchi,camouflage_feature_oracle,0.0,sage,train_clean_eval_all,f1_macro,True,oracle_shift_sensitivity_diagnostic,False,0.6697122615898071,0.0,0.6697122615898071,0.6697122615898071,1,3,1,split_bootstrap_over_split_means,clean
yelpchi,camouflage_feature_oracle,0.0,sage,train_clean_eval_all,roc_auc,True,oracle_shift_sensitivity_diagnostic,False,0.7909852512071072,0.0,0.7909852512071072,0.7909852512071072,1,3,1,split_bootstrap_over_split_means,clean
yelpchi,camouflage_feature_oracle,0.0,sage,train_on_variant,average_precision,True,oracle_privileged_training_diagnostic,False,0.42954172678053837,0.0,0.42954172678053837,0.42954172678053837,1,3,1,split_bootstrap_over_split_means,clean
yelpchi,camouflage_feature_oracle,0.0,sage,train_on_variant,f1_macro,True,oracle_privileged_training_diagnostic,False,0.6708279503970965,0.0,0.6708279503970965,0.6708279503970965,1,3,1,split_bootstrap_over_split_means,clean
yelpchi,camouflage_feature_oracle,0.0,sage,train_on_variant,roc_auc,True,oracle_privileged_training_diagnostic,False,0.7917030310560143,0.0,0.7917030310560143,0.7917030310560143,1,3,1,split_bootstrap_over_split_means,clean
yelpchi,camouflage_feature_oracle,0.0,secgfd,train_clean_eval_all,average_precision,True,oracle_shift_sensitivity_diagnostic,False,0.47551589125343435,0.0,0.47551589125343435,0.47551589125343435,1,3,1,split_bootstrap_over_split_means,clean
yelpchi,camouflage_feature_oracle,0.0,secgfd,train_clean_eval_all,f1_macro,True,oracle_shift_sensitivity_diagnostic,False,0.6896884499828166,0.0,0.6896884499828166,0.6896884499828166,1,3,1,split_bootstrap_over_split_means,clean
yelpchi,camouflage_feature_oracle,0.0,secgfd,train_clean_eval_all,roc_auc,True,oracle_shift_sensitivity_diagnostic,False,0.8140815809826377,0.0,0.8140815809826377,0.8140815809826377,1,3,1,split_bootstrap_over_split_means,clean
yelpchi,camouflage_feature_oracle,0.0,secgfd,train_on_variant,average_precision,True,oracle_privileged_training_diagnostic,False,0.4709483353668929,0.0,0.4709483353668929,0.4709483353668929,1,3,1,split_bootstrap_over_split_means,clean
yelpchi,camouflage_feature_oracle,0.0,secgfd,train_on_variant,f1_macro,True,oracle_privileged_training_diagnostic,False,0.687730212869523,0.0,0.687730212869523,0.687730212869523,1,3,1,split_bootstrap_over_split_means,clean
yelpchi,camouflage_feature_oracle,0.0,secgfd,train_on_variant,roc_auc,True,oracle_privileged_training_diagnostic,False,0.8125170309203386,0.0,0.8125170309203386,0.8125170309203386,1,3,1,split_bootstrap_over_split_means,clean
yelpchi,camouflage_feature_oracle,0.15,mlp,train_clean_eval_all,average_precision,True,oracle_shift_sensitivity_diagnostic,False,0.3612137698106763,0.0,0.3612137698106763,0.3612137698106763,1,3,2,split_bootstrap_over_split_means,scenario
yelpchi,camouflage_feature_oracle,0.15,mlp,train_clean_eval_all,f1_macro,True,oracle_shift_sensitivity_diagnostic,False,0.6348070088510053,0.0,0.6348070088510053,0.6348070088510053,1,3,2,split_bootstrap_over_split_means,scenario
yelpchi,camouflage_feature_oracle,0.15,mlp,train_clean_eval_all,roc_auc,True,oracle_shift_sensitivity_diagnostic,False,0.7416447555341201,0.0,0.7416447555341201,0.7416447555341201,1,3,2,split_bootstrap_over_split_means,scenario
yelpchi,camouflage_feature_oracle,0.15,mlp,train_on_variant,average_precision,True,oracle_privileged_training_diagnostic,False,0.3569698934145437,0.0,0.3569698934145437,0.3569698934145437,1,3,2,split_bootstrap_over_split_means,scenario
yelpchi,camouflage_feature_oracle,0.15,mlp,train_on_variant,f1_macro,True,oracle_privileged_training_diagnostic,False,0.6345085909181479,0.0,0.6345085909181479,0.6345085909181479,1,3,2,split_bootstrap_over_split_means,scenario
yelpchi,camouflage_feature_oracle,0.15,mlp,train_on_variant,roc_auc,True,oracle_privileged_training_diagnostic,False,0.7389589258029258,0.0,0.7389589258029258,0.7389589258029258,1,3,2,split_bootstrap_over_split_means,scenario
yelpchi,camouflage_feature_oracle,0.15,pmp,train_clean_eval_all,average_precision,True,oracle_shift_sensitivity_diagnostic,False,0.5126851280227783,0.0,0.5126851280227783,0.5126851280227783,1,3,2,split_bootstrap_over_split_means,scenario
yelpchi,camouflage_feature_oracle,0.15,pmp,train_clean_eval_all,f1_macro,True,oracle_shift_sensitivity_diagnostic,False,0.6954209554808578,0.0,0.6954209554808578,0.6954209554808578,1,3,2,split_bootstrap_over_split_means,scenario
yelpchi,camouflage_feature_oracle,0.15,pmp,train_clean_eval_all,roc_auc,True,oracle_shift_sensitivity_diagnostic,False,0.8064787439187308,0.0,0.8064787439187308,0.8064787439187308,1,3,2,split_bootstrap_over_split_means,scenario
yelpchi,camouflage_feature_oracle,0.15,pmp,train_on_variant,average_precision,True,oracle_privileged_training_diagnostic,False,0.49981937268939675,0.0,0.49981937268939675,0.49981937268939675,1,3,2,split_bootstrap_over_split_means,scenario
yelpchi,camouflage_feature_oracle,0.15,pmp,train_on_variant,f1_macro,True,oracle_privileged_training_diagnostic,False,0.6957062171337126,0.0,0.6957062171337126,0.6957062171337126,1,3,2,split_bootstrap_over_split_means,scenario
yelpchi,camouflage_feature_oracle,0.15,pmp,train_on_variant,roc_auc,True,oracle_privileged_training_diagnostic,False,0.8020201799811781,0.0,0.8020201799811781,0.8020201799811781,1,3,2,split_bootstrap_over_split_means,scenario
yelpchi,camouflage_feature_oracle,0.15,sage,train_clean_eval_all,average_precision,True,oracle_shift_sensitivity_diagnostic,False,0.38522501241651613,0.0,0.38522501241651613,0.38522501241651613,1,3,2,split_bootstrap_over_split_means,scenario
yelpchi,camouflage_feature_oracle,0.15,sage,train_clean_eval_all,f1_macro,True,oracle_shift_sensitivity_diagnostic,False,0.6488096458499042,0.0,0.6488096458499042,0.6488096458499042,1,3,2,split_bootstrap_over_split_means,scenario
yelpchi,camouflage_feature_oracle,0.15,sage,train_clean_eval_all,roc_auc,True,oracle_shift_sensitivity_diagnostic,False,0.7512939787590044,0.0,0.7512939787590044,0.7512939787590044,1,3,2,split_bootstrap_over_split_means,scenario
yelpchi,camouflage_feature_oracle,0.15,sage,train_on_variant,average_precision,True,oracle_privileged_training_diagnostic,False,0.35444768943767896,0.0,0.35444768943767896,0.35444768943767896,1,3,2,split_bootstrap_over_split_means,scenario
yelpchi,camouflage_feature_oracle,0.15,sage,train_on_variant,f1_macro,True,oracle_privileged_training_diagnostic,False,0.630764076877937,0.0,0.630764076877937,0.630764076877937,1,3,2,split_bootstrap_over_split_means,scenario
yelpchi,camouflage_feature_oracle,0.15,sage,train_on_variant,roc_auc,True,oracle_privileged_training_diagnostic,False,0.7268125706803045,0.0,0.7268125706803045,0.7268125706803045,1,3,2,split_bootstrap_over_split_means,scenario
yelpchi,camouflage_feature_oracle,0.15,secgfd,train_clean_eval_all,average_precision,True,oracle_shift_sensitivity_diagnostic,False,0.42965147665146547,0.0,0.42965147665146547,0.42965147665146547,1,3,2,split_bootstrap_over_split_means,scenario
yelpchi,camouflage_feature_oracle,0.15,secgfd,train_clean_eval_all,f1_macro,True,oracle_shift_sensitivity_diagnostic,False,0.6674235015119795,0.0,0.6674235015119795,0.6674235015119795,1,3,2,split_bootstrap_over_split_means,scenario
yelpchi,camouflage_feature_oracle,0.15,secgfd,train_clean_eval_all,roc_auc,True,oracle_shift_sensitivity_diagnostic,False,0.7696239295689425,0.0,0.7696239295689425,0.7696239295689425,1,3,2,split_bootstrap_over_split_means,scenario
yelpchi,camouflage_feature_oracle,0.15,secgfd,train_on_variant,average_precision,True,oracle_privileged_training_diagnostic,False,0.4245539731786245,0.0,0.4245539731786245,0.4245539731786245,1,3,2,split_bootstrap_over_split_means,scenario
yelpchi,camouflage_feature_oracle,0.15,secgfd,train_on_variant,f1_macro,True,oracle_privileged_training_diagnostic,False,0.6677599311717136,0.0,0.6677599311717136,0.6677599311717136,1,3,2,split_bootstrap_over_split_means,scenario
yelpchi,camouflage_feature_oracle,0.15,secgfd,train_on_variant,roc_auc,True,oracle_privileged_training_diagnostic,False,0.7715303426052681,0.0,0.7715303426052681,0.7715303426052681,1,3,2,split_bootstrap_over_split_means,scenario
yelpchi,camouflage_feature_oracle,0.3,mlp,train_clean_eval_all,average_precision,True,oracle_shift_sensitivity_diagnostic,False,0.31697205988075333,0.0,0.31697205988075333,0.31697205988075333,1,3,2,split_bootstrap_over_split_means,scenario
yelpchi,camouflage_feature_oracle,0.3,mlp,train_clean_eval_all,f1_macro,True,oracle_shift_sensitivity_diagnostic,False,0.6125329397078096,0.0,0.6125329397078096,0.6125329397078096,1,3,2,split_bootstrap_over_split_means,scenario
yelpchi,camouflage_feature_oracle,0.3,mlp,train_clean_eval_all,roc_auc,True,oracle_shift_sensitivity_diagnostic,False,0.6986283487315084,0.0,0.6986283487315084,0.6986283487315084,1,3,2,split_bootstrap_over_split_means,scenario
yelpchi,camouflage_feature_oracle,0.3,mlp,train_on_variant,average_precision,True,oracle_privileged_training_diagnostic,False,0.3213149900893049,0.0,0.3213149900893049,0.3213149900893049,1,3,2,split_bootstrap_over_split_means,scenario
yelpchi,camouflage_feature_oracle,0.3,mlp,train_on_variant,f1_macro,True,oracle_privileged_training_diagnostic,False,0.6165957513076381,0.0,0.6165957513076381,0.6165957513076381,1,3,2,split_bootstrap_over_split_means,scenario
yelpchi,camouflage_feature_oracle,0.3,mlp,train_on_variant,roc_auc,True,oracle_privileged_training_diagnostic,False,0.6998875669454118,0.0,0.6998875669454118,0.6998875669454118,1,3,2,split_bootstrap_over_split_means,scenario
yelpchi,camouflage_feature_oracle,0.3,pmp,train_clean_eval_all,average_precision,True,oracle_shift_sensitivity_diagnostic,False,0.4471068248245944,0.0,0.4471068248245944,0.4471068248245944,1,3,2,split_bootstrap_over_split_means,scenario
yelpchi,camouflage_feature_oracle,0.3,pmp,train_clean_eval_all,f1_macro,True,oracle_shift_sensitivity_diagnostic,False,0.665228898659338,0.0,0.665228898659338,0.665228898659338,1,3,2,split_bootstrap_over_split_means,scenario
yelpchi,camouflage_feature_oracle,0.3,pmp,train_clean_eval_all,roc_auc,True,oracle_shift_sensitivity_diagnostic,False,0.7631364609757063,0.0,0.7631364609757063,0.7631364609757063,1,3,2,split_bootstrap_over_split_means,scenario
yelpchi,camouflage_feature_oracle,0.3,pmp,train_on_variant,average_precision,True,oracle_privileged_training_diagnostic,False,0.41739097019771404,0.0,0.41739097019771404,0.41739097019771404,1,3,2,split_bootstrap_over_split_means,scenario
yelpchi,camouflage_feature_oracle,0.3,pmp,train_on_variant,f1_macro,True,oracle_privileged_training_diagnostic,False,0.6612018980252039,0.0,0.6612018980252039,0.6612018980252039,1,3,2,split_bootstrap_over_split_means,scenario
yelpchi,camouflage_feature_oracle,0.3,pmp,train_on_variant,roc_auc,True,oracle_privileged_training_diagnostic,False,0.759798136590236,0.0,0.759798136590236,0.759798136590236,1,3,2,split_bootstrap_over_split_means,scenario
yelpchi,camouflage_feature_oracle,0.3,sage,train_clean_eval_all,average_precision,True,oracle_shift_sensitivity_diagnostic,False,0.3351581222076212,0.0,0.3351581222076212,0.3351581222076212,1,3,2,split_bootstrap_over_split_means,scenario
yelpchi,camouflage_feature_oracle,0.3,sage,train_clean_eval_all,f1_macro,True,oracle_shift_sensitivity_diagnostic,False,0.6249419543574873,0.0,0.6249419543574873,0.6249419543574873,1,3,2,split_bootstrap_over_split_means,scenario
yelpchi,camouflage_feature_oracle,0.3,sage,train_clean_eval_all,roc_auc,True,oracle_shift_sensitivity_diagnostic,False,0.7072266609538053,0.0,0.7072266609538053,0.7072266609538053,1,3,2,split_bootstrap_over_split_means,scenario
yelpchi,camouflage_feature_oracle,0.3,sage,train_on_variant,average_precision,True,oracle_privileged_training_diagnostic,False,0.31190344316894864,0.0,0.31190344316894864,0.31190344316894864,1,3,2,split_bootstrap_over_split_means,scenario
yelpchi,camouflage_feature_oracle,0.3,sage,train_on_variant,f1_macro,True,oracle_privileged_training_diagnostic,False,0.6118221074520379,0.0,0.6118221074520379,0.6118221074520379,1,3,2,split_bootstrap_over_split_means,scenario
yelpchi,camouflage_feature_oracle,0.3,sage,train_on_variant,roc_auc,True,oracle_privileged_training_diagnostic,False,0.6874635859867588,0.0,0.6874635859867588,0.6874635859867588,1,3,2,split_bootstrap_over_split_means,scenario
yelpchi,camouflage_feature_oracle,0.3,secgfd,train_clean_eval_all,average_precision,True,oracle_shift_sensitivity_diagnostic,False,0.3732428030586242,0.0,0.3732428030586242,0.3732428030586242,1,3,2,split_bootstrap_over_split_means,scenario
yelpchi,camouflage_feature_oracle,0.3,secgfd,train_clean_eval_all,f1_macro,True,oracle_shift_sensitivity_diagnostic,False,0.6424996958312884,0.0,0.6424996958312884,0.6424996958312884,1,3,2,split_bootstrap_over_split_means,scenario
yelpchi,camouflage_feature_oracle,0.3,secgfd,train_clean_eval_all,roc_auc,True,oracle_shift_sensitivity_diagnostic,False,0.7236584740079414,0.0,0.7236584740079414,0.7236584740079414,1,3,2,split_bootstrap_over_split_means,scenario
yelpchi,camouflage_feature_oracle,0.3,secgfd,train_on_variant,average_precision,True,oracle_privileged_training_diagnostic,False,0.3936440073403322,0.0,0.3936440073403322,0.3936440073403322,1,3,2,split_bootstrap_over_split_means,scenario
yelpchi,camouflage_feature_oracle,0.3,secgfd,train_on_variant,f1_macro,True,oracle_privileged_training_diagnostic,False,0.6512861378957135,0.0,0.6512861378957135,0.6512861378957135,1,3,2,split_bootstrap_over_split_means,scenario
yelpchi,camouflage_feature_oracle,0.3,secgfd,train_on_variant,roc_auc,True,oracle_privileged_training_diagnostic,False,0.7479654779195428,0.0,0.7479654779195428,0.7479654779195428,1,3,2,split_bootstrap_over_split_means,scenario
yelpchi,camouflage_relation_oracle,0.0,mlp,train_clean_eval_all,average_precision,True,oracle_shift_sensitivity_diagnostic,False,0.39937979216947617,0.0,0.39937979216947617,0.39937979216947617,1,3,1,split_bootstrap_over_split_means,clean
yelpchi,camouflage_relation_oracle,0.0,mlp,train_clean_eval_all,f1_macro,True,oracle_shift_sensitivity_diagnostic,False,0.6531843309265226,0.0,0.6531843309265226,0.6531843309265226,1,3,1,split_bootstrap_over_split_means,clean
yelpchi,camouflage_relation_oracle,0.0,mlp,train_clean_eval_all,roc_auc,True,oracle_shift_sensitivity_diagnostic,False,0.7812706633893618,0.0,0.7812706633893618,0.7812706633893618,1,3,1,split_bootstrap_over_split_means,clean
yelpchi,camouflage_relation_oracle,0.0,mlp,train_on_variant,average_precision,True,oracle_privileged_training_diagnostic,False,0.39937979216947617,0.0,0.39937979216947617,0.39937979216947617,1,3,1,split_bootstrap_over_split_means,clean
yelpchi,camouflage_relation_oracle,0.0,mlp,train_on_variant,f1_macro,True,oracle_privileged_training_diagnostic,False,0.6531843309265226,0.0,0.6531843309265226,0.6531843309265226,1,3,1,split_bootstrap_over_split_means,clean
yelpchi,camouflage_relation_oracle,0.0,mlp,train_on_variant,roc_auc,True,oracle_privileged_training_diagnostic,False,0.7812706633893618,0.0,0.7812706633893618,0.7812706633893618,1,3,1,split_bootstrap_over_split_means,clean
yelpchi,camouflage_relation_oracle,0.0,pmp,train_clean_eval_all,average_precision,True,oracle_shift_sensitivity_diagnostic,False,0.5677252637869848,0.0,0.5677252637869848,0.5677252637869848,1,3,1,split_bootstrap_over_split_means,clean
yelpchi,camouflage_relation_oracle,0.0,pmp,train_clean_eval_all,f1_macro,True,oracle_shift_sensitivity_diagnostic,False,0.719663923941368,0.0,0.719663923941368,0.719663923941368,1,3,1,split_bootstrap_over_split_means,clean
yelpchi,camouflage_relation_oracle,0.0,pmp,train_clean_eval_all,roc_auc,True,oracle_shift_sensitivity_diagnostic,False,0.849193776874713,0.0,0.849193776874713,0.849193776874713,1,3,1,split_bootstrap_over_split_means,clean
yelpchi,camouflage_relation_oracle,0.0,pmp,train_on_variant,average_precision,True,oracle_privileged_training_diagnostic,False,0.5677252637869848,0.0,0.5677252637869848,0.5677252637869848,1,3,1,split_bootstrap_over_split_means,clean
yelpchi,camouflage_relation_oracle,0.0,pmp,train_on_variant,f1_macro,True,oracle_privileged_training_diagnostic,False,0.719663923941368,0.0,0.719663923941368,0.719663923941368,1,3,1,split_bootstrap_over_split_means,clean
yelpchi,camouflage_relation_oracle,0.0,pmp,train_on_variant,roc_auc,True,oracle_privileged_training_diagnostic,False,0.849193776874713,0.0,0.849193776874713,0.849193776874713,1,3,1,split_bootstrap_over_split_means,clean
yelpchi,camouflage_relation_oracle,0.0,sage,train_clean_eval_all,average_precision,True,oracle_shift_sensitivity_diagnostic,False,0.42708999760200883,0.0,0.42708999760200883,0.42708999760200883,1,3,1,split_bootstrap_over_split_means,clean
yelpchi,camouflage_relation_oracle,0.0,sage,train_clean_eval_all,f1_macro,True,oracle_shift_sensitivity_diagnostic,False,0.6697122615898071,0.0,0.6697122615898071,0.6697122615898071,1,3,1,split_bootstrap_over_split_means,clean
yelpchi,camouflage_relation_oracle,0.0,sage,train_clean_eval_all,roc_auc,True,oracle_shift_sensitivity_diagnostic,False,0.7909852512071072,0.0,0.7909852512071072,0.7909852512071072,1,3,1,split_bootstrap_over_split_means,clean
yelpchi,camouflage_relation_oracle,0.0,sage,train_on_variant,average_precision,True,oracle_privileged_training_diagnostic,False,0.42954172678053837,0.0,0.42954172678053837,0.42954172678053837,1,3,1,split_bootstrap_over_split_means,clean
yelpchi,camouflage_relation_oracle,0.0,sage,train_on_variant,f1_macro,True,oracle_privileged_training_diagnostic,False,0.6708279503970965,0.0,0.6708279503970965,0.6708279503970965,1,3,1,split_bootstrap_over_split_means,clean
yelpchi,camouflage_relation_oracle,0.0,sage,train_on_variant,roc_auc,True,oracle_privileged_training_diagnostic,False,0.7917030310560143,0.0,0.7917030310560143,0.7917030310560143,1,3,1,split_bootstrap_over_split_means,clean
yelpchi,camouflage_relation_oracle,0.0,secgfd,train_clean_eval_all,average_precision,True,oracle_shift_sensitivity_diagnostic,False,0.47551589125343435,0.0,0.47551589125343435,0.47551589125343435,1,3,1,split_bootstrap_over_split_means,clean
yelpchi,camouflage_relation_oracle,0.0,secgfd,train_clean_eval_all,f1_macro,True,oracle_shift_sensitivity_diagnostic,False,0.6896884499828166,0.0,0.6896884499828166,0.6896884499828166,1,3,1,split_bootstrap_over_split_means,clean
yelpchi,camouflage_relation_oracle,0.0,secgfd,train_clean_eval_all,roc_auc,True,oracle_shift_sensitivity_diagnostic,False,0.8140815809826377,0.0,0.8140815809826377,0.8140815809826377,1,3,1,split_bootstrap_over_split_means,clean
yelpchi,camouflage_relation_oracle,0.0,secgfd,train_on_variant,average_precision,True,oracle_privileged_training_diagnostic,False,0.4709483353668929,0.0,0.4709483353668929,0.4709483353668929,1,3,1,split_bootstrap_over_split_means,clean
yelpchi,camouflage_relation_oracle,0.0,secgfd,train_on_variant,f1_macro,True,oracle_privileged_training_diagnostic,False,0.687730212869523,0.0,0.687730212869523,0.687730212869523,1,3,1,split_bootstrap_over_split_means,clean
yelpchi,camouflage_relation_oracle,0.0,secgfd,train_on_variant,roc_auc,True,oracle_privileged_training_diagnostic,False,0.8125170309203386,0.0,0.8125170309203386,0.8125170309203386,1,3,1,split_bootstrap_over_split_means,clean
yelpchi,camouflage_relation_oracle,0.15,mlp,train_clean_eval_all,average_precision,True,oracle_shift_sensitivity_diagnostic,False,0.39937979216947617,0.0,0.39937979216947617,0.39937979216947617,1,3,2,split_bootstrap_over_split_means,scenario
yelpchi,camouflage_relation_oracle,0.15,mlp,train_clean_eval_all,f1_macro,True,oracle_shift_sensitivity_diagnostic,False,0.6531843309265226,0.0,0.6531843309265226,0.6531843309265226,1,3,2,split_bootstrap_over_split_means,scenario
yelpchi,camouflage_relation_oracle,0.15,mlp,train_clean_eval_all,roc_auc,True,oracle_shift_sensitivity_diagnostic,False,0.7812706633893618,0.0,0.7812706633893618,0.7812706633893618,1,3,2,split_bootstrap_over_split_means,scenario
yelpchi,camouflage_relation_oracle,0.15,mlp,train_on_variant,average_precision,True,oracle_privileged_training_diagnostic,False,0.39937979216947617,0.0,0.39937979216947617,0.39937979216947617,1,3,2,split_bootstrap_over_split_means,scenario
yelpchi,camouflage_relation_oracle,0.15,mlp,train_on_variant,f1_macro,True,oracle_privileged_training_diagnostic,False,0.6531843309265226,0.0,0.6531843309265226,0.6531843309265226,1,3,2,split_bootstrap_over_split_means,scenario
yelpchi,camouflage_relation_oracle,0.15,mlp,train_on_variant,roc_auc,True,oracle_privileged_training_diagnostic,False,0.7812706633893618,0.0,0.7812706633893618,0.7812706633893618,1,3,2,split_bootstrap_over_split_means,scenario
yelpchi,camouflage_relation_oracle,0.15,pmp,train_clean_eval_all,average_precision,True,oracle_shift_sensitivity_diagnostic,False,0.5652118779477563,0.0,0.5652118779477563,0.5652118779477563,1,3,2,split_bootstrap_over_split_means,scenario
yelpchi,camouflage_relation_oracle,0.15,pmp,train_clean_eval_all,f1_macro,True,oracle_shift_sensitivity_diagnostic,False,0.7179520192831625,0.0,0.7179520192831625,0.7179520192831625,1,3,2,split_bootstrap_over_split_means,scenario
yelpchi,camouflage_relation_oracle,0.15,pmp,train_clean_eval_all,roc_auc,True,oracle_shift_sensitivity_diagnostic,False,0.8491436150579443,0.0,0.8491436150579443,0.8491436150579443,1,3,2,split_bootstrap_over_split_means,scenario
yelpchi,camouflage_relation_oracle,0.15,pmp,train_on_variant,average_precision,True,oracle_privileged_training_diagnostic,False,0.5552203226155087,0.0,0.5552203226155087,0.5552203226155087,1,3,2,split_bootstrap_over_split_means,scenario
yelpchi,camouflage_relation_oracle,0.15,pmp,train_on_variant,f1_macro,True,oracle_privileged_training_diagnostic,False,0.7190103950597648,0.0,0.7190103950597648,0.7190103950597648,1,3,2,split_bootstrap_over_split_means,scenario
yelpchi,camouflage_relation_oracle,0.15,pmp,train_on_variant,roc_auc,True,oracle_privileged_training_diagnostic,False,0.8463191123481145,0.0,0.8463191123481145,0.8463191123481145,1,3,2,split_bootstrap_over_split_means,scenario
yelpchi,camouflage_relation_oracle,0.15,sage,train_clean_eval_all,average_precision,True,oracle_shift_sensitivity_diagnostic,False,0.42694597497253856,0.0,0.42694597497253856,0.42694597497253856,1,3,2,split_bootstrap_over_split_means,scenario
yelpchi,camouflage_relation_oracle,0.15,sage,train_clean_eval_all,f1_macro,True,oracle_shift_sensitivity_diagnostic,False,0.669703864954839,0.0,0.669703864954839,0.669703864954839,1,3,2,split_bootstrap_over_split_means,scenario
yelpchi,camouflage_relation_oracle,0.15,sage,train_clean_eval_all,roc_auc,True,oracle_shift_sensitivity_diagnostic,False,0.7908886473806461,0.0,0.7908886473806461,0.7908886473806461,1,3,2,split_bootstrap_over_split_means,scenario
yelpchi,camouflage_relation_oracle,0.15,sage,train_on_variant,average_precision,True,oracle_privileged_training_diagnostic,False,0.3291626181470558,0.0,0.3291626181470558,0.3291626181470558,1,3,2,split_bootstrap_over_split_means,scenario
yelpchi,camouflage_relation_oracle,0.15,sage,train_on_variant,f1_macro,True,oracle_privileged_training_diagnostic,False,0.6212445209430274,0.0,0.6212445209430274,0.6212445209430274,1,3,2,split_bootstrap_over_split_means,scenario
yelpchi,camouflage_relation_oracle,0.15,sage,train_on_variant,roc_auc,True,oracle_privileged_training_diagnostic,False,0.7248600491068524,0.0,0.7248600491068524,0.7248600491068524,1,3,2,split_bootstrap_over_split_means,scenario
yelpchi,camouflage_relation_oracle,0.15,secgfd,train_clean_eval_all,average_precision,True,oracle_shift_sensitivity_diagnostic,False,0.47574454112262804,0.0,0.47574454112262804,0.47574454112262804,1,3,2,split_bootstrap_over_split_means,scenario
yelpchi,camouflage_relation_oracle,0.15,secgfd,train_clean_eval_all,f1_macro,True,oracle_shift_sensitivity_diagnostic,False,0.6899167085931777,0.0,0.6899167085931777,0.6899167085931777,1,3,2,split_bootstrap_over_split_means,scenario
yelpchi,camouflage_relation_oracle,0.15,secgfd,train_clean_eval_all,roc_auc,True,oracle_shift_sensitivity_diagnostic,False,0.8141906642259015,0.0,0.8141906642259015,0.8141906642259015,1,3,2,split_bootstrap_over_split_means,scenario
yelpchi,camouflage_relation_oracle,0.15,secgfd,train_on_variant,average_precision,True,oracle_privileged_training_diagnostic,False,0.46987946326723584,0.0,0.46987946326723584,0.46987946326723584,1,3,2,split_bootstrap_over_split_means,scenario
yelpchi,camouflage_relation_oracle,0.15,secgfd,train_on_variant,f1_macro,True,oracle_privileged_training_diagnostic,False,0.6896871125670537,0.0,0.6896871125670537,0.6896871125670537,1,3,2,split_bootstrap_over_split_means,scenario
yelpchi,camouflage_relation_oracle,0.15,secgfd,train_on_variant,roc_auc,True,oracle_privileged_training_diagnostic,False,0.812972804550014,0.0,0.812972804550014,0.812972804550014,1,3,2,split_bootstrap_over_split_means,scenario
yelpchi,camouflage_relation_oracle,0.3,mlp,train_clean_eval_all,average_precision,True,oracle_shift_sensitivity_diagnostic,False,0.39937979216947617,0.0,0.39937979216947617,0.39937979216947617,1,3,2,split_bootstrap_over_split_means,scenario
yelpchi,camouflage_relation_oracle,0.3,mlp,train_clean_eval_all,f1_macro,True,oracle_shift_sensitivity_diagnostic,False,0.6531843309265226,0.0,0.6531843309265226,0.6531843309265226,1,3,2,split_bootstrap_over_split_means,scenario
yelpchi,camouflage_relation_oracle,0.3,mlp,train_clean_eval_all,roc_auc,True,oracle_shift_sensitivity_diagnostic,False,0.7812706633893618,0.0,0.7812706633893618,0.7812706633893618,1,3,2,split_bootstrap_over_split_means,scenario
yelpchi,camouflage_relation_oracle,0.3,mlp,train_on_variant,average_precision,True,oracle_privileged_training_diagnostic,False,0.39937979216947617,0.0,0.39937979216947617,0.39937979216947617,1,3,2,split_bootstrap_over_split_means,scenario
yelpchi,camouflage_relation_oracle,0.3,mlp,train_on_variant,f1_macro,True,oracle_privileged_training_diagnostic,False,0.6531843309265226,0.0,0.6531843309265226,0.6531843309265226,1,3,2,split_bootstrap_over_split_means,scenario
yelpchi,camouflage_relation_oracle,0.3,mlp,train_on_variant,roc_auc,True,oracle_privileged_training_diagnostic,False,0.7812706633893618,0.0,0.7812706633893618,0.7812706633893618,1,3,2,split_bootstrap_over_split_means,scenario
yelpchi,camouflage_relation_oracle,0.3,pmp,train_clean_eval_all,average_precision,True,oracle_shift_sensitivity_diagnostic,False,0.5684362323347804,0.0,0.5684362323347804,0.5684362323347804,1,3,2,split_bootstrap_over_split_means,scenario
yelpchi,camouflage_relation_oracle,0.3,pmp,train_clean_eval_all,f1_macro,True,oracle_shift_sensitivity_diagnostic,False,0.7191034909928123,0.0,0.7191034909928123,0.7191034909928123,1,3,2,split_bootstrap_over_split_means,scenario
yelpchi,camouflage_relation_oracle,0.3,pmp,train_clean_eval_all,roc_auc,True,oracle_shift_sensitivity_diagnostic,False,0.8499097881280463,0.0,0.8499097881280463,0.8499097881280463,1,3,2,split_bootstrap_over_split_means,scenario
yelpchi,camouflage_relation_oracle,0.3,pmp,train_on_variant,average_precision,True,oracle_privileged_training_diagnostic,False,0.5490791677585565,0.0,0.5490791677585565,0.5490791677585565,1,3,2,split_bootstrap_over_split_means,scenario
yelpchi,camouflage_relation_oracle,0.3,pmp,train_on_variant,f1_macro,True,oracle_privileged_training_diagnostic,False,0.7175585036410933,0.0,0.7175585036410933,0.7175585036410933,1,3,2,split_bootstrap_over_split_means,scenario
yelpchi,camouflage_relation_oracle,0.3,pmp,train_on_variant,roc_auc,True,oracle_privileged_training_diagnostic,False,0.84603770914129,0.0,0.84603770914129,0.84603770914129,1,3,2,split_bootstrap_over_split_means,scenario
yelpchi,camouflage_relation_oracle,0.3,sage,train_clean_eval_all,average_precision,True,oracle_shift_sensitivity_diagnostic,False,0.42682665538272274,0.0,0.42682665538272274,0.42682665538272274,1,3,2,split_bootstrap_over_split_means,scenario
yelpchi,camouflage_relation_oracle,0.3,sage,train_clean_eval_all,f1_macro,True,oracle_shift_sensitivity_diagnostic,False,0.6695241861016011,0.0,0.6695241861016011,0.6695241861016011,1,3,2,split_bootstrap_over_split_means,scenario
yelpchi,camouflage_relation_oracle,0.3,sage,train_clean_eval_all,roc_auc,True,oracle_shift_sensitivity_diagnostic,False,0.7907692106081878,0.0,0.7907692106081878,0.7907692106081878,1,3,2,split_bootstrap_over_split_means,scenario
yelpchi,camouflage_relation_oracle,0.3,sage,train_on_variant,average_precision,True,oracle_privileged_training_diagnostic,False,0.390588980021428,0.0,0.390588980021428,0.390588980021428,1,3,2,split_bootstrap_over_split_means,scenario
yelpchi,camouflage_relation_oracle,0.3,sage,train_on_variant,f1_macro,True,oracle_privileged_training_diagnostic,False,0.6492688942164029,0.0,0.6492688942164029,0.6492688942164029,1,3,2,split_bootstrap_over_split_means,scenario
yelpchi,camouflage_relation_oracle,0.3,sage,train_on_variant,roc_auc,True,oracle_privileged_training_diagnostic,False,0.7618980768573597,0.0,0.7618980768573597,0.7618980768573597,1,3,2,split_bootstrap_over_split_means,scenario
yelpchi,camouflage_relation_oracle,0.3,secgfd,train_clean_eval_all,average_precision,True,oracle_shift_sensitivity_diagnostic,False,0.47597699323536186,0.0,0.47597699323536186,0.47597699323536186,1,3,2,split_bootstrap_over_split_means,scenario
yelpchi,camouflage_relation_oracle,0.3,secgfd,train_clean_eval_all,f1_macro,True,oracle_shift_sensitivity_diagnostic,False,0.6902540219145298,0.0,0.6902540219145298,0.6902540219145298,1,3,2,split_bootstrap_over_split_means,scenario
yelpchi,camouflage_relation_oracle,0.3,secgfd,train_clean_eval_all,roc_auc,True,oracle_shift_sensitivity_diagnostic,False,0.8143417550877116,0.0,0.8143417550877116,0.8143417550877116,1,3,2,split_bootstrap_over_split_means,scenario
yelpchi,camouflage_relation_oracle,0.3,secgfd,train_on_variant,average_precision,True,oracle_privileged_training_diagnostic,False,0.4719988223753278,0.0,0.4719988223753278,0.4719988223753278,1,3,2,split_bootstrap_over_split_means,scenario
yelpchi,camouflage_relation_oracle,0.3,secgfd,train_on_variant,f1_macro,True,oracle_privileged_training_diagnostic,False,0.688491299272726,0.0,0.688491299272726,0.688491299272726,1,3,2,split_bootstrap_over_split_means,scenario
yelpchi,camouflage_relation_oracle,0.3,secgfd,train_on_variant,roc_auc,True,oracle_privileged_training_diagnostic,False,0.8135487732052443,0.0,0.8135487732052443,0.8135487732052443,1,3,2,split_bootstrap_over_split_means,scenario
yelpchi,heterophily_rewire_nonoracle,0.0,mlp,train_clean_eval_all,average_precision,False,non_oracle_controlled_stress,True,0.39937979216947617,0.0,0.39937979216947617,0.39937979216947617,1,3,1,split_bootstrap_over_split_means,clean
yelpchi,heterophily_rewire_nonoracle,0.0,mlp,train_clean_eval_all,f1_macro,False,non_oracle_controlled_stress,True,0.6531843309265226,0.0,0.6531843309265226,0.6531843309265226,1,3,1,split_bootstrap_over_split_means,clean
yelpchi,heterophily_rewire_nonoracle,0.0,mlp,train_clean_eval_all,roc_auc,False,non_oracle_controlled_stress,True,0.7812706633893618,0.0,0.7812706633893618,0.7812706633893618,1,3,1,split_bootstrap_over_split_means,clean
yelpchi,heterophily_rewire_nonoracle,0.0,mlp,train_on_variant,average_precision,False,non_oracle_controlled_stress,True,0.39937979216947617,0.0,0.39937979216947617,0.39937979216947617,1,3,1,split_bootstrap_over_split_means,clean
yelpchi,heterophily_rewire_nonoracle,0.0,mlp,train_on_variant,f1_macro,False,non_oracle_controlled_stress,True,0.6531843309265226,0.0,0.6531843309265226,0.6531843309265226,1,3,1,split_bootstrap_over_split_means,clean
yelpchi,heterophily_rewire_nonoracle,0.0,mlp,train_on_variant,roc_auc,False,non_oracle_controlled_stress,True,0.7812706633893618,0.0,0.7812706633893618,0.7812706633893618,1,3,1,split_bootstrap_over_split_means,clean
yelpchi,heterophily_rewire_nonoracle,0.0,pmp,train_clean_eval_all,average_precision,False,non_oracle_controlled_stress,True,0.5677252637869848,0.0,0.5677252637869848,0.5677252637869848,1,3,1,split_bootstrap_over_split_means,clean
yelpchi,heterophily_rewire_nonoracle,0.0,pmp,train_clean_eval_all,f1_macro,False,non_oracle_controlled_stress,True,0.719663923941368,0.0,0.719663923941368,0.719663923941368,1,3,1,split_bootstrap_over_split_means,clean
yelpchi,heterophily_rewire_nonoracle,0.0,pmp,train_clean_eval_all,roc_auc,False,non_oracle_controlled_stress,True,0.849193776874713,0.0,0.849193776874713,0.849193776874713,1,3,1,split_bootstrap_over_split_means,clean
yelpchi,heterophily_rewire_nonoracle,0.0,pmp,train_on_variant,average_precision,False,non_oracle_controlled_stress,True,0.5677252637869848,0.0,0.5677252637869848,0.5677252637869848,1,3,1,split_bootstrap_over_split_means,clean
yelpchi,heterophily_rewire_nonoracle,0.0,pmp,train_on_variant,f1_macro,False,non_oracle_controlled_stress,True,0.719663923941368,0.0,0.719663923941368,0.719663923941368,1,3,1,split_bootstrap_over_split_means,clean
yelpchi,heterophily_rewire_nonoracle,0.0,pmp,train_on_variant,roc_auc,False,non_oracle_controlled_stress,True,0.849193776874713,0.0,0.849193776874713,0.849193776874713,1,3,1,split_bootstrap_over_split_means,clean
yelpchi,heterophily_rewire_nonoracle,0.0,sage,train_clean_eval_all,average_precision,False,non_oracle_controlled_stress,True,0.42708999760200883,0.0,0.42708999760200883,0.42708999760200883,1,3,1,split_bootstrap_over_split_means,clean
yelpchi,heterophily_rewire_nonoracle,0.0,sage,train_clean_eval_all,f1_macro,False,non_oracle_controlled_stress,True,0.6697122615898071,0.0,0.6697122615898071,0.6697122615898071,1,3,1,split_bootstrap_over_split_means,clean
yelpchi,heterophily_rewire_nonoracle,0.0,sage,train_clean_eval_all,roc_auc,False,non_oracle_controlled_stress,True,0.7909852512071072,0.0,0.7909852512071072,0.7909852512071072,1,3,1,split_bootstrap_over_split_means,clean
yelpchi,heterophily_rewire_nonoracle,0.0,sage,train_on_variant,average_precision,False,non_oracle_controlled_stress,True,0.42954172678053837,0.0,0.42954172678053837,0.42954172678053837,1,3,1,split_bootstrap_over_split_means,clean
yelpchi,heterophily_rewire_nonoracle,0.0,sage,train_on_variant,f1_macro,False,non_oracle_controlled_stress,True,0.6708279503970965,0.0,0.6708279503970965,0.6708279503970965,1,3,1,split_bootstrap_over_split_means,clean
yelpchi,heterophily_rewire_nonoracle,0.0,sage,train_on_variant,roc_auc,False,non_oracle_controlled_stress,True,0.7917030310560143,0.0,0.7917030310560143,0.7917030310560143,1,3,1,split_bootstrap_over_split_means,clean
yelpchi,heterophily_rewire_nonoracle,0.0,secgfd,train_clean_eval_all,average_precision,False,non_oracle_controlled_stress,True,0.47551589125343435,0.0,0.47551589125343435,0.47551589125343435,1,3,1,split_bootstrap_over_split_means,clean
yelpchi,heterophily_rewire_nonoracle,0.0,secgfd,train_clean_eval_all,f1_macro,False,non_oracle_controlled_stress,True,0.6896884499828166,0.0,0.6896884499828166,0.6896884499828166,1,3,1,split_bootstrap_over_split_means,clean
yelpchi,heterophily_rewire_nonoracle,0.0,secgfd,train_clean_eval_all,roc_auc,False,non_oracle_controlled_stress,True,0.8140815809826377,0.0,0.8140815809826377,0.8140815809826377,1,3,1,split_bootstrap_over_split_means,clean
yelpchi,heterophily_rewire_nonoracle,0.0,secgfd,train_on_variant,average_precision,False,non_oracle_controlled_stress,True,0.4709483353668929,0.0,0.4709483353668929,0.4709483353668929,1,3,1,split_bootstrap_over_split_means,clean
yelpchi,heterophily_rewire_nonoracle,0.0,secgfd,train_on_variant,f1_macro,False,non_oracle_controlled_stress,True,0.687730212869523,0.0,0.687730212869523,0.687730212869523,1,3,1,split_bootstrap_over_split_means,clean
yelpchi,heterophily_rewire_nonoracle,0.0,secgfd,train_on_variant,roc_auc,False,non_oracle_controlled_stress,True,0.8125170309203386,0.0,0.8125170309203386,0.8125170309203386,1,3,1,split_bootstrap_over_split_means,clean
yelpchi,heterophily_rewire_nonoracle,0.15,mlp,train_clean_eval_all,average_precision,False,non_oracle_controlled_stress,True,0.39937979216947617,0.0,0.39937979216947617,0.39937979216947617,1,3,2,split_bootstrap_over_split_means,scenario
yelpchi,heterophily_rewire_nonoracle,0.15,mlp,train_clean_eval_all,f1_macro,False,non_oracle_controlled_stress,True,0.6531843309265226,0.0,0.6531843309265226,0.6531843309265226,1,3,2,split_bootstrap_over_split_means,scenario
yelpchi,heterophily_rewire_nonoracle,0.15,mlp,train_clean_eval_all,roc_auc,False,non_oracle_controlled_stress,True,0.7812706633893618,0.0,0.7812706633893618,0.7812706633893618,1,3,2,split_bootstrap_over_split_means,scenario
yelpchi,heterophily_rewire_nonoracle,0.15,mlp,train_on_variant,average_precision,False,non_oracle_controlled_stress,True,0.39937979216947617,0.0,0.39937979216947617,0.39937979216947617,1,3,2,split_bootstrap_over_split_means,scenario
yelpchi,heterophily_rewire_nonoracle,0.15,mlp,train_on_variant,f1_macro,False,non_oracle_controlled_stress,True,0.6531843309265226,0.0,0.6531843309265226,0.6531843309265226,1,3,2,split_bootstrap_over_split_means,scenario
yelpchi,heterophily_rewire_nonoracle,0.15,mlp,train_on_variant,roc_auc,False,non_oracle_controlled_stress,True,0.7812706633893618,0.0,0.7812706633893618,0.7812706633893618,1,3,2,split_bootstrap_over_split_means,scenario
yelpchi,heterophily_rewire_nonoracle,0.15,pmp,train_clean_eval_all,average_precision,False,non_oracle_controlled_stress,True,0.5170376965513844,0.0,0.5170376965513844,0.5170376965513844,1,3,2,split_bootstrap_over_split_means,scenario
yelpchi,heterophily_rewire_nonoracle,0.15,pmp,train_clean_eval_all,f1_macro,False,non_oracle_controlled_stress,True,0.6992997586842612,0.0,0.6992997586842612,0.6992997586842612,1,3,2,split_bootstrap_over_split_means,scenario
yelpchi,heterophily_rewire_nonoracle,0.15,pmp,train_clean_eval_all,roc_auc,False,non_oracle_controlled_stress,True,0.8311466366052264,0.0,0.8311466366052264,0.8311466366052264,1,3,2,split_bootstrap_over_split_means,scenario
yelpchi,heterophily_rewire_nonoracle,0.15,pmp,train_on_variant,average_precision,False,non_oracle_controlled_stress,True,0.5283305971032127,0.0,0.5283305971032127,0.5283305971032127,1,3,2,split_bootstrap_over_split_means,scenario
yelpchi,heterophily_rewire_nonoracle,0.15,pmp,train_on_variant,f1_macro,False,non_oracle_controlled_stress,True,0.7077804203482714,0.0,0.7077804203482714,0.7077804203482714,1,3,2,split_bootstrap_over_split_means,scenario
yelpchi,heterophily_rewire_nonoracle,0.15,pmp,train_on_variant,roc_auc,False,non_oracle_controlled_stress,True,0.8379391551831419,0.0,0.8379391551831419,0.8379391551831419,1,3,2,split_bootstrap_over_split_means,scenario
yelpchi,heterophily_rewire_nonoracle,0.15,sage,train_clean_eval_all,average_precision,False,non_oracle_controlled_stress,True,0.4188235637818489,0.0,0.4188235637818489,0.4188235637818489,1,3,2,split_bootstrap_over_split_means,scenario
yelpchi,heterophily_rewire_nonoracle,0.15,sage,train_clean_eval_all,f1_macro,False,non_oracle_controlled_stress,True,0.664186191151788,0.0,0.664186191151788,0.664186191151788,1,3,2,split_bootstrap_over_split_means,scenario
yelpchi,heterophily_rewire_nonoracle,0.15,sage,train_clean_eval_all,roc_auc,False,non_oracle_controlled_stress,True,0.7872894759901023,0.0,0.7872894759901023,0.7872894759901023,1,3,2,split_bootstrap_over_split_means,scenario
yelpchi,heterophily_rewire_nonoracle,0.15,sage,train_on_variant,average_precision,False,non_oracle_controlled_stress,True,0.31960822060683974,0.0,0.31960822060683974,0.31960822060683974,1,3,2,split_bootstrap_over_split_means,scenario
yelpchi,heterophily_rewire_nonoracle,0.15,sage,train_on_variant,f1_macro,False,non_oracle_controlled_stress,True,0.6136183881888814,0.0,0.6136183881888814,0.6136183881888814,1,3,2,split_bootstrap_over_split_means,scenario
yelpchi,heterophily_rewire_nonoracle,0.15,sage,train_on_variant,roc_auc,False,non_oracle_controlled_stress,True,0.7106165068507333,0.0,0.7106165068507333,0.7106165068507333,1,3,2,split_bootstrap_over_split_means,scenario
yelpchi,heterophily_rewire_nonoracle,0.15,secgfd,train_clean_eval_all,average_precision,False,non_oracle_controlled_stress,True,0.4652777077810071,0.0,0.4652777077810071,0.4652777077810071,1,3,2,split_bootstrap_over_split_means,scenario
yelpchi,heterophily_rewire_nonoracle,0.15,secgfd,train_clean_eval_all,f1_macro,False,non_oracle_controlled_stress,True,0.6862901349195734,0.0,0.6862901349195734,0.6862901349195734,1,3,2,split_bootstrap_over_split_means,scenario
yelpchi,heterophily_rewire_nonoracle,0.15,secgfd,train_clean_eval_all,roc_auc,False,non_oracle_controlled_stress,True,0.8098922107890889,0.0,0.8098922107890889,0.8098922107890889,1,3,2,split_bootstrap_over_split_means,scenario
yelpchi,heterophily_rewire_nonoracle,0.15,secgfd,train_on_variant,average_precision,False,non_oracle_controlled_stress,True,0.4736665624521261,0.0,0.4736665624521261,0.4736665624521261,1,3,2,split_bootstrap_over_split_means,scenario
yelpchi,heterophily_rewire_nonoracle,0.15,secgfd,train_on_variant,f1_macro,False,non_oracle_controlled_stress,True,0.6908239013797622,0.0,0.6908239013797622,0.6908239013797622,1,3,2,split_bootstrap_over_split_means,scenario
yelpchi,heterophily_rewire_nonoracle,0.15,secgfd,train_on_variant,roc_auc,False,non_oracle_controlled_stress,True,0.8149415987907078,0.0,0.8149415987907078,0.8149415987907078,1,3,2,split_bootstrap_over_split_means,scenario
yelpchi,heterophily_rewire_nonoracle,0.3,mlp,train_clean_eval_all,average_precision,False,non_oracle_controlled_stress,True,0.39937979216947617,0.0,0.39937979216947617,0.39937979216947617,1,3,2,split_bootstrap_over_split_means,scenario
yelpchi,heterophily_rewire_nonoracle,0.3,mlp,train_clean_eval_all,f1_macro,False,non_oracle_controlled_stress,True,0.6531843309265226,0.0,0.6531843309265226,0.6531843309265226,1,3,2,split_bootstrap_over_split_means,scenario
yelpchi,heterophily_rewire_nonoracle,0.3,mlp,train_clean_eval_all,roc_auc,False,non_oracle_controlled_stress,True,0.7812706633893618,0.0,0.7812706633893618,0.7812706633893618,1,3,2,split_bootstrap_over_split_means,scenario
yelpchi,heterophily_rewire_nonoracle,0.3,mlp,train_on_variant,average_precision,False,non_oracle_controlled_stress,True,0.39937979216947617,0.0,0.39937979216947617,0.39937979216947617,1,3,2,split_bootstrap_over_split_means,scenario
yelpchi,heterophily_rewire_nonoracle,0.3,mlp,train_on_variant,f1_macro,False,non_oracle_controlled_stress,True,0.6531843309265226,0.0,0.6531843309265226,0.6531843309265226,1,3,2,split_bootstrap_over_split_means,scenario
yelpchi,heterophily_rewire_nonoracle,0.3,mlp,train_on_variant,roc_auc,False,non_oracle_controlled_stress,True,0.7812706633893618,0.0,0.7812706633893618,0.7812706633893618,1,3,2,split_bootstrap_over_split_means,scenario
yelpchi,heterophily_rewire_nonoracle,0.3,pmp,train_clean_eval_all,average_precision,False,non_oracle_controlled_stress,True,0.4894751373981389,0.0,0.4894751373981389,0.4894751373981389,1,3,2,split_bootstrap_over_split_means,scenario
yelpchi,heterophily_rewire_nonoracle,0.3,pmp,train_clean_eval_all,f1_macro,False,non_oracle_controlled_stress,True,0.6828177749769498,0.0,0.6828177749769498,0.6828177749769498,1,3,2,split_bootstrap_over_split_means,scenario
yelpchi,heterophily_rewire_nonoracle,0.3,pmp,train_clean_eval_all,roc_auc,False,non_oracle_controlled_stress,True,0.8167873019554069,0.0,0.8167873019554069,0.8167873019554069,1,3,2,split_bootstrap_over_split_means,scenario
yelpchi,heterophily_rewire_nonoracle,0.3,pmp,train_on_variant,average_precision,False,non_oracle_controlled_stress,True,0.5093941442417561,0.0,0.5093941442417561,0.5093941442417561,1,3,2,split_bootstrap_over_split_means,scenario
yelpchi,heterophily_rewire_nonoracle,0.3,pmp,train_on_variant,f1_macro,False,non_oracle_controlled_stress,True,0.7018451910927451,0.0,0.7018451910927451,0.7018451910927451,1,3,2,split_bootstrap_over_split_means,scenario
yelpchi,heterophily_rewire_nonoracle,0.3,pmp,train_on_variant,roc_auc,False,non_oracle_controlled_stress,True,0.8313938211598696,0.0,0.8313938211598696,0.8313938211598696,1,3,2,split_bootstrap_over_split_means,scenario
yelpchi,heterophily_rewire_nonoracle,0.3,sage,train_clean_eval_all,average_precision,False,non_oracle_controlled_stress,True,0.41335217392118656,0.0,0.41335217392118656,0.41335217392118656,1,3,2,split_bootstrap_over_split_means,scenario
yelpchi,heterophily_rewire_nonoracle,0.3,sage,train_clean_eval_all,f1_macro,False,non_oracle_controlled_stress,True,0.662695114740281,0.0,0.662695114740281,0.662695114740281,1,3,2,split_bootstrap_over_split_means,scenario
yelpchi,heterophily_rewire_nonoracle,0.3,sage,train_clean_eval_all,roc_auc,False,non_oracle_controlled_stress,True,0.7850275553939219,0.0,0.7850275553939219,0.7850275553939219,1,3,2,split_bootstrap_over_split_means,scenario
yelpchi,heterophily_rewire_nonoracle,0.3,sage,train_on_variant,average_precision,False,non_oracle_controlled_stress,True,0.3469181594570588,0.0,0.3469181594570588,0.3469181594570588,1,3,2,split_bootstrap_over_split_means,scenario
yelpchi,heterophily_rewire_nonoracle,0.3,sage,train_on_variant,f1_macro,False,non_oracle_controlled_stress,True,0.6248505117960184,0.0,0.6248505117960184,0.6248505117960184,1,3,2,split_bootstrap_over_split_means,scenario
yelpchi,heterophily_rewire_nonoracle,0.3,sage,train_on_variant,roc_auc,False,non_oracle_controlled_stress,True,0.730661147790976,0.0,0.730661147790976,0.730661147790976,1,3,2,split_bootstrap_over_split_means,scenario
yelpchi,heterophily_rewire_nonoracle,0.3,secgfd,train_clean_eval_all,average_precision,False,non_oracle_controlled_stress,True,0.45857829625745555,0.0,0.45857829625745555,0.45857829625745555,1,3,2,split_bootstrap_over_split_means,scenario
yelpchi,heterophily_rewire_nonoracle,0.3,secgfd,train_clean_eval_all,f1_macro,False,non_oracle_controlled_stress,True,0.6840325402988744,0.0,0.6840325402988744,0.6840325402988744,1,3,2,split_bootstrap_over_split_means,scenario
yelpchi,heterophily_rewire_nonoracle,0.3,secgfd,train_clean_eval_all,roc_auc,False,non_oracle_controlled_stress,True,0.8075255202584902,0.0,0.8075255202584902,0.8075255202584902,1,3,2,split_bootstrap_over_split_means,scenario
yelpchi,heterophily_rewire_nonoracle,0.3,secgfd,train_on_variant,average_precision,False,non_oracle_controlled_stress,True,0.48415101272270133,0.0,0.48415101272270133,0.48415101272270133,1,3,2,split_bootstrap_over_split_means,scenario
yelpchi,heterophily_rewire_nonoracle,0.3,secgfd,train_on_variant,f1_macro,False,non_oracle_controlled_stress,True,0.696367879542732,0.0,0.696367879542732,0.696367879542732,1,3,2,split_bootstrap_over_split_means,scenario
yelpchi,heterophily_rewire_nonoracle,0.3,secgfd,train_on_variant,roc_auc,False,non_oracle_controlled_stress,True,0.8197554122438676,0.0,0.8197554122438676,0.8197554122438676,1,3,2,split_bootstrap_over_split_means,scenario
yelpchi,heterophily_rewire_oracle,0.0,mlp,train_clean_eval_all,average_precision,True,oracle_shift_sensitivity_diagnostic,False,0.39937979216947617,0.0,0.39937979216947617,0.39937979216947617,1,3,1,split_bootstrap_over_split_means,clean
yelpchi,heterophily_rewire_oracle,0.0,mlp,train_clean_eval_all,f1_macro,True,oracle_shift_sensitivity_diagnostic,False,0.6531843309265226,0.0,0.6531843309265226,0.6531843309265226,1,3,1,split_bootstrap_over_split_means,clean
yelpchi,heterophily_rewire_oracle,0.0,mlp,train_clean_eval_all,roc_auc,True,oracle_shift_sensitivity_diagnostic,False,0.7812706633893618,0.0,0.7812706633893618,0.7812706633893618,1,3,1,split_bootstrap_over_split_means,clean
yelpchi,heterophily_rewire_oracle,0.0,mlp,train_on_variant,average_precision,True,oracle_privileged_training_diagnostic,False,0.39937979216947617,0.0,0.39937979216947617,0.39937979216947617,1,3,1,split_bootstrap_over_split_means,clean
yelpchi,heterophily_rewire_oracle,0.0,mlp,train_on_variant,f1_macro,True,oracle_privileged_training_diagnostic,False,0.6531843309265226,0.0,0.6531843309265226,0.6531843309265226,1,3,1,split_bootstrap_over_split_means,clean
yelpchi,heterophily_rewire_oracle,0.0,mlp,train_on_variant,roc_auc,True,oracle_privileged_training_diagnostic,False,0.7812706633893618,0.0,0.7812706633893618,0.7812706633893618,1,3,1,split_bootstrap_over_split_means,clean
yelpchi,heterophily_rewire_oracle,0.0,pmp,train_clean_eval_all,average_precision,True,oracle_shift_sensitivity_diagnostic,False,0.5677252637869848,0.0,0.5677252637869848,0.5677252637869848,1,3,1,split_bootstrap_over_split_means,clean
yelpchi,heterophily_rewire_oracle,0.0,pmp,train_clean_eval_all,f1_macro,True,oracle_shift_sensitivity_diagnostic,False,0.719663923941368,0.0,0.719663923941368,0.719663923941368,1,3,1,split_bootstrap_over_split_means,clean
yelpchi,heterophily_rewire_oracle,0.0,pmp,train_clean_eval_all,roc_auc,True,oracle_shift_sensitivity_diagnostic,False,0.849193776874713,0.0,0.849193776874713,0.849193776874713,1,3,1,split_bootstrap_over_split_means,clean
yelpchi,heterophily_rewire_oracle,0.0,pmp,train_on_variant,average_precision,True,oracle_privileged_training_diagnostic,False,0.5677252637869848,0.0,0.5677252637869848,0.5677252637869848,1,3,1,split_bootstrap_over_split_means,clean
yelpchi,heterophily_rewire_oracle,0.0,pmp,train_on_variant,f1_macro,True,oracle_privileged_training_diagnostic,False,0.719663923941368,0.0,0.719663923941368,0.719663923941368,1,3,1,split_bootstrap_over_split_means,clean
yelpchi,heterophily_rewire_oracle,0.0,pmp,train_on_variant,roc_auc,True,oracle_privileged_training_diagnostic,False,0.849193776874713,0.0,0.849193776874713,0.849193776874713,1,3,1,split_bootstrap_over_split_means,clean
yelpchi,heterophily_rewire_oracle,0.0,sage,train_clean_eval_all,average_precision,True,oracle_shift_sensitivity_diagnostic,False,0.42708999760200883,0.0,0.42708999760200883,0.42708999760200883,1,3,1,split_bootstrap_over_split_means,clean
yelpchi,heterophily_rewire_oracle,0.0,sage,train_clean_eval_all,f1_macro,True,oracle_shift_sensitivity_diagnostic,False,0.6697122615898071,0.0,0.6697122615898071,0.6697122615898071,1,3,1,split_bootstrap_over_split_means,clean
yelpchi,heterophily_rewire_oracle,0.0,sage,train_clean_eval_all,roc_auc,True,oracle_shift_sensitivity_diagnostic,False,0.7909852512071072,0.0,0.7909852512071072,0.7909852512071072,1,3,1,split_bootstrap_over_split_means,clean
yelpchi,heterophily_rewire_oracle,0.0,sage,train_on_variant,average_precision,True,oracle_privileged_training_diagnostic,False,0.42954172678053837,0.0,0.42954172678053837,0.42954172678053837,1,3,1,split_bootstrap_over_split_means,clean
yelpchi,heterophily_rewire_oracle,0.0,sage,train_on_variant,f1_macro,True,oracle_privileged_training_diagnostic,False,0.6708279503970965,0.0,0.6708279503970965,0.6708279503970965,1,3,1,split_bootstrap_over_split_means,clean
yelpchi,heterophily_rewire_oracle,0.0,sage,train_on_variant,roc_auc,True,oracle_privileged_training_diagnostic,False,0.7917030310560143,0.0,0.7917030310560143,0.7917030310560143,1,3,1,split_bootstrap_over_split_means,clean
yelpchi,heterophily_rewire_oracle,0.0,secgfd,train_clean_eval_all,average_precision,True,oracle_shift_sensitivity_diagnostic,False,0.47551589125343435,0.0,0.47551589125343435,0.47551589125343435,1,3,1,split_bootstrap_over_split_means,clean
yelpchi,heterophily_rewire_oracle,0.0,secgfd,train_clean_eval_all,f1_macro,True,oracle_shift_sensitivity_diagnostic,False,0.6896884499828166,0.0,0.6896884499828166,0.6896884499828166,1,3,1,split_bootstrap_over_split_means,clean
yelpchi,heterophily_rewire_oracle,0.0,secgfd,train_clean_eval_all,roc_auc,True,oracle_shift_sensitivity_diagnostic,False,0.8140815809826377,0.0,0.8140815809826377,0.8140815809826377,1,3,1,split_bootstrap_over_split_means,clean
yelpchi,heterophily_rewire_oracle,0.0,secgfd,train_on_variant,average_precision,True,oracle_privileged_training_diagnostic,False,0.4709483353668929,0.0,0.4709483353668929,0.4709483353668929,1,3,1,split_bootstrap_over_split_means,clean
yelpchi,heterophily_rewire_oracle,0.0,secgfd,train_on_variant,f1_macro,True,oracle_privileged_training_diagnostic,False,0.687730212869523,0.0,0.687730212869523,0.687730212869523,1,3,1,split_bootstrap_over_split_means,clean
yelpchi,heterophily_rewire_oracle,0.0,secgfd,train_on_variant,roc_auc,True,oracle_privileged_training_diagnostic,False,0.8125170309203386,0.0,0.8125170309203386,0.8125170309203386,1,3,1,split_bootstrap_over_split_means,clean
yelpchi,heterophily_rewire_oracle,0.15,mlp,train_clean_eval_all,average_precision,True,oracle_shift_sensitivity_diagnostic,False,0.39937979216947617,0.0,0.39937979216947617,0.39937979216947617,1,3,2,split_bootstrap_over_split_means,scenario
yelpchi,heterophily_rewire_oracle,0.15,mlp,train_clean_eval_all,f1_macro,True,oracle_shift_sensitivity_diagnostic,False,0.6531843309265226,0.0,0.6531843309265226,0.6531843309265226,1,3,2,split_bootstrap_over_split_means,scenario
yelpchi,heterophily_rewire_oracle,0.15,mlp,train_clean_eval_all,roc_auc,True,oracle_shift_sensitivity_diagnostic,False,0.7812706633893618,0.0,0.7812706633893618,0.7812706633893618,1,3,2,split_bootstrap_over_split_means,scenario
yelpchi,heterophily_rewire_oracle,0.15,mlp,train_on_variant,average_precision,True,oracle_privileged_training_diagnostic,False,0.39937979216947617,0.0,0.39937979216947617,0.39937979216947617,1,3,2,split_bootstrap_over_split_means,scenario
yelpchi,heterophily_rewire_oracle,0.15,mlp,train_on_variant,f1_macro,True,oracle_privileged_training_diagnostic,False,0.6531843309265226,0.0,0.6531843309265226,0.6531843309265226,1,3,2,split_bootstrap_over_split_means,scenario
yelpchi,heterophily_rewire_oracle,0.15,mlp,train_on_variant,roc_auc,True,oracle_privileged_training_diagnostic,False,0.7812706633893618,0.0,0.7812706633893618,0.7812706633893618,1,3,2,split_bootstrap_over_split_means,scenario
yelpchi,heterophily_rewire_oracle,0.15,pmp,train_clean_eval_all,average_precision,True,oracle_shift_sensitivity_diagnostic,False,0.42218755311325357,0.0,0.42218755311325357,0.42218755311325357,1,3,2,split_bootstrap_over_split_means,scenario
yelpchi,heterophily_rewire_oracle,0.15,pmp,train_clean_eval_all,f1_macro,True,oracle_shift_sensitivity_diagnostic,False,0.6569437365384474,0.0,0.6569437365384474,0.6569437365384474,1,3,2,split_bootstrap_over_split_means,scenario
yelpchi,heterophily_rewire_oracle,0.15,pmp,train_clean_eval_all,roc_auc,True,oracle_shift_sensitivity_diagnostic,False,0.7876616532083491,0.0,0.7876616532083491,0.7876616532083491,1,3,2,split_bootstrap_over_split_means,scenario
yelpchi,heterophily_rewire_oracle,0.15,pmp,train_on_variant,average_precision,True,oracle_privileged_training_diagnostic,False,0.5814031704667683,0.0,0.5814031704667683,0.5814031704667683,1,3,2,split_bootstrap_over_split_means,scenario
yelpchi,heterophily_rewire_oracle,0.15,pmp,train_on_variant,f1_macro,True,oracle_privileged_training_diagnostic,False,0.7417404271151775,0.0,0.7417404271151775,0.7417404271151775,1,3,2,split_bootstrap_over_split_means,scenario
yelpchi,heterophily_rewire_oracle,0.15,pmp,train_on_variant,roc_auc,True,oracle_privileged_training_diagnostic,False,0.8763263355226919,0.0,0.8763263355226919,0.8763263355226919,1,3,2,split_bootstrap_over_split_means,scenario
yelpchi,heterophily_rewire_oracle,0.15,sage,train_clean_eval_all,average_precision,True,oracle_shift_sensitivity_diagnostic,False,0.3971070564235886,0.0,0.3971070564235886,0.3971070564235886,1,3,2,split_bootstrap_over_split_means,scenario
yelpchi,heterophily_rewire_oracle,0.15,sage,train_clean_eval_all,f1_macro,True,oracle_shift_sensitivity_diagnostic,False,0.6555459599751057,0.0,0.6555459599751057,0.6555459599751057,1,3,2,split_bootstrap_over_split_means,scenario
yelpchi,heterophily_rewire_oracle,0.15,sage,train_clean_eval_all,roc_auc,True,oracle_shift_sensitivity_diagnostic,False,0.7759011437092719,0.0,0.7759011437092719,0.7759011437092719,1,3,2,split_bootstrap_over_split_means,scenario
yelpchi,heterophily_rewire_oracle,0.15,sage,train_on_variant,average_precision,True,oracle_privileged_training_diagnostic,False,0.4718365162136094,0.0,0.4718365162136094,0.4718365162136094,1,3,2,split_bootstrap_over_split_means,scenario
yelpchi,heterophily_rewire_oracle,0.15,sage,train_on_variant,f1_macro,True,oracle_privileged_training_diagnostic,False,0.6875419262174619,0.0,0.6875419262174619,0.6875419262174619,1,3,2,split_bootstrap_over_split_means,scenario
yelpchi,heterophily_rewire_oracle,0.15,sage,train_on_variant,roc_auc,True,oracle_privileged_training_diagnostic,False,0.8213892769609711,0.0,0.8213892769609711,0.8213892769609711,1,3,2,split_bootstrap_over_split_means,scenario
yelpchi,heterophily_rewire_oracle,0.15,secgfd,train_clean_eval_all,average_precision,True,oracle_shift_sensitivity_diagnostic,False,0.27696661336210054,0.0,0.27696661336210054,0.27696661336210054,1,3,2,split_bootstrap_over_split_means,scenario
yelpchi,heterophily_rewire_oracle,0.15,secgfd,train_clean_eval_all,f1_macro,True,oracle_shift_sensitivity_diagnostic,False,0.5861292934190979,0.0,0.5861292934190979,0.5861292934190979,1,3,2,split_bootstrap_over_split_means,scenario
yelpchi,heterophily_rewire_oracle,0.15,secgfd,train_clean_eval_all,roc_auc,True,oracle_shift_sensitivity_diagnostic,False,0.6820055452200232,0.0,0.6820055452200232,0.6820055452200232,1,3,2,split_bootstrap_over_split_means,scenario
yelpchi,heterophily_rewire_oracle,0.15,secgfd,train_on_variant,average_precision,True,oracle_privileged_training_diagnostic,False,0.990172078921867,0.0,0.990172078921867,0.990172078921867,1,3,2,split_bootstrap_over_split_means,scenario
yelpchi,heterophily_rewire_oracle,0.15,secgfd,train_on_variant,f1_macro,True,oracle_privileged_training_diagnostic,False,0.981481581345827,0.0,0.981481581345827,0.981481581345827,1,3,2,split_bootstrap_over_split_means,scenario
yelpchi,heterophily_rewire_oracle,0.15,secgfd,train_on_variant,roc_auc,True,oracle_privileged_training_diagnostic,False,0.9967388745135749,0.0,0.9967388745135749,0.9967388745135749,1,3,2,split_bootstrap_over_split_means,scenario
yelpchi,heterophily_rewire_oracle,0.3,mlp,train_clean_eval_all,average_precision,True,oracle_shift_sensitivity_diagnostic,False,0.39937979216947617,0.0,0.39937979216947617,0.39937979216947617,1,3,2,split_bootstrap_over_split_means,scenario
yelpchi,heterophily_rewire_oracle,0.3,mlp,train_clean_eval_all,f1_macro,True,oracle_shift_sensitivity_diagnostic,False,0.6531843309265226,0.0,0.6531843309265226,0.6531843309265226,1,3,2,split_bootstrap_over_split_means,scenario
yelpchi,heterophily_rewire_oracle,0.3,mlp,train_clean_eval_all,roc_auc,True,oracle_shift_sensitivity_diagnostic,False,0.7812706633893618,0.0,0.7812706633893618,0.7812706633893618,1,3,2,split_bootstrap_over_split_means,scenario
yelpchi,heterophily_rewire_oracle,0.3,mlp,train_on_variant,average_precision,True,oracle_privileged_training_diagnostic,False,0.39937979216947617,0.0,0.39937979216947617,0.39937979216947617,1,3,2,split_bootstrap_over_split_means,scenario
yelpchi,heterophily_rewire_oracle,0.3,mlp,train_on_variant,f1_macro,True,oracle_privileged_training_diagnostic,False,0.6531843309265226,0.0,0.6531843309265226,0.6531843309265226,1,3,2,split_bootstrap_over_split_means,scenario
yelpchi,heterophily_rewire_oracle,0.3,mlp,train_on_variant,roc_auc,True,oracle_privileged_training_diagnostic,False,0.7812706633893618,0.0,0.7812706633893618,0.7812706633893618,1,3,2,split_bootstrap_over_split_means,scenario
yelpchi,heterophily_rewire_oracle,0.3,pmp,train_clean_eval_all,average_precision,True,oracle_shift_sensitivity_diagnostic,False,0.3859081744555027,0.0,0.3859081744555027,0.3859081744555027,1,3,2,split_bootstrap_over_split_means,scenario
yelpchi,heterophily_rewire_oracle,0.3,pmp,train_clean_eval_all,f1_macro,True,oracle_shift_sensitivity_diagnostic,False,0.6415382934075567,0.0,0.6415382934075567,0.6415382934075567,1,3,2,split_bootstrap_over_split_means,scenario
yelpchi,heterophily_rewire_oracle,0.3,pmp,train_clean_eval_all,roc_auc,True,oracle_shift_sensitivity_diagnostic,False,0.7634662296143456,0.0,0.7634662296143456,0.7634662296143456,1,3,2,split_bootstrap_over_split_means,scenario
yelpchi,heterophily_rewire_oracle,0.3,pmp,train_on_variant,average_precision,True,oracle_privileged_training_diagnostic,False,0.6018050284232713,0.0,0.6018050284232713,0.6018050284232713,1,3,2,split_bootstrap_over_split_means,scenario
yelpchi,heterophily_rewire_oracle,0.3,pmp,train_on_variant,f1_macro,True,oracle_privileged_training_diagnostic,False,0.7495746020256308,0.0,0.7495746020256308,0.7495746020256308,1,3,2,split_bootstrap_over_split_means,scenario
yelpchi,heterophily_rewire_oracle,0.3,pmp,train_on_variant,roc_auc,True,oracle_privileged_training_diagnostic,False,0.8876986234061915,0.0,0.8876986234061915,0.8876986234061915,1,3,2,split_bootstrap_over_split_means,scenario
yelpchi,heterophily_rewire_oracle,0.3,sage,train_clean_eval_all,average_precision,True,oracle_shift_sensitivity_diagnostic,False,0.38381625236041067,0.0,0.38381625236041067,0.38381625236041067,1,3,2,split_bootstrap_over_split_means,scenario
yelpchi,heterophily_rewire_oracle,0.3,sage,train_clean_eval_all,f1_macro,True,oracle_shift_sensitivity_diagnostic,False,0.6492862676027501,0.0,0.6492862676027501,0.6492862676027501,1,3,2,split_bootstrap_over_split_means,scenario
yelpchi,heterophily_rewire_oracle,0.3,sage,train_clean_eval_all,roc_auc,True,oracle_shift_sensitivity_diagnostic,False,0.7683475375178869,0.0,0.7683475375178869,0.7683475375178869,1,3,2,split_bootstrap_over_split_means,scenario
yelpchi,heterophily_rewire_oracle,0.3,sage,train_on_variant,average_precision,True,oracle_privileged_training_diagnostic,False,0.6518823777305488,0.0,0.6518823777305488,0.6518823777305488,1,3,2,split_bootstrap_over_split_means,scenario
yelpchi,heterophily_rewire_oracle,0.3,sage,train_on_variant,f1_macro,True,oracle_privileged_training_diagnostic,False,0.7681224288749107,0.0,0.7681224288749107,0.7681224288749107,1,3,2,split_bootstrap_over_split_means,scenario
yelpchi,heterophily_rewire_oracle,0.3,sage,train_on_variant,roc_auc,True,oracle_privileged_training_diagnostic,False,0.8976080822697781,0.0,0.8976080822697781,0.8976080822697781,1,3,2,split_bootstrap_over_split_means,scenario
yelpchi,heterophily_rewire_oracle,0.3,secgfd,train_clean_eval_all,average_precision,True,oracle_shift_sensitivity_diagnostic,False,0.15700423739924596,0.0,0.15700423739924596,0.15700423739924596,1,3,2,split_bootstrap_over_split_means,scenario
yelpchi,heterophily_rewire_oracle,0.3,secgfd,train_clean_eval_all,f1_macro,True,oracle_shift_sensitivity_diagnostic,False,0.5030393890304601,0.0,0.5030393890304601,0.5030393890304601,1,3,2,split_bootstrap_over_split_means,scenario
yelpchi,heterophily_rewire_oracle,0.3,secgfd,train_clean_eval_all,roc_auc,True,oracle_shift_sensitivity_diagnostic,False,0.523695677239589,0.0,0.523695677239589,0.523695677239589,1,3,2,split_bootstrap_over_split_means,scenario
yelpchi,heterophily_rewire_oracle,0.3,secgfd,train_on_variant,average_precision,True,oracle_privileged_training_diagnostic,False,0.9999994655961107,0.0,0.9999994655961107,0.9999994655961107,1,3,2,split_bootstrap_over_split_means,scenario
yelpchi,heterophily_rewire_oracle,0.3,secgfd,train_on_variant,f1_macro,True,oracle_privileged_training_diagnostic,False,0.9997809266564955,0.0,0.9997809266564955,0.9997809266564955,1,3,2,split_bootstrap_over_split_means,scenario
yelpchi,heterophily_rewire_oracle,0.3,secgfd,train_on_variant,roc_auc,True,oracle_privileged_training_diagnostic,False,0.9999999086920356,0.0,0.9999999086920356,0.9999999086920356,1,3,2,split_bootstrap_over_split_means,scenario
yelpchi,noise_edges_uniform,0.0,mlp,train_clean_eval_all,average_precision,False,non_oracle_controlled_stress,True,0.39937979216947617,0.0,0.39937979216947617,0.39937979216947617,1,3,1,split_bootstrap_over_split_means,clean
yelpchi,noise_edges_uniform,0.0,mlp,train_clean_eval_all,f1_macro,False,non_oracle_controlled_stress,True,0.6531843309265226,0.0,0.6531843309265226,0.6531843309265226,1,3,1,split_bootstrap_over_split_means,clean
yelpchi,noise_edges_uniform,0.0,mlp,train_clean_eval_all,roc_auc,False,non_oracle_controlled_stress,True,0.7812706633893618,0.0,0.7812706633893618,0.7812706633893618,1,3,1,split_bootstrap_over_split_means,clean
yelpchi,noise_edges_uniform,0.0,mlp,train_on_variant,average_precision,False,non_oracle_controlled_stress,True,0.39937979216947617,0.0,0.39937979216947617,0.39937979216947617,1,3,1,split_bootstrap_over_split_means,clean
yelpchi,noise_edges_uniform,0.0,mlp,train_on_variant,f1_macro,False,non_oracle_controlled_stress,True,0.6531843309265226,0.0,0.6531843309265226,0.6531843309265226,1,3,1,split_bootstrap_over_split_means,clean
yelpchi,noise_edges_uniform,0.0,mlp,train_on_variant,roc_auc,False,non_oracle_controlled_stress,True,0.7812706633893618,0.0,0.7812706633893618,0.7812706633893618,1,3,1,split_bootstrap_over_split_means,clean
yelpchi,noise_edges_uniform,0.0,pmp,train_clean_eval_all,average_precision,False,non_oracle_controlled_stress,True,0.5677252637869848,0.0,0.5677252637869848,0.5677252637869848,1,3,1,split_bootstrap_over_split_means,clean
yelpchi,noise_edges_uniform,0.0,pmp,train_clean_eval_all,f1_macro,False,non_oracle_controlled_stress,True,0.719663923941368,0.0,0.719663923941368,0.719663923941368,1,3,1,split_bootstrap_over_split_means,clean
yelpchi,noise_edges_uniform,0.0,pmp,train_clean_eval_all,roc_auc,False,non_oracle_controlled_stress,True,0.849193776874713,0.0,0.849193776874713,0.849193776874713,1,3,1,split_bootstrap_over_split_means,clean
yelpchi,noise_edges_uniform,0.0,pmp,train_on_variant,average_precision,False,non_oracle_controlled_stress,True,0.5677252637869848,0.0,0.5677252637869848,0.5677252637869848,1,3,1,split_bootstrap_over_split_means,clean
yelpchi,noise_edges_uniform,0.0,pmp,train_on_variant,f1_macro,False,non_oracle_controlled_stress,True,0.719663923941368,0.0,0.719663923941368,0.719663923941368,1,3,1,split_bootstrap_over_split_means,clean
yelpchi,noise_edges_uniform,0.0,pmp,train_on_variant,roc_auc,False,non_oracle_controlled_stress,True,0.849193776874713,0.0,0.849193776874713,0.849193776874713,1,3,1,split_bootstrap_over_split_means,clean
yelpchi,noise_edges_uniform,0.0,sage,train_clean_eval_all,average_precision,False,non_oracle_controlled_stress,True,0.42708999760200883,0.0,0.42708999760200883,0.42708999760200883,1,3,1,split_bootstrap_over_split_means,clean
yelpchi,noise_edges_uniform,0.0,sage,train_clean_eval_all,f1_macro,False,non_oracle_controlled_stress,True,0.6697122615898071,0.0,0.6697122615898071,0.6697122615898071,1,3,1,split_bootstrap_over_split_means,clean
yelpchi,noise_edges_uniform,0.0,sage,train_clean_eval_all,roc_auc,False,non_oracle_controlled_stress,True,0.7909852512071072,0.0,0.7909852512071072,0.7909852512071072,1,3,1,split_bootstrap_over_split_means,clean
yelpchi,noise_edges_uniform,0.0,sage,train_on_variant,average_precision,False,non_oracle_controlled_stress,True,0.42954172678053837,0.0,0.42954172678053837,0.42954172678053837,1,3,1,split_bootstrap_over_split_means,clean
yelpchi,noise_edges_uniform,0.0,sage,train_on_variant,f1_macro,False,non_oracle_controlled_stress,True,0.6708279503970965,0.0,0.6708279503970965,0.6708279503970965,1,3,1,split_bootstrap_over_split_means,clean
yelpchi,noise_edges_uniform,0.0,sage,train_on_variant,roc_auc,False,non_oracle_controlled_stress,True,0.7917030310560143,0.0,0.7917030310560143,0.7917030310560143,1,3,1,split_bootstrap_over_split_means,clean
yelpchi,noise_edges_uniform,0.0,secgfd,train_clean_eval_all,average_precision,False,non_oracle_controlled_stress,True,0.47551589125343435,0.0,0.47551589125343435,0.47551589125343435,1,3,1,split_bootstrap_over_split_means,clean
yelpchi,noise_edges_uniform,0.0,secgfd,train_clean_eval_all,f1_macro,False,non_oracle_controlled_stress,True,0.6896884499828166,0.0,0.6896884499828166,0.6896884499828166,1,3,1,split_bootstrap_over_split_means,clean
yelpchi,noise_edges_uniform,0.0,secgfd,train_clean_eval_all,roc_auc,False,non_oracle_controlled_stress,True,0.8140815809826377,0.0,0.8140815809826377,0.8140815809826377,1,3,1,split_bootstrap_over_split_means,clean
yelpchi,noise_edges_uniform,0.0,secgfd,train_on_variant,average_precision,False,non_oracle_controlled_stress,True,0.4709483353668929,0.0,0.4709483353668929,0.4709483353668929,1,3,1,split_bootstrap_over_split_means,clean
yelpchi,noise_edges_uniform,0.0,secgfd,train_on_variant,f1_macro,False,non_oracle_controlled_stress,True,0.687730212869523,0.0,0.687730212869523,0.687730212869523,1,3,1,split_bootstrap_over_split_means,clean
yelpchi,noise_edges_uniform,0.0,secgfd,train_on_variant,roc_auc,False,non_oracle_controlled_stress,True,0.8125170309203386,0.0,0.8125170309203386,0.8125170309203386,1,3,1,split_bootstrap_over_split_means,clean
yelpchi,noise_edges_uniform,0.1,mlp,train_clean_eval_all,average_precision,False,non_oracle_controlled_stress,True,0.39937979216947617,0.0,0.39937979216947617,0.39937979216947617,1,3,2,split_bootstrap_over_split_means,scenario
yelpchi,noise_edges_uniform,0.1,mlp,train_clean_eval_all,f1_macro,False,non_oracle_controlled_stress,True,0.6531843309265226,0.0,0.6531843309265226,0.6531843309265226,1,3,2,split_bootstrap_over_split_means,scenario
yelpchi,noise_edges_uniform,0.1,mlp,train_clean_eval_all,roc_auc,False,non_oracle_controlled_stress,True,0.7812706633893618,0.0,0.7812706633893618,0.7812706633893618,1,3,2,split_bootstrap_over_split_means,scenario
yelpchi,noise_edges_uniform,0.1,mlp,train_on_variant,average_precision,False,non_oracle_controlled_stress,True,0.39937979216947617,0.0,0.39937979216947617,0.39937979216947617,1,3,2,split_bootstrap_over_split_means,scenario
yelpchi,noise_edges_uniform,0.1,mlp,train_on_variant,f1_macro,False,non_oracle_controlled_stress,True,0.6531843309265226,0.0,0.6531843309265226,0.6531843309265226,1,3,2,split_bootstrap_over_split_means,scenario
yelpchi,noise_edges_uniform,0.1,mlp,train_on_variant,roc_auc,False,non_oracle_controlled_stress,True,0.7812706633893618,0.0,0.7812706633893618,0.7812706633893618,1,3,2,split_bootstrap_over_split_means,scenario
yelpchi,noise_edges_uniform,0.1,pmp,train_clean_eval_all,average_precision,False,non_oracle_controlled_stress,True,0.5336137088030459,0.0,0.5336137088030459,0.5336137088030459,1,3,2,split_bootstrap_over_split_means,scenario
yelpchi,noise_edges_uniform,0.1,pmp,train_clean_eval_all,f1_macro,False,non_oracle_controlled_stress,True,0.7060612784134691,0.0,0.7060612784134691,0.7060612784134691,1,3,2,split_bootstrap_over_split_means,scenario
yelpchi,noise_edges_uniform,0.1,pmp,train_clean_eval_all,roc_auc,False,non_oracle_controlled_stress,True,0.8392473204208946,0.0,0.8392473204208946,0.8392473204208946,1,3,2,split_bootstrap_over_split_means,scenario
yelpchi,noise_edges_uniform,0.1,pmp,train_on_variant,average_precision,False,non_oracle_controlled_stress,True,0.5362906869903737,0.0,0.5362906869903737,0.5362906869903737,1,3,2,split_bootstrap_over_split_means,scenario
yelpchi,noise_edges_uniform,0.1,pmp,train_on_variant,f1_macro,False,non_oracle_controlled_stress,True,0.7091592609752503,0.0,0.7091592609752503,0.7091592609752503,1,3,2,split_bootstrap_over_split_means,scenario
yelpchi,noise_edges_uniform,0.1,pmp,train_on_variant,roc_auc,False,non_oracle_controlled_stress,True,0.8414178099852992,0.0,0.8414178099852992,0.8414178099852992,1,3,2,split_bootstrap_over_split_means,scenario
yelpchi,noise_edges_uniform,0.1,sage,train_clean_eval_all,average_precision,False,non_oracle_controlled_stress,True,0.4218193719821681,0.0,0.4218193719821681,0.4218193719821681,1,3,2,split_bootstrap_over_split_means,scenario
yelpchi,noise_edges_uniform,0.1,sage,train_clean_eval_all,f1_macro,False,non_oracle_controlled_stress,True,0.6658234360538939,0.0,0.6658234360538939,0.6658234360538939,1,3,2,split_bootstrap_over_split_means,scenario
yelpchi,noise_edges_uniform,0.1,sage,train_clean_eval_all,roc_auc,False,non_oracle_controlled_stress,True,0.7891239959141035,0.0,0.7891239959141035,0.7891239959141035,1,3,2,split_bootstrap_over_split_means,scenario
yelpchi,noise_edges_uniform,0.1,sage,train_on_variant,average_precision,False,non_oracle_controlled_stress,True,0.29471324932779164,0.0,0.29471324932779164,0.29471324932779164,1,3,2,split_bootstrap_over_split_means,scenario
yelpchi,noise_edges_uniform,0.1,sage,train_on_variant,f1_macro,False,non_oracle_controlled_stress,True,0.5995519299077532,0.0,0.5995519299077532,0.5995519299077532,1,3,2,split_bootstrap_over_split_means,scenario
yelpchi,noise_edges_uniform,0.1,sage,train_on_variant,roc_auc,False,non_oracle_controlled_stress,True,0.6947743010827886,0.0,0.6947743010827886,0.6947743010827886,1,3,2,split_bootstrap_over_split_means,scenario
yelpchi,noise_edges_uniform,0.1,secgfd,train_clean_eval_all,average_precision,False,non_oracle_controlled_stress,True,0.4687177373053732,0.0,0.4687177373053732,0.4687177373053732,1,3,2,split_bootstrap_over_split_means,scenario
yelpchi,noise_edges_uniform,0.1,secgfd,train_clean_eval_all,f1_macro,False,non_oracle_controlled_stress,True,0.68875172564042,0.0,0.68875172564042,0.68875172564042,1,3,2,split_bootstrap_over_split_means,scenario
yelpchi,noise_edges_uniform,0.1,secgfd,train_clean_eval_all,roc_auc,False,non_oracle_controlled_stress,True,0.8118175880926538,0.0,0.8118175880926538,0.8118175880926538,1,3,2,split_bootstrap_over_split_means,scenario
yelpchi,noise_edges_uniform,0.1,secgfd,train_on_variant,average_precision,False,non_oracle_controlled_stress,True,0.4741244238493467,0.0,0.4741244238493467,0.4741244238493467,1,3,2,split_bootstrap_over_split_means,scenario
yelpchi,noise_edges_uniform,0.1,secgfd,train_on_variant,f1_macro,False,non_oracle_controlled_stress,True,0.692724432921322,0.0,0.692724432921322,0.692724432921322,1,3,2,split_bootstrap_over_split_means,scenario
yelpchi,noise_edges_uniform,0.1,secgfd,train_on_variant,roc_auc,False,non_oracle_controlled_stress,True,0.8153040259063086,0.0,0.8153040259063086,0.8153040259063086,1,3,2,split_bootstrap_over_split_means,scenario
yelpchi,noise_edges_uniform,0.2,mlp,train_clean_eval_all,average_precision,False,non_oracle_controlled_stress,True,0.39937979216947617,0.0,0.39937979216947617,0.39937979216947617,1,3,2,split_bootstrap_over_split_means,scenario
yelpchi,noise_edges_uniform,0.2,mlp,train_clean_eval_all,f1_macro,False,non_oracle_controlled_stress,True,0.6531843309265226,0.0,0.6531843309265226,0.6531843309265226,1,3,2,split_bootstrap_over_split_means,scenario
yelpchi,noise_edges_uniform,0.2,mlp,train_clean_eval_all,roc_auc,False,non_oracle_controlled_stress,True,0.7812706633893618,0.0,0.7812706633893618,0.7812706633893618,1,3,2,split_bootstrap_over_split_means,scenario
yelpchi,noise_edges_uniform,0.2,mlp,train_on_variant,average_precision,False,non_oracle_controlled_stress,True,0.39937979216947617,0.0,0.39937979216947617,0.39937979216947617,1,3,2,split_bootstrap_over_split_means,scenario
yelpchi,noise_edges_uniform,0.2,mlp,train_on_variant,f1_macro,False,non_oracle_controlled_stress,True,0.6531843309265226,0.0,0.6531843309265226,0.6531843309265226,1,3,2,split_bootstrap_over_split_means,scenario
yelpchi,noise_edges_uniform,0.2,mlp,train_on_variant,roc_auc,False,non_oracle_controlled_stress,True,0.7812706633893618,0.0,0.7812706633893618,0.7812706633893618,1,3,2,split_bootstrap_over_split_means,scenario
yelpchi,noise_edges_uniform,0.2,pmp,train_clean_eval_all,average_precision,False,non_oracle_controlled_stress,True,0.5178104655013965,0.0,0.5178104655013965,0.5178104655013965,1,3,2,split_bootstrap_over_split_means,scenario
yelpchi,noise_edges_uniform,0.2,pmp,train_clean_eval_all,f1_macro,False,non_oracle_controlled_stress,True,0.7010917824084179,0.0,0.7010917824084179,0.7010917824084179,1,3,2,split_bootstrap_over_split_means,scenario
yelpchi,noise_edges_uniform,0.2,pmp,train_clean_eval_all,roc_auc,False,non_oracle_controlled_stress,True,0.8331443119520888,0.0,0.8331443119520888,0.8331443119520888,1,3,2,split_bootstrap_over_split_means,scenario
yelpchi,noise_edges_uniform,0.2,pmp,train_on_variant,average_precision,False,non_oracle_controlled_stress,True,0.5227719824513809,0.0,0.5227719824513809,0.5227719824513809,1,3,2,split_bootstrap_over_split_means,scenario
yelpchi,noise_edges_uniform,0.2,pmp,train_on_variant,f1_macro,False,non_oracle_controlled_stress,True,0.7087632848419513,0.0,0.7087632848419513,0.7087632848419513,1,3,2,split_bootstrap_over_split_means,scenario
yelpchi,noise_edges_uniform,0.2,pmp,train_on_variant,roc_auc,False,non_oracle_controlled_stress,True,0.8376276461524507,0.0,0.8376276461524507,0.8376276461524507,1,3,2,split_bootstrap_over_split_means,scenario
yelpchi,noise_edges_uniform,0.2,sage,train_clean_eval_all,average_precision,False,non_oracle_controlled_stress,True,0.4185808171619915,0.0,0.4185808171619915,0.4185808171619915,1,3,2,split_bootstrap_over_split_means,scenario
yelpchi,noise_edges_uniform,0.2,sage,train_clean_eval_all,f1_macro,False,non_oracle_controlled_stress,True,0.6642600376324134,0.0,0.6642600376324134,0.6642600376324134,1,3,2,split_bootstrap_over_split_means,scenario
yelpchi,noise_edges_uniform,0.2,sage,train_clean_eval_all,roc_auc,False,non_oracle_controlled_stress,True,0.7877402237118178,0.0,0.7877402237118178,0.7877402237118178,1,3,2,split_bootstrap_over_split_means,scenario
yelpchi,noise_edges_uniform,0.2,sage,train_on_variant,average_precision,False,non_oracle_controlled_stress,True,0.29734903006873825,0.0,0.29734903006873825,0.29734903006873825,1,3,2,split_bootstrap_over_split_means,scenario
yelpchi,noise_edges_uniform,0.2,sage,train_on_variant,f1_macro,False,non_oracle_controlled_stress,True,0.6021319559351259,0.0,0.6021319559351259,0.6021319559351259,1,3,2,split_bootstrap_over_split_means,scenario
yelpchi,noise_edges_uniform,0.2,sage,train_on_variant,roc_auc,False,non_oracle_controlled_stress,True,0.6947155265430188,0.0,0.6947155265430188,0.6947155265430188,1,3,2,split_bootstrap_over_split_means,scenario
yelpchi,noise_edges_uniform,0.2,secgfd,train_clean_eval_all,average_precision,False,non_oracle_controlled_stress,True,0.4650594413228368,0.0,0.4650594413228368,0.4650594413228368,1,3,2,split_bootstrap_over_split_means,scenario
yelpchi,noise_edges_uniform,0.2,secgfd,train_clean_eval_all,f1_macro,False,non_oracle_controlled_stress,True,0.6872208156632357,0.0,0.6872208156632357,0.6872208156632357,1,3,2,split_bootstrap_over_split_means,scenario
yelpchi,noise_edges_uniform,0.2,secgfd,train_clean_eval_all,roc_auc,False,non_oracle_controlled_stress,True,0.8104065564930476,0.0,0.8104065564930476,0.8104065564930476,1,3,2,split_bootstrap_over_split_means,scenario
yelpchi,noise_edges_uniform,0.2,secgfd,train_on_variant,average_precision,False,non_oracle_controlled_stress,True,0.4782749728236153,0.0,0.4782749728236153,0.4782749728236153,1,3,2,split_bootstrap_over_split_means,scenario
yelpchi,noise_edges_uniform,0.2,secgfd,train_on_variant,f1_macro,False,non_oracle_controlled_stress,True,0.6929278677698546,0.0,0.6929278677698546,0.6929278677698546,1,3,2,split_bootstrap_over_split_means,scenario
yelpchi,noise_edges_uniform,0.2,secgfd,train_on_variant,roc_auc,False,non_oracle_controlled_stress,True,0.8173073027982986,0.0,0.8173073027982986,0.8173073027982986,1,3,2,split_bootstrap_over_split_means,scenario
